,gyro_x,gyro_y,gyro_z,accel_x,accel_y,accel_z,pressure,temperature,lat,lon,alt,vel_n_m_s,vel_e_m_s,vel_d_m_s,mag_x,mag_y,mag_z
0,-0.0058589545,0.008522116,-0.0026631611,0.11731588,-0.04070143,-9.856929,956.0116,11.832275,473977508,85456073,488180,0.0,0.0,-0.02,0.0061852043,-0.2112755,0.427073
1,0.0026631611,-0.002130529,0.002130529,0.062249243,-0.02633622,-9.797073,956.0116,11.832275,473977508,85456073,488171,0.0,0.0,-0.01,0.0054340814,-0.21472013,0.4293667
2,0.0037284256,-0.0005326322,-0.0010652645,0.079008654,-0.019153614,-9.813833,956.0446,11.832275,473977508,85456073,488171,0.0,0.01,-0.02,0.00636233,-0.21246375,0.4336279
3,0.0010652645,0.0053263223,-0.004261058,0.074220255,-0.011971008,-9.792285,956.03046,11.832275,473977508,85456073,488179,-0.01,-0.01,-0.01,0.010232455,-0.20972972,0.42906934
4,0.0005326322,0.0,-0.0015978967,0.02873042,0.10534488,-9.809045,956.03516,11.832275,473977508,85456073,488170,0.01,0.0,0.02,0.0041297134,-0.21718568,0.42540106
5,-0.0010652645,0.0005326322,0.0026631611,0.079008654,-0.035913024,-9.809045,956.0316,11.832275,473977508,85456073,488174,0.0,0.0,-0.01,0.0013958489,-0.21654,0.43118155
6,-0.0005326322,0.0010652645,0.0031957934,0.12449849,-0.076614454,-9.742006,956.02716,11.832275,473977508,85456072,488160,-0.02,0.01,-0.03,0.006004423,-0.2159472,0.4273913
7,0.0,-0.0010652645,0.0031957934,0.24899697,-0.045489833,-9.749189,956.0308,11.832275,473977508,85456073,488165,0.01,-0.02,0.01,0.0015030492,-0.21322598,0.42820808
8,-0.0005326322,0.0010652645,0.0,0.0,-0.055066638,-9.7563715,956.03796,11.832275,473977507,85456073,488178,0.0,0.0,0.0,-9.316915e-06,-0.21964043,0.43313596
9,-0.0010652645,0.0,-0.0031957934,0.12928689,0.021547815,-9.818622,956.0243,11.832275,473977508,85456073,488173,0.01,0.0,0.01,0.010026341,-0.21321589,0.42237806
10,0.0026631611,-0.0015978967,-0.0031957934,0.074220255,-0.04070143,-9.842564,956.0243,11.832275,473977508,85456073,488178,-0.01,0.0,-0.01,0.0035404155,-0.21966597,0.4294636
11,-0.0010652645,0.002130529,-0.0058589545,0.08140286,-0.04070143,-9.768343,956.01904,11.832275,473977508,85456073,488176,0.02,0.0,-0.02,0.012601153,-0.22094166,0.4291458
12,-0.0015978967,-0.006924219,-0.0031957934,0.15083471,-0.04309563,-9.825804,956.0281,11.832275,473977508,85456072,488167,0.0,0.0,-0.01,0.010281042,-0.21632117,0.4248164
13,-0.0005326322,-0.002130529,0.0037284256,0.08619126,0.023942016,-9.787497,956.0281,11.832275,473977508,85456072,488168,0.0,0.0,0.0,0.003722035,-0.21615638,0.4307957
14,-0.002130529,-0.0058589545,-0.0031957934,0.15083471,0.055066638,-9.720459,956.0236,11.832275,473977508,85456072,488173,-0.01,-0.01,-0.049999997,0.0036994587,-0.21681269,0.43246323
15,-0.0058589545,0.0026631611,0.0053263223,0.110133275,0.021547815,-9.706094,956.035,11.832275,473977508,85456073,488168,-0.01,0.0,0.0,0.007832103,-0.22112852,0.4270057
16,0.0015978967,0.004261058,0.0026631611,0.10055647,-0.019153614,-9.809045,956.035,11.832275,473977508,85456073,488166,0.02,0.0,-0.03,0.010500045,-0.21801154,0.42944342
17,0.0005326322,0.0010652645,0.0026631611,0.1340753,-0.01436521,-9.679757,956.01746,11.832275,473977508,85456073,488174,0.0,0.0,-0.03,0.0053549334,-0.21629539,0.42250434
18,0.0,0.0,-0.002130529,0.08379706,-0.05746084,-9.768343,956.0456,11.832275,473977508,85456073,488168,0.0,0.0,-0.01,0.009370683,-0.21870832,0.42687845
19,-0.002130529,0.0015978967,-0.0005326322,0.18914193,0.05267244,-9.818622,956.0208,11.832275,473977508,85456073,488176,0.02,0.01,0.0,0.002209769,-0.21897703,0.4292789
20,-0.002130529,-0.0026631611,-0.00479369,0.05267244,-0.045489833,-9.710882,956.0371,11.832275,473977508,85456072,488173,0.01,0.02,-0.01,0.006546787,-0.21081987,0.42615193
21,-0.0010652645,-0.0026631611,0.0010652645,0.1412579,-0.031124622,-9.797073,956.02747,11.832275,473977508,85456073,488163,0.0,-0.01,0.03,0.0066683353,-0.21432602,0.4311337
22,-0.004261058,0.0005326322,0.0037284256,0.079008654,0.021547815,-9.794679,956.03754,11.832275,473977508,85456072,488174,0.0,-0.01,-0.02,0.006966125,-0.21358573,0.42786837
23,0.0005326322,0.0015978967,0.0026631611,0.06703765,-0.095768064,-9.830592,956.01575,11.832275,473977508,85456073,488173,0.0,0.0,0.04,0.011881739,-0.21690105,0.4397437
24,0.0053263223,-0.002130529,0.0,0.23223756,0.023942016,-9.715671,956.0267,11.832275,473977509,85456072,488160,0.0,0.02,0.01,0.009727782,-0.21733598,0.42811355
25,0.0026631611,-0.0005326322,-0.0015978967,0.08619126,-0.04309563,-9.840169,956.0267,11.832275,473977508,85456073,488175,0.0,0.0,-0.04,0.01005829,-0.21322758,0.42808238
26,-0.0026631611,-0.004261058,-0.0026631611,0.15322891,-0.076614454,-9.660604,956.0405,11.832275,473977508,85456073,488168,0.0,0.0,0.01,0.006226114,-0.2141745,0.42494893
27,-0.0005326322,0.0010652645,-0.007456851,0.1412579,-0.04309563,-9.734824,956.0342,11.832275,473977508,85456073,488177,0.0,0.01,0.06,0.00894941,-0.2162238,0.4289856
28,0.0,-0.0031957934,0.007456851,0.019153614,-0.04070143,-9.715671,956.01373,11.832275,473977508,85456073,488170,0.0,0.01,0.02,0.01133499,-0.21200714,0.42348683
29,-0.0015978967,0.0026631611,0.0,0.10295067,0.0047884034,-9.818622,956.0077,11.832275,473977508,85456073,488161,-0.01,0.0,-0.04,0.0006894482,-0.21592787,0.43019515
30,-0.00479369,0.0,0.0031957934,0.035913024,-0.02633622,-9.7803135,956.03613,11.832275,473977508,85456073,488157,0.02,-0.01,0.01,0.006050765,-0.21099545,0.4281643
31,0.0,-0.0026631611,-0.0037284256,0.076614454,-0.076614454,-9.797073,956.03613,11.832275,473977508,85456073,488164,0.01,0.0,0.01,0.0027629137,-0.21329889,0.42779726
32,-0.0058589545,0.0015978967,-0.0015978967,0.038307227,-0.02873042,-9.7324295,956.0302,11.832275,473977508,85456073,488169,0.0,0.01,0.03,0.013143989,-0.21249624,0.43997025
33,-0.0026631611,0.0010652645,-0.0010652645,0.02873042,-0.074220255,-9.797073,956.0437,11.832275,473977508,85456072,488170,0.0,0.0,0.03,0.007921037,-0.21983173,0.43269345
34,-0.0010652645,0.007989483,0.0005326322,0.06464344,-0.050278235,-9.646238,956.0437,11.832275,473977508,85456073,488168,0.0,0.0,0.0,0.0071182717,-0.21332629,0.42587307
35,0.0015978967,-0.0058589545,-0.0026631611,0.1364695,-0.023942016,-9.694122,956.03973,11.832275,473977508,85456073,488182,0.0,-0.01,-0.07,0.0061883046,-0.21543752,0.43039274
36,-0.0037284256,0.0063915867,-0.0031957934,0.059855044,0.01436521,-9.7324295,956.03613,11.832275,473977508,85456073,488176,-0.01,0.0,-0.01,0.0064115287,-0.21500665,0.4282415
37,-0.004261058,-0.0010652645,0.0026631611,0.016759412,0.035913024,-9.655815,956.03613,11.832275,473977508,85456073,488165,-0.01,0.0,-0.03,0.0019796959,-0.21626759,0.42624903
38,0.0010652645,-0.007989483,-0.008522116,0.007182605,-0.047884032,-9.758766,956.0269,11.832275,473977508,85456073,488180,-0.01,0.0,0.0,0.0057552494,-0.22221117,0.43127197
39,-0.0005326322,0.0005326322,0.0015978967,0.1388637,-0.050278235,-9.667787,956.0371,11.832275,473977508,85456072,488178,-0.01,0.0,-0.01,0.01198085,-0.21692468,0.4258199
40,0.0053263223,-0.0015978967,-0.0031957934,0.076614454,-0.062249243,-9.682152,956.023,11.832275,473977508,85456073,488166,0.0,-0.01,0.01,0.006054916,-0.2170322,0.43505597
41,0.0010652645,0.0031957934,0.0,0.011971008,-0.02633622,-9.765948,956.02704,11.832275,473977508,85456073,488165,0.01,-0.01,-0.02,0.006017205,-0.21896921,0.43008628
42,0.0010652645,-0.0031957934,0.006924219,0.02633622,-0.107739076,-9.665392,956.03015,11.832275,473977508,85456073,488164,0.0,0.01,-0.02,0.0034235213,-0.22278449,0.43081766
43,0.0015978967,0.0058589545,0.0005326322,0.076614454,-0.011971008,-9.64145,956.03015,11.832275,473977508,85456073,488164,0.0,-0.01,0.0,0.008068485,-0.21758862,0.4286168
44,0.0031957934,-0.0026631611,0.0015978967,0.076614454,-0.10055647,-9.674969,956.01843,11.832275,473977508,85456072,488177,0.0,-0.04,-0.03,0.0014865402,-0.2158824,0.4245282
45,0.0037284256,0.0,-0.0015978967,0.033518825,-0.021547815,-9.629479,956.01886,11.832275,473977508,85456073,488165,0.01,0.0,0.0,0.008935645,-0.21167794,0.42600712
46,0.0026631611,-0.0015978967,0.0015978967,0.035913024,0.016759412,-9.715671,956.01886,11.832275,473977508,85456073,488172,0.0,0.0,0.01,0.0016229587,-0.2156921,0.4242985
47,-0.0026631611,-0.0031957934,-0.0010652645,0.05267244,-0.095768064,-9.710882,956.03406,11.832275,473977508,85456073,488170,0.0,-0.02,0.0,0.009447027,-0.21371873,0.42449126
48,-0.0037284256,0.0015978967,-0.004261058,0.110133275,-0.076614454,-9.660604,956.0363,11.832275,473977508,85456073,488183,0.01,0.0,0.0,0.0047211433,-0.21762441,0.42650512
49,0.0026631611,0.0,-0.0031957934,0.055066638,0.02873042,-9.744401,956.0392,11.832275,473977508,85456073,488180,0.02,0.01,-0.01,0.004732726,-0.2144767,0.4339263
50,0.004261058,0.0031957934,-0.0026631611,0.10534488,0.019153614,-9.634268,956.0135,11.832275,473977508,85456073,488175,-0.02,0.0,-0.01,0.007590863,-0.2154497,0.43084186
51,-0.0005326322,-0.0031957934,-0.0031957934,0.011971008,-0.050278235,-9.718064,956.0293,11.832275,473977508,85456073,488175,-0.01,0.0,0.0,0.004034596,-0.22159746,0.429972
52,-0.0058589545,-0.0015978967,0.002130529,0.007182605,-0.047884032,-9.639056,956.008,11.832275,473977508,85456073,488177,-0.01,0.02,0.0,0.009743559,-0.21440972,0.43214628
53,0.002130529,-0.0010652645,-0.007456851,0.035913024,-0.088585466,-9.622296,956.0113,11.832275,473977508,85456072,488169,0.0,0.01,0.01,0.0001897207,-0.21894857,0.4344292
54,0.0,-0.0031957934,0.0031957934,-0.009576807,-0.01436521,-9.667787,956.01013,11.832275,473977508,85456073,488166,0.01,0.0,-0.01,-0.0006039165,-0.21899612,0.43292025
55,-0.0010652645,-0.0015978967,0.007456851,0.02633622,0.0047884034,-9.636662,956.01013,11.832275,473977508,85456072,488174,-0.01,0.0,0.0,0.009284918,-0.2190202,0.4311023
56,-0.0015978967,0.0,0.006924219,0.062249243,-0.045489833,-9.694122,956.02625,11.832275,473977508,85456073,488175,0.01,0.0,0.02,0.0035995012,-0.21837318,0.42875078
57,0.0037284256,-0.0005326322,0.0005326322,-0.07182605,0.05267244,-9.624691,956.02026,11.832275,473977508,85456074,488176,0.0,0.0,0.0,0.0054894662,-0.21395387,0.4295382
58,-0.0031957934,-0.0037284256,0.0053263223,0.0,-0.01436521,-9.6845455,956.02026,11.832275,473977508,85456073,488168,-0.01,0.0,0.02,0.002595173,-0.21847525,0.42715755
59,0.0010652645,0.0,-0.002130529,0.016759412,-0.05267244,-9.667787,956.0207,11.832275,473977508,85456073,488170,0.0,0.0,0.0,0.003144334,-0.21644267,0.42704916
60,-0.0063915867,-0.0010652645,-0.00479369,0.02873042,-0.01436521,-9.648633,956.0152,11.832275,473977508,85456073,488181,0.0,0.0,-0.02,0.0013745556,-0.2084264,0.4263997
61,0.002130529,0.0037284256,0.0037284256,0.05267244,-0.093373865,-9.646238,956.0267,11.832275,473977508,85456073,488174,0.0,0.0,0.02,0.012034142,-0.22516179,0.42870542
62,0.0,0.007989483,-0.0058589545,-0.007182605,-0.11492168,-9.715671,956.0152,11.832275,473977508,85456073,488167,0.0,-0.01,0.01,0.00043798296,-0.21826287,0.42611465
63,-0.0005326322,0.0053263223,0.0015978967,0.047884032,-0.047884032,-9.603143,956.03,11.832275,473977508,85456073,488168,0.0,0.0,0.0,0.0034517953,-0.20917751,0.42748058
64,-0.008522116,0.0037284256,-0.002130529,0.016759412,-0.047884032,-9.651027,956.03,11.832275,473977508,85456073,488164,0.0,0.0,-0.01,0.005966548,-0.21426854,0.43233797
65,0.0,0.0010652645,0.0,0.08140286,-0.02873042,-9.667787,956.0297,11.832275,473977508,85456072,488167,-0.02,0.01,0.01,-0.0009168308,-0.2171789,0.43632206
66,0.0026631611,-0.004261058,-0.0026631611,0.06943185,-0.02633622,-9.694122,956.03625,11.832275,473977508,85456073,488173,0.0,0.01,0.0,0.0045925085,-0.21924694,0.42521927
67,-0.0015978967,-0.002130529,-0.0005326322,0.01436521,-0.062249243,-9.703699,956.0478,11.832275,473977508,85456073,488181,0.0,-0.02,0.0,0.007914391,-0.21457274,0.43018842
68,-0.0015978967,0.0015978967,0.0,0.02633622,0.050278235,-9.7084875,956.02136,11.832275,473977508,85456073,488182,0.02,-0.01,-0.01,0.00239232,-0.21748737,0.43346843
69,-0.0063915867,0.0010652645,-0.0015978967,0.050278235,-0.06943185,-9.672575,956.0375,11.832275,473977508,85456073,488176,0.0,0.0,0.01,0.003874587,-0.21480718,0.43197507
70,-0.0010652645,-0.0063915867,-0.002130529,0.009576807,-0.076614454,-9.701305,956.05786,11.832275,473977508,85456073,488177,0.02,0.01,-0.01,0.0026664934,-0.22192618,0.4269196
71,-0.002130529,-0.0015978967,0.0010652645,0.011971008,-0.11971009,-9.679757,956.0246,11.832275,473977508,85456073,488175,0.0,-0.01,-0.04,0.008446436,-0.22024146,0.42508608
72,0.0063915867,0.0031957934,-0.0010652645,2.0446482,-0.11492168,-9.674969,956.0241,11.832275,473977508,85456074,488168,0.0,-0.01,-0.02,0.006117905,-0.21316548,0.43383616
73,0.013315806,0.043675844,-0.03834952,21.121647,0.04070143,-11.887212,956.0336,11.831879,473977507,85456529,488188,-0.12,11.74,-0.089999996,0.015070925,-0.21703273,0.43067503
74,0.0015978967,0.101200126,-0.0010652645,3.2609026,-0.1388637,-11.264719,955.5827,11.807892,473977485,85458321,489752,-0.32,17.97,-4.7,-0.10072138,-0.21527481,0.41612044
75,-0.004261058,-0.0053263223,0.007456851,-0.33758244,0.009576807,-8.884883,954.80896,11.764465,473977446,85461197,497180,-0.39,18.15,-6.8199997,-0.12701719,-0.21910578,0.4136306
76,0.0037284256,-0.054328486,-0.011185277,-1.328782,-0.019153614,-8.149862,954.14734,11.726532,473977418,85463059,502374,-0.35,16.1,-5.7,-0.10687933,-0.21263407,0.41600868
77,0.006924219,-0.03355583,0.0031957934,0.4333505,-0.08140286,-8.939949,953.6828,11.700256,473977386,85465311,507781,-0.26999998,12.559999,-3.55,-0.0957454,-0.21403123,0.42312494
78,0.7302388,0.05965481,0.55606806,1.0462662,0.6799533,-10.637438,953.3206,11.680176,473977364,85466592,510385,-0.35,11.49,-2.97,-0.108643144,-0.07449051,0.4606689
79,0.018642128,0.304133,0.41225734,2.123657,-0.29688102,-10.656591,952.9949,11.661224,473977118,85468268,513946,-5.37,9.0,-2.9199998,-0.2143002,0.093912706,0.41708657
80,-0.120907515,0.4745753,0.4910869,2.0733786,-0.45968673,-12.330139,952.7287,11.644897,473976577,85469054,516044,-9.4,5.2,-2.44,-0.28714022,0.20223726,0.32266647
81,-0.14807177,0.5161206,0.54275227,1.9273324,-0.35673606,-12.830527,952.4485,11.629944,473975429,85469144,518822,-10.469999,-4.33,-2.23,-0.27962276,0.32998815,0.20682752
82,-0.1571265,0.5368933,0.52837116,1.8052281,-0.51235914,-13.244724,952.4485,11.629944,473974805,85468356,520648,-6.16,-9.91,-2.28,-0.16443388,0.42303297,0.14236628
83,-0.20133498,0.4889564,0.49534798,1.7022774,-0.6368576,-12.938266,951.9206,11.599518,473974693,85466529,523478,4.27,-11.34,-2.46,-0.016455393,0.45031598,0.16495924
84,-0.21198763,0.39041942,0.45167214,1.6208745,-0.6727707,-12.287044,951.6274,11.582916,473975222,85465499,525496,9.849999,-7.4199996,-2.54,0.094523214,0.37566376,0.27848974
85,0.13209279,0.029294772,0.9353022,2.1667526,0.011971008,-7.5106106,951.6274,11.582916,473976487,85464974,528667,12.59,0.65,-2.48,0.19651829,0.28357476,0.3405242
86,0.040480047,0.5203817,0.54914385,0.90261406,-0.19393034,-14.31972,951.2906,11.562195,473977427,85465288,529516,12.55,6.16,-0.48,0.17263591,0.21699888,0.4014442
87,-0.17417073,0.47191215,0.38296258,0.7685388,-0.6440403,-14.324509,951.13837,11.555145,473978414,85467034,530483,4.16,14.599999,-1.43,0.008251446,0.14447659,0.457994
88,-0.39148468,0.18535602,0.25726137,1.115698,-1.0127473,-11.6669445,951.13837,11.555145,473978446,85468655,531997,-2.9199998,15.0199995,-2.31,-0.12807313,0.03296944,0.4622542
89,-0.32756883,-0.14487597,0.082558,0.33518824,-0.533907,-7.5848308,950.60675,11.523621,473977815,85470861,535238,-7.43,12.67,-2.3,-0.12638119,-0.11353411,0.4508266
90,-0.1571265,-0.053795855,-0.021837922,-0.095768064,-0.33997664,-8.908825,950.47253,11.516663,473977255,85472191,536441,-7.77,12.32,-0.9,-0.09084684,-0.20327976,0.4295653
91,-0.034088463,0.0,-0.06764429,-0.30885202,-0.25139117,-9.634268,950.4504,11.514832,473976445,85474191,536969,-7.02,12.92,-0.21,-0.07365984,-0.25288755,0.40233055
92,0.022370555,0.009054748,-0.07084008,-0.39743748,0.021547815,-9.727641,950.4382,11.513824,473975968,85475605,537105,-6.12,13.46,-0.12,-0.055233553,-0.25441152,0.40096134
93,0.043675844,-0.0010652645,-0.056459017,-0.35194764,0.031124622,-9.634268,950.3994,11.512695,473975381,85477799,537300,-4.83,13.98,-0.16,-0.04449959,-0.23914719,0.4089008
94,0.03089267,-0.0063915867,-0.03089267,-0.49081135,-0.035913024,-9.543288,950.3994,11.512695,473975051,85479305,537436,-4.31,14.15,-0.14,-0.03485331,-0.23346956,0.41955164
95,0.025033714,0.0005326322,-0.017576864,-0.47884035,-0.02873042,-9.646238,950.358,11.510925,473974610,85481565,537594,-3.9399998,14.219999,-0.049999997,-0.03439313,-0.22185476,0.43670055
96,0.011185277,-0.0026631611,0.002130529,-0.45729253,-0.05746084,-9.61272,950.3507,11.510315,473974330,85483088,537663,-3.84,14.2,-0.08,-0.029371047,-0.21130124,0.4309011
97,0.0058589545,-0.0031957934,0.006924219,-0.48841715,-0.1604115,-9.655815,950.37537,11.509949,473973915,85485351,537754,-3.82,14.2,-0.03,-0.021654483,-0.21284622,0.43295255
98,-0.0005326322,0.00479369,0.004261058,-0.40940848,-0.0023942017,-9.586384,950.35144,11.509674,473973635,85486870,537780,-3.9099998,14.15,-0.02,-0.02780908,-0.20645635,0.42258897
99,-0.18695392,0.0031957934,-0.046339005,-0.5770026,-0.49559975,-9.832987,950.32574,11.509399,473973218,85489129,537826,-3.58,14.25,-0.06,0.0019573863,-0.26483393,0.4060458
100,-0.07563378,0.028229509,-0.13954964,-0.47405192,-0.2681506,-9.871294,950.32574,11.509399,473973009,85490668,537877,-2.05,14.46,-0.02,0.026367648,-0.3205612,0.3557187
101,0.030360037,0.055926383,-0.1486044,-0.5626374,-0.035913024,-9.983821,950.356,11.509277,473972961,85492992,537879,1.2099999,14.599999,0.06,0.05505519,-0.32351676,0.34870017
102,0.084155895,0.0314253,-0.12942964,-0.46208093,0.090979666,-9.885659,950.3552,11.50946,473973126,85494543,537839,3.24,14.32,0.02,0.08275639,-0.29392463,0.37410092
103,0.08894958,0.008522116,-0.08468852,-0.50278234,0.10055647,-9.696517,950.3259,11.509277,473973599,85496772,537860,5.2599998,13.67,0.0,0.10303541,-0.25634065,0.3952509
104,0.050600063,-0.002130529,-0.036218993,-0.51954174,0.045489833,-9.64145,950.31287,11.508789,473974010,85498219,537894,5.95,13.349999,-0.04,0.10825785,-0.21897423,0.4113789
105,0.0314253,0.0031957934,-0.009054748,-0.50517654,-0.04309563,-9.548077,950.3215,11.508453,473974680,85500321,537978,6.37,13.099999,-0.07,0.1238931,-0.19392034,0.4196724
106,0.009054748,-0.0015978967,0.0005326322,-0.58657944,-0.08619126,-9.655815,950.3215,11.508453,473975145,85501726,537994,6.42,13.11,-0.06,0.12440729,-0.18660845,0.42321613
107,0.002130529,-0.0010652645,0.010652645,-0.5434838,-0.06703765,-9.615114,950.32764,11.508331,473975835,85503817,538005,6.35,13.139999,0.01,0.12780635,-0.18562132,0.42298344
108,-0.0026631611,0.0,0.0010652645,-0.40701428,-0.06943185,-9.68694,950.31854,11.508331,473976294,85505225,538006,6.29,13.16,0.03,0.12410319,-0.18960118,0.42638975
109,-0.0063915867,0.0037284256,0.002130529,-0.60812724,-0.019153614,-9.64145,950.3331,11.508362,473976970,85507326,537997,6.24,13.21,0.0,0.12319975,-0.19139285,0.42517027
110,-0.002130529,-0.0026631611,0.004261058,-0.5482722,0.007182605,-9.588778,950.3278,11.508087,473977422,85508739,538033,6.18,13.179999,-0.06,0.12692446,-0.18879992,0.42447534
111,0.0053263223,0.0015978967,-0.0005326322,-0.46686932,-0.031124622,-9.689334,950.34357,11.507935,473978092,85510838,538062,6.22,13.16,0.01,0.122398585,-0.18771534,0.42095178
112,0.2050634,0.011717909,0.14114754,-0.5506664,0.4285621,-9.7563715,950.3045,11.507782,473978542,85512249,538076,6.21,13.2,-0.049999997,0.10717106,-0.16676134,0.44056115
113,0.1272991,0.036218993,0.17097494,-0.49559975,0.23463176,-9.947908,950.29474,11.507355,473979138,85514391,538148,4.41,13.809999,-0.04,0.09299108,-0.08990178,0.4601542
114,-0.004261058,0.053795855,0.18109496,-0.48602295,-0.076614454,-10.120291,950.32263,11.507507,473979377,85515903,538158,2.11,14.349999,0.04,0.044891838,-0.07686032,0.4721389
115,-0.0777643,0.04261058,0.15020229,-0.48841715,-0.18195933,-9.988609,950.32263,11.507507,473979412,85518218,538071,-1.35,14.54,0.12,0.002506071,-0.1031356,0.470549
116,-0.092145376,0.019707393,0.108124346,-0.46208093,-0.23942018,-9.830592,950.32153,11.508026,473979246,85519763,538046,-3.1,14.299999,0.0,-0.02469918,-0.141411,0.46058545
117,-0.06870956,0.0053263223,0.05273059,-0.50517654,-0.17717093,-9.67018,950.3175,11.507629,473978818,85522002,538098,-4.5699997,13.849999,-0.07,-0.037721477,-0.17568266,0.44755307
118,-0.03568636,-0.0037284256,0.015978966,-0.62728083,-0.1436521,-9.531317,950.3083,11.507141,473978469,85523473,538176,-4.96,13.639999,-0.08,-0.04163363,-0.19999537,0.43931335
119,-0.011185277,-0.0058589545,0.00479369,-0.51714754,0.0047884034,-9.646238,950.3131,11.50708,473977924,85525642,538209,-5.08,13.61,0.0,-0.04199763,-0.2032714,0.4362624
120,0.0,-0.0026631611,-0.00479369,-0.48123455,-0.007182605,-9.677363,950.31836,11.506958,473977555,85527100,538220,-5.04,13.599999,-0.01,-0.044344485,-0.21209759,0.42801446
121,0.007989483,0.0053263223,-0.00958738,-0.56982,-0.06943185,-9.7084875,950.3115,11.506989,473977016,85529271,538215,-4.97,13.62,0.0,-0.034820892,-0.20314483,0.42687714
122,0.0031957934,-0.0031957934,-0.0010652645,-0.545878,-0.038307227,-9.742006,950.3204,11.507111,473976659,85530732,538211,-4.92,13.65,0.0,-0.041441854,-0.20807107,0.42914104
123,0.0,-0.0010652645,-0.00479369,-0.5315128,-0.02873042,-9.55047,950.3053,11.507172,473976130,85532908,538201,-4.89,13.639999,-0.01,-0.03642269,-0.20876974,0.4296714
124,0.0010652645,0.0005326322,0.0,-0.46447513,-0.079008654,-9.682152,950.3053,11.507172,473975776,85534369,538175,-4.89,13.65,0.04,-0.03916973,-0.20326133,0.4321373
125,-0.0005326322,-0.0015978967,0.0026631611,-0.5243302,-0.055066638,-9.64145,950.30286,11.507507,473975249,85536546,538142,-4.92,13.66,0.02,-0.038918372,-0.212268,0.434753
126,-0.0026631611,0.0026631611,-0.0010652645,-0.50038815,0.02633622,-9.682152,950.30273,11.507629,473974896,85538002,538129,-4.89,13.66,-0.03,-0.039822195,-0.2003434,0.43285286
127,-0.2247708,0.0053263223,-0.12144015,-0.5626374,-0.51235914,-9.909601,950.3062,11.50766,473974366,85540190,538105,-4.79,13.7,0.0,-0.02103445,-0.25415683,0.4088485
128,-0.14168017,0.056991648,-0.18322548,-0.59615624,-0.36391866,-10.168175,950.31476,11.507416,473974065,85541668,538143,-3.37,14.07,-0.06,0.00017036966,-0.33527732,0.35191587
129,0.0005326322,0.082558,-0.20240025,-0.48602295,-0.007182605,-10.096349,950.3126,11.507629,473973903,85543958,538134,0.55,14.429999,0.08,0.048483234,-0.35230312,0.31578913
130,0.080960095,0.061252706,-0.17417073,-0.51235914,0.1412579,-10.120291,950.3126,11.507629,473974045,85545486,538063,3.3,14.12,0.089999996,0.09139175,-0.31631425,0.3472214
131,0.10279802,0.03355583,-0.11824436,-0.51475334,0.18435353,-9.923966,950.3086,11.508453,473974579,85547672,537980,6.29,13.17,0.02,0.111735776,-0.2699047,0.38236845
132,0.076166406,-0.0063915867,-0.061252706,-0.5434838,0.23702596,-9.646238,950.33325,11.507874,473975075,85549040,538037,7.3399997,12.5199995,-0.12,0.13741253,-0.2211126,0.40993905
133,0.04527374,0.0,-0.02876214,-0.50757074,0.035913024,-9.583989,950.32367,11.507477,473975912,85551002,538137,7.99,12.08,-0.07,0.1467379,-0.19430718,0.420285
134,0.019707393,0.0026631611,-0.0053263223,-0.49320555,0.033518825,-9.624691,950.317,11.507324,473976495,85552284,538152,8.099999,12.0,0.0,0.15294167,-0.1755191,0.42042658
135,0.00958738,-0.0010652645,0.006924219,-0.5722142,-0.02873042,-9.672575,950.3154,11.507355,473977372,85554203,538159,8.09,12.03,0.049999997,0.15550223,-0.17124414,0.4279368
136,-0.0010652645,0.0,-0.0005326322,-0.51475334,-0.0047884034,-9.662998,950.3081,11.507446,473977954,85555488,538149,8.05,12.099999,0.0,0.15070005,-0.17081662,0.423609
137,-0.007456851,-0.007456851,0.0031957934,-0.56982,-0.1364695,-9.583989,950.30383,11.507324,473978819,85557427,538157,7.96,12.139999,-0.049999997,0.14989647,-0.1704208,0.4275575
138,0.22956449,0.010120012,0.026631612,-0.5267244,0.44532153,-9.9550905,950.30835,11.507141,473979391,85558721,538172,7.83,12.179999,-0.03,0.12943104,-0.1230153,0.4451165
139,0.113983296,0.06498113,0.165116,-0.61052144,0.15322891,-10.072407,950.30835,11.507141,473980127,85560757,538224,5.37,13.38,-0.02,0.10696268,-0.052128512,0.46532878
140,-0.026631612,0.07669904,0.19973709,-0.46926352,-0.06464344,-10.196905,950.3181,11.507568,473980418,85562235,538172,2.6299999,14.24,0.04,0.059281897,-0.0468309,0.47349876
141,-0.09321064,0.05273059,0.1555286,-0.5386954,-0.16519992,-10.079589,950.32733,11.508331,473980476,85564553,538026,-1.37,14.549999,0.11,0.008455133,-0.08898774,0.47027478
142,-0.09960223,0.021837922,0.10759171,-0.49320555,-0.22984336,-9.945514,950.32733,11.508331,473980301,85566089,537990,-3.32,14.219999,-0.04,-0.026337689,-0.13951418,0.4612154
143,-0.07084008,-0.002130529,0.04580637,-0.49799395,-0.17238252,-9.610326,950.3218,11.507477,473979848,85568316,538114,-4.79,13.69,-0.07,-0.04375285,-0.18081918,0.4490471
144,-0.029827405,-0.0010652645,0.017044231,-0.5650316,-0.011971008,-9.555259,950.30206,11.5069275,473979486,85569766,538199,-5.16,13.5199995,-0.089999996,-0.045664325,-0.19535096,0.4382667
145,-0.021837922,-0.0026631611,-0.002130529,-0.50757074,-0.0023942017,-9.610326,950.3237,11.506744,473978918,85571924,538243,-5.27,13.49,-0.02,-0.047846727,-0.20640945,0.4283723
146,0.0,-0.0063915867,-0.0015978967,-0.60333884,0.01436521,-9.7084875,950.295,11.506561,473978540,85573363,538274,-5.19,13.5,-0.07,-0.050472237,-0.2136015,0.43436483
147,0.0058589545,-0.007989483,-0.006924219,-0.61052144,-0.009576807,-9.562442,950.28186,11.5065,473977980,85575524,538291,-5.1099997,13.5,0.0,-0.04378502,-0.21532328,0.4413157
148,0.0005326322,0.0,0.009054748,-0.533907,-0.076614454,-9.646238,950.2946,11.506622,473977611,85576965,538279,-5.1,13.509999,0.03,-0.044027805,-0.2088062,0.43542933
149,-0.221575,0.0026631611,-0.09853696,-0.5315128,-0.5363012,-9.751583,950.30176,11.506744,473977061,85579129,538250,-4.9,13.57,0.01,-0.029708209,-0.25708097,0.4047168
150,-0.11558119,0.041545313,-0.16831179,-0.58418524,-0.17956513,-10.15381,950.2949,11.506592,473976755,85580597,538275,-3.4299998,13.99,-0.02,0.00049195095,-0.32292792,0.35720426
151,0.010652645,0.06498113,-0.18801917,-0.557849,0.074220255,-10.149021,950.2949,11.506592,473976572,85582878,538242,0.21,14.42,0.07,0.040401712,-0.33788925,0.34349647
152,0.082558,0.046339005,-0.15180019,-0.59376204,0.15801731,-9.967062,950.30896,11.507507,473976675,85584409,538171,2.62,14.24,0.099999994,0.07431578,-0.30442908,0.36451954
153,0.08735169,0.010120012,-0.10546118,-0.5291186,0.25378537,-9.794679,950.319,11.50769,473977106,85586636,538107,5.0899997,13.559999,0.02,0.10385095,-0.2649718,0.38542715
154,0.06711166,-0.0026631611,-0.048469532,-0.49559975,0.11252748,-9.629479,950.319,11.50769,473977510,85588060,538121,5.99,13.179999,-0.06,0.11818801,-0.22259624,0.40999037
155,0.033023197,0.00479369,-0.013315806,-0.50278234,0.1388637,-9.677363,950.29553,11.507385,473978195,85590144,538151,6.52,12.94,-0.02,0.12434865,-0.19747238,0.41695714
156,0.013315806,-0.0031957934,0.0026631611,-0.4213795,0.011971008,-9.639056,950.3168,11.507233,473978668,85591521,538165,6.5899997,12.87,0.0,0.12579896,-0.18313974,0.42526412
157,-0.004261058,-0.006924219,0.0010652645,-0.48362875,0.06703765,-9.586384,950.3168,11.507233,473979374,85593580,538189,6.47,12.889999,0.049999997,0.12649468,-0.18360457,0.42907596
158,-0.0037284256,0.006924219,0.0063915867,-0.49081135,0.05746084,-9.751583,950.3068,11.507477,473979840,85594959,538160,6.44,12.98,0.02,0.1317836,-0.18285736,0.42866138
159,-0.00479369,0.0,0.0005326322,-0.58657944,0.023942016,-9.785102,950.3276,11.507629,473980533,85597039,538117,6.3999996,13.049999,0.02,0.13593434,-0.19130848,0.4232567
160,0.20080236,0.0031957934,0.118776985,-0.50038815,0.50996494,-9.921572,950.31555,11.50769,473980992,85598430,538110,6.3399997,13.049999,0.02,0.11680275,-0.15925536,0.44011083
161,0.15659387,0.054328486,0.1736381,-0.6392518,0.29209262,-10.218452,950.3245,11.50769,473981603,85600563,538119,4.46,13.7699995,-0.03,0.08485661,-0.0771658,0.4580093
162,0.0015978967,0.082558,0.19867182,-0.50038815,0.047884032,-10.311827,950.3218,11.508209,473981833,85602064,538074,1.86,14.34,0.06,0.04712652,-0.05391713,0.47986716
163,-0.076166406,0.06231797,0.17044231,-0.59615624,-0.1412579,-10.261548,950.33997,11.509155,473981806,85604378,537912,-2.25,14.38,0.17,0.00066264777,-0.07802168,0.4752147
164,-0.108124346,0.03568636,0.12037488,-0.59136784,-0.1604115,-10.0748005,950.3536,11.509613,473981564,85605890,537818,-4.33,13.94,0.02,-0.046195675,-0.11687735,0.466043
165,-0.0777643,0.012250541,0.06551377,-0.49320555,-0.21547815,-9.787497,950.34576,11.509186,473980987,85608060,537857,-6.08,13.25,-0.07,-0.060126115,-0.15799467,0.44350442
166,-0.04474111,-0.0015978967,0.03089267,-0.581791,-0.059855044,-9.61272,950.33734,11.508575,473980530,85609455,537935,-6.5299997,12.94,-0.08,-0.07726066,-0.1800849,0.4417362
167,-0.011717909,-0.008522116,0.0058589545,-0.5243302,0.0047884034,-9.598354,950.3187,11.508209,473979810,85611513,538027,-6.69,12.84,-0.08,-0.0691929,-0.19495685,0.44372144
168,-0.0031957934,-0.0015978967,-0.0005326322,-0.533907,0.0023942017,-9.749189,950.3257,11.508087,473979325,85612882,538032,-6.7,12.83,-0.02,-0.06619755,-0.19332245,0.43545666
169,0.008522116,0.0,-0.006924219,-0.51714754,0.059855044,-9.603143,950.3257,11.508087,473978602,85614941,538060,-6.64,12.91,0.02,-0.06785868,-0.20479275,0.42976922
170,-0.002130529,-0.0010652645,-0.0026631611,-0.48362875,-0.0047884034,-9.720459,950.32904,11.507843,473978123,85616316,538073,-6.6,12.929999,0.02,-0.070959084,-0.19869643,0.4363585
171,0.0015978967,-0.004261058,-0.0015978967,-0.50517654,-0.01436521,-9.706094,950.3075,11.50769,473977408,85618380,538108,-6.62,12.92,-0.02,-0.068326354,-0.19912678,0.43601942
172,0.0010652645,0.0,0.004261058,-0.49799395,-0.047884032,-9.615114,950.3075,11.50769,473976931,85619756,538126,-6.6,12.889999,-0.02,-0.068322144,-0.19641069,0.43231896
173,-0.3073288,-0.00479369,-0.1470065,-0.49799395,-0.019153614,-9.787497,950.3003,11.507538,473976215,85621817,538123,-6.6,12.91,0.04,-0.06586271,-0.20292097,0.42518404
174,-0.20985709,0.036751624,-0.25513083,-0.48602295,-0.08379706,-9.849746,950.30225,11.507019,473975764,85623205,538161,-5.38,13.349999,-0.089999996,-0.03501371,-0.3356598,0.34153253
175,-0.029294772,0.11132014,-0.257794,-0.45729253,0.023942016,-10.42196,950.30225,11.507019,473975401,85625429,538193,-0.90999997,14.34,0.04,0.036089327,-0.3707218,0.29863814
176,0.0777643,0.104928546,-0.23062976,-0.59376204,0.15083471,-10.424355,950.3064,11.507965,473975464,85626959,538112,2.6499999,14.19,0.12,0.08938311,-0.3551894,0.30645642
177,0.13262543,0.050600063,-0.17150758,-0.59376204,0.31364042,-10.177752,950.321,11.508453,473975995,85629135,537996,6.81,12.87,0.04,0.12079247,-0.2958276,0.35984212
178,0.11451593,0.013848438,-0.094808534,-0.50757074,0.24181437,-9.837775,950.3218,11.507904,473976548,85630453,538025,8.34,11.889999,-0.08,0.1489223,-0.23307545,0.38760972
179,0.06231797,-0.0026631611,-0.03834952,-0.46686932,0.17238252,-9.603143,950.30475,11.50705,473977514,85632276,538199,9.32,11.07,-0.12,0.15666968,-0.18509445,0.40815353
180,0.024501082,-0.0031957934,-0.007989483,-0.50038815,0.06464344,-9.586384,950.30084,11.506683,473978194,85633443,538249,9.469999,10.88,-0.08,0.1668931,-0.16184004,0.42245236
181,0.00958738,0.002130529,0.007989483,-0.545878,-0.0047884034,-9.701305,950.30084,11.506683,473979222,85635186,538281,9.46,10.929999,0.02,0.16977839,-0.14998803,0.4183766
182,0.314253,-0.0005326322,0.1571265,-0.48602295,0.17956513,-9.758766,950.30347,11.506683,473979901,85636357,538267,9.37,11.03,0.02,0.16863848,-0.1412091,0.4294249
183,0.19014971,0.03568636,0.26045716,-0.35673606,-0.023942016,-9.636662,950.2807,11.506226,473980863,85638176,538307,7.64,12.16,-0.11,0.13561541,-0.038124587,0.45854673
184,0.034621093,0.11717909,0.2514024,-0.50517654,-0.045489833,-10.45069,950.2807,11.506226,473981329,85639546,538281,4.93,13.549999,0.11,0.086900346,-0.0129262265,0.47085887
185,-0.07669904,0.096939065,0.22796659,-0.6368576,-0.30406362,-10.469844,950.3195,11.507874,473981585,85641818,538112,-0.19999999,14.559999,0.19999999,0.025700476,-0.035317793,0.47933608
186,-0.12463594,0.05752428,0.16458336,-0.5243302,-0.29209262,-10.295067,950.32263,11.508606,473981461,85643360,537989,-3.12,14.299999,0.13,-0.028325249,-0.09112804,0.4731756
187,-0.11984225,0.014913702,0.104928546,-0.533907,-0.23223756,-9.864111,950.3357,11.508179,473980962,85645571,538017,-5.72,13.37,-0.12,-0.057806242,-0.13710642,0.46184033
188,-0.06231797,-0.009054748,0.04580637,-0.47405192,-0.110133275,-9.6845455,950.3098,11.507477,473980518,85646973,538102,-6.48,12.95,-0.17,-0.06895153,-0.17361179,0.4372011
189,-0.02876214,-0.0037284256,0.018642128,-0.47884035,-0.10295067,-9.617508,950.3087,11.507172,473979788,85649025,538198,-6.87,12.78,-0.04,-0.07394726,-0.19322419,0.43381676
190,-0.007456851,-0.002130529,-0.010120012,-0.45968673,-0.0023942017,-9.703699,950.3087,11.507172,473979291,85650387,538217,-6.87,12.75,-0.04,-0.068314604,-0.21282011,0.42767236
191,0.0,0.0058589545,-0.007456851,-0.59615624,0.059855044,-9.651027,950.30896,11.506805,473978554,85652433,538240,-6.75,12.84,-0.02,-0.07228016,-0.19728495,0.4246951
192,0.007989483,-0.002130529,-0.0058589545,-0.4381389,-0.038307227,-9.595961,950.2936,11.506622,473978070,85653803,538265,-6.67,12.84,-0.049999997,-0.070340924,-0.20316556,0.42195767
193,0.006924219,0.00479369,-0.0037284256,-0.48123455,0.016759412,-9.689334,950.29266,11.506622,473977350,85655860,538270,-6.6,12.9,0.0,-0.071631536,-0.19860654,0.4339994
194,-0.0026631611,0.007989483,-0.004261058,-0.6368576,-0.088585466,-9.787497,950.29,11.506592,473976871,85657236,538262,-6.6499996,12.889999,0.03,-0.071718656,-0.20543379,0.4353937
195,0.0015978967,0.0037284256,0.0037284256,-0.48602295,-0.011971008,-9.672575,950.3033,11.506378,473976151,85659294,538317,-6.64,12.87,-0.03,-0.0587047,-0.19607677,0.44066784
196,-0.41172472,0.0,-0.4644553,-0.48362875,-0.7182605,-9.919178,950.3033,11.506378,473975670,85660661,538328,-6.66,12.799999,-0.04,-0.04161973,-0.25066656,0.40949476
197,-0.18002969,0.06977482,-0.36325517,-0.40701428,-0.39025488,-10.228029,950.28253,11.505981,473975035,85662757,538388,-4.44,13.66,0.0,-0.012231718,-0.34359604,0.3374192
198,-0.021837922,0.11771172,-0.2908172,-0.5386954,-0.01436521,-10.453085,950.29395,11.50647,473974821,85664254,538329,-1.36,14.309999,0.06,0.033253483,-0.37324828,0.30308506
199,0.080960095,0.08894958,-0.22264028,-0.5674258,0.17477672,-10.3932295,950.29395,11.50647,473974950,85666544,538185,3.59,14.049999,0.14,0.08595563,-0.34853217,0.33000302
200,0.1304949,0.04261058,-0.15446335,-0.59376204,0.31603462,-9.9790325,950.3132,11.507782,473975306,85668002,538096,6.1,13.21,0.099999994,0.12058215,-0.28183448,0.37349012
201,0.10013486,0.0127831735,-0.08149273,-0.47644615,0.19632454,-9.763555,950.2978,11.507355,473976089,85670016,538147,8.05,12.03,-0.06,0.13871905,-0.22077909,0.4034253
202,0.053795855,-0.00479369,-0.03834952,-0.48362875,0.0047884034,-9.598354,950.31006,11.506805,473976693,85671277,538211,8.559999,11.639999,-0.08,0.15336539,-0.18216777,0.41269746
203,0.023435818,-0.0010652645,-0.014913702,-0.50757074,-0.04070143,-9.660604,950.2974,11.506683,473977637,85673119,538253,8.78,11.46,-0.04,0.15997209,-0.16765004,0.42139938
204,0.007456851,-0.0053263223,0.0058589545,-0.51475334,-0.038307227,-9.773131,950.3034,11.506714,473978270,85674345,538251,8.7699995,11.509999,0.0,0.15622313,-0.15907466,0.4150833
205,-0.0031957934,-0.0005326322,0.0063915867,-0.50517654,0.062249243,-9.615114,950.3034,11.506714,473979213,85676196,538240,8.66,11.62,0.04,0.16134746,-0.15856197,0.4205348
206,0.40373522,0.002130529,0.48363006,-0.5506664,0.62488663,-10.014946,950.29614,11.506836,473979836,85677437,538246,8.62,11.67,-0.01,0.1456054,-0.13078329,0.44402593
207,0.18908444,0.06498113,0.37603834,-0.48362875,0.320823,-10.115502,950.3044,11.5065,473980689,85679368,538300,6.62,12.78,-0.02,0.116952784,-0.047854632,0.46270406
208,0.017576864,0.113983296,0.28975195,-0.50757074,0.01436521,-10.455479,950.3044,11.5065,473981068,85680796,538246,3.73,13.96,0.02,0.06711447,-0.022402737,0.47634673
209,-0.09054748,0.082558,0.2247708,-0.49320555,-0.272939,-10.247183,950.3047,11.507935,473981206,85683095,538093,-1.09,14.5,0.13,0.013332956,-0.050757777,0.47681904
210,-0.123038046,0.042077947,0.15073492,-0.5793968,-0.2777274,-10.0748005,950.30255,11.50824,473981028,85684627,538020,-3.6699998,14.11,0.08,-0.037908398,-0.096307494,0.46842334
211,-0.09960223,0.009054748,0.08468852,-0.5243302,-0.20829555,-9.727641,950.30255,11.50824,473980495,85686815,538111,-5.8199997,13.28,-0.17,-0.0590432,-0.14315903,0.44910997
212,-0.05273059,-0.004261058,0.036751624,-0.44532153,-0.12689269,-9.557653,950.2977,11.506622,473980049,85688210,538221,-6.42,12.96,-0.14,-0.0683181,-0.17755935,0.44522023
213,-0.028229509,-0.007456851,0.00479369,-0.45968673,-0.1436521,-9.679757,950.29816,11.506256,473979334,85690261,538323,-6.68,12.79,-0.02,-0.07318439,-0.19509481,0.4384119
214,-0.0026631611,0.0053263223,-0.0015978967,-0.6368576,-0.033518825,-9.864111,950.29816,11.506256,473978852,85691627,538329,-6.66,12.84,-0.03,-0.06606275,-0.19835612,0.4250071
215,0.006924219,-0.0010652645,-0.009054748,-0.4165911,-0.02873042,-9.691729,950.298,11.505798,473978138,85693686,538386,-6.5299997,12.92,-0.06,-0.06565202,-0.20120804,0.43118382
216,0.00958738,-0.0031957934,0.002130529,-0.46926352,-0.009576807,-9.619903,950.2659,11.505524,473977670,85695063,538428,-6.44,12.92,-0.049999997,-0.060924612,-0.20672508,0.42955476
217,-0.0010652645,-0.004261058,-0.0037284256,-0.521936,-0.050278235,-9.68694,950.2659,11.505524,473976973,85697135,538438,-6.43,12.969999,-0.04,-0.049848486,-0.19879493,0.43658143
218,-0.21997711,-0.0037284256,-0.0777643,-0.48123455,-0.076614454,-9.548077,950.288,11.505371,473976509,85698517,538453,-6.46,12.94,-0.04,-0.070555344,-0.19951098,0.43313757
219,-0.21358553,0.01917476,-0.21837921,-0.39983168,-0.24181437,-9.76116,950.27106,11.505188,473975841,85700603,538491,-5.35,13.37,0.0,-0.03165959,-0.3101106,0.36864135
220,-0.058056913,0.07190535,-0.23009712,-0.49559975,-0.18195933,-10.18254,950.2796,11.505249,473975530,85702065,538496,-3.06,14.04,-0.03,0.016694566,-0.35587445,0.32924718
221,0.05752428,0.07084008,-0.2050634,-0.4405331,0.12928689,-10.235212,950.2793,11.50592,473975438,85704359,538405,1.35,14.4,0.11,0.052925806,-0.34753633,0.32226777
222,0.103863284,0.046871636,-0.14807177,-0.557849,0.17477672,-10.005369,950.3101,11.50647,473975631,85705878,538320,3.8899999,14.03,0.08,0.09662783,-0.2978122,0.3610857
223,0.09534117,0.004261058,-0.09161274,-0.533907,0.12210429,-9.617508,950.288,11.506134,473976194,85708048,538328,6.21,13.099999,-0.089999996,0.12023427,-0.25046134,0.39154065
224,0.0644485,-0.0005326322,-0.040480047,-0.51954174,0.033518825,-9.598354,950.2768,11.505646,473976671,85709420,538394,6.92,12.69,-0.06,0.12845209,-0.21350539,0.41356343
225,0.028229509,-0.0010652645,-0.007989483,-0.49799395,-0.01436521,-9.691729,950.264,11.505524,473977444,85711427,538441,7.2999997,12.5,0.01,0.13486855,-0.18367366,0.41959313
226,0.017044231,0.0026631611,-0.0005326322,-0.5434838,-0.04309563,-9.720459,950.264,11.505524,473977973,85712757,538436,7.2999997,12.46,0.04,0.13545538,-0.18397854,0.426762
227,0.0005326322,0.008522116,0.004261058,-0.58657944,-0.079008654,-9.615114,950.27216,11.505493,473978761,85714754,538447,7.2599998,12.5,0.02,0.14016317,-0.18062767,0.42347902
228,0.0010652645,0.00479369,0.004261058,-0.46447513,-0.090979666,-9.682152,950.2763,11.505646,473979282,85716088,538439,7.2,12.509999,0.02,0.13442425,-0.1759202,0.4316049
229,0.22210763,0.017576864,0.08149273,-0.63206923,0.23223756,-9.868899,950.2763,11.505646,473980048,85718104,538404,6.5899997,12.86,0.0,0.12518655,-0.11679584,0.44992417
230,0.0793622,0.06391586,0.18375812,-0.5386954,0.059855044,-10.115502,950.2861,11.505737,473980462,85719512,538410,4.71,13.61,0.04,0.08110001,-0.056024935,0.47812665
231,-0.035153728,0.07563378,0.1949434,-0.581791,-0.18674773,-10.25676,950.2906,11.506409,473980752,85721770,538318,0.55,14.48,0.089999996,0.03688814,-0.05278025,0.4740701
232,-0.09161274,0.051665325,0.16192019,-0.59855044,-0.28491,-10.058042,950.2906,11.506409,473980695,85723312,538230,-2.04,14.37,0.12,-0.006609494,-0.09268121,0.4712227
233,-0.10546118,0.021837922,0.10759171,-0.5650316,-0.29209262,-9.849746,950.3045,11.507477,473980312,85725565,538140,-4.71,13.759999,-0.02,-0.035242803,-0.138243,0.46283892
234,-0.06870956,0.0010652645,0.050600063,-0.5602432,-0.22744916,-9.667787,950.30273,11.507202,473979937,85727011,538171,-5.58,13.38,-0.07,-0.050612316,-0.16701183,0.4460662
235,-0.029827405,-0.00479369,0.011717909,-0.45968673,-0.076614454,-9.605537,950.3288,11.5069275,473979301,85729126,538217,-6.0299997,13.11,0.0,-0.05609346,-0.19197476,0.4394688
236,-0.006924219,-0.0026631611,-0.0010652645,-0.49559975,-0.050278235,-9.586384,950.29724,11.50708,473978863,85730521,538213,-6.1099997,13.12,0.03,-0.053314857,-0.20194021,0.43158528
237,0.0015978967,0.007989483,0.0005326322,-0.5602432,-0.021547815,-9.727641,950.3228,11.507477,473978204,85732622,538161,-6.02,13.179999,0.02,-0.05820393,-0.20197016,0.4337073
238,0.0005326322,0.0010652645,-0.002130529,-0.6727707,0.016759412,-9.703699,950.3228,11.507477,473977771,85734030,538120,-5.96,13.23,-0.01,-0.056969296,-0.2079475,0.43121427
239,0.0026631611,-0.00479369,-0.00958738,-0.5554548,-0.009576807,-9.605537,950.3218,11.507843,473977129,85736145,538091,-5.87,13.23,0.049999997,-0.054057557,-0.20398355,0.4317807
240,0.0058589545,0.0037284256,-0.0010652645,-0.5506664,-0.08379706,-9.68694,950.3115,11.508087,473976705,85737554,538063,-5.85,13.21,-0.01,-0.05843565,-0.20393045,0.4281397
241,0.0026631611,-0.0015978967,-0.0053263223,-0.62249243,-0.06703765,-9.696517,950.3115,11.508087,473976069,85739670,538013,-5.8799996,13.25,0.06,-0.0561093,-0.2028018,0.43335137
242,0.0015978967,0.004261058,-0.0010652645,-0.5291186,-0.047884032,-9.691729,950.33356,11.508514,473975643,85741082,537994,-5.9,13.25,0.03,-0.052347776,-0.20442814,0.43439573
243,-0.2146508,0.02609898,0.14114754,-0.51235914,-0.49559975,-10.115502,950.30634,11.508331,473975016,85743202,537991,-5.1099997,13.46,-0.08,-0.021750128,-0.30397308,0.36987478
244,-0.090014845,0.111852765,-0.14114754,-0.6368576,-0.18914193,-10.6398325,950.3379,11.508514,473974727,85744674,538011,-2.75,14.16,0.08,0.022816753,-0.36177453,0.3139362
245,0.04261058,0.1107875,-0.20985709,-0.5506664,0.06464344,-10.6158905,950.3438,11.509308,473974708,85746975,537894,2.4099998,14.33,0.13,0.07681545,-0.36017165,0.30533862
246,0.11664646,0.068176925,-0.18642128,-0.6631939,0.20111294,-10.271125,950.37054,11.510101,473974998,85748463,537774,5.46,13.509999,0.14,0.117656045,-0.3172879,0.3363066
247,0.12144015,0.02609898,-0.113983296,-0.51954174,0.22505496,-9.878476,950.35034,11.510071,473975765,85750498,537728,8.33,11.969999,-0.02,0.14660092,-0.24917458,0.38503316
248,0.07989483,0.0,-0.06178534,-0.48123455,0.019153614,-9.689334,950.334,11.509399,473976403,85751734,537795,9.2,11.25,-0.07,0.17028156,-0.19986986,0.4073846
249,0.049002163,0.0010652645,-0.014913702,-0.50517654,0.06703765,-9.672575,950.3368,11.508789,473977431,85753486,537925,9.67,10.809999,-0.089999996,0.16358283,-0.16716571,0.42014748
250,0.015446335,0.0005326322,0.0015978967,-0.545878,0.047884032,-9.643845,950.34546,11.508514,473978130,85754633,537962,9.69,10.73,-0.01,0.17887476,-0.15410043,0.42451477
251,-0.004261058,-0.0026631611,0.0026631611,-0.5363012,0.050278235,-9.646238,950.3248,11.50824,473979176,85756359,538008,9.59,10.84,-0.02,0.1686853,-0.13963705,0.4194924
252,-0.039947417,0.0005326322,0.1736381,-0.51714754,-0.009576807,-9.622296,950.3187,11.507965,473979866,85757517,538053,9.65,10.73,-0.02,0.18463457,-0.1927766,0.3906898
253,0.05752428,0.013315806,0.011185277,-0.5506664,0.090979666,-9.797073,950.3268,11.508118,473980973,85759148,538042,10.719999,9.679999,0.07,0.18791579,-0.17555349,0.40493086
254,0.05273059,0.006924219,-0.012250541,-0.641646,0.090979666,-9.935937,950.33685,11.508118,473981769,85760162,538034,11.15,9.26,0.02,0.19436373,-0.14445078,0.4188159
255,0.028229509,-0.0053263223,-0.00479369,-0.48123455,0.02633622,-9.564836,950.30634,11.50766,473982987,85761612,538104,11.37,8.98,-0.049999997,0.19607939,-0.12891977,0.4156643
256,0.0063915867,-0.0037284256,0.0053263223,-0.58418524,0.007182605,-9.667787,950.30634,11.50766,473983813,85762571,538139,11.389999,8.929999,-0.049999997,0.1905627,-0.12578805,0.42264843
257,0.00479369,-0.007456851,0.0031957934,-0.6536171,0.016759412,-9.552865,950.3023,11.50705,473985041,85763997,538194,11.36,8.92,-0.01,0.1928228,-0.123035446,0.41693646
258,-0.0031957934,0.0,0.0005326322,-0.5315128,-0.055066638,-9.634268,950.3073,11.507111,473985864,85764955,538205,11.38,8.95,0.0,0.20194238,-0.12826934,0.4129204
259,-0.0063915867,0.0037284256,-0.002130529,-0.62967503,0.021547815,-9.77792,950.3073,11.507111,473987091,85766385,538182,11.389999,8.97,0.02,0.1948716,-0.123396374,0.42109698
260,0.0015978967,0.0015978967,-0.007456851,-0.61052144,-0.14844051,-9.734824,950.33154,11.507294,473987916,85767345,538175,11.36,8.94,-0.04,0.20362233,-0.13189824,0.4162943
261,0.002130529,0.0010652645,-0.0037284256,-0.5315128,-0.009576807,-9.722853,950.317,11.507507,473989143,85768772,538135,11.389999,8.94,0.02,0.20160808,-0.12959252,0.4168183
262,0.002130529,-0.0010652645,0.00479369,-0.6344634,-0.06703765,-9.682152,950.33496,11.507874,473989968,85769727,538104,11.37,8.91,0.04,0.19698657,-0.12250881,0.41491917
263,-0.0010652645,-0.0010652645,-0.0037284256,-0.60094464,-0.062249243,-9.701305,950.3154,11.50824,473991197,85771151,538038,11.41,8.91,0.049999997,0.19695687,-0.12691219,0.4196051
264,0.0058589545,-0.0026631611,0.0010652645,-0.5291186,-0.01436521,-9.68694,950.34607,11.508514,473992024,85772107,537999,11.4,8.91,0.03,0.19442038,-0.12122715,0.41813532
265,-0.0063915867,0.0,-0.0058589545,-0.5602432,-0.088585466,-9.861717,950.34607,11.508514,473993254,85773529,537931,11.42,8.91,0.07,0.20635878,-0.12184013,0.42642727
266,0.0005326322,-0.002130529,-0.0005326322,-0.61770403,-0.05267244,-9.770737,950.3319,11.509277,473994083,85774484,537872,11.42,8.91,0.01,0.20066515,-0.13168846,0.41472048
267,0.0058589545,0.0058589545,-0.0015978967,-0.5793968,-0.076614454,-9.7803135,950.35034,11.509552,473995318,85775904,537835,11.49,8.929999,0.07,0.1985004,-0.11951326,0.41482022
268,-0.0005326322,-0.0015978967,-0.0005326322,-0.7015011,-0.06703765,-9.696517,950.363,11.509613,473996150,85776860,537813,11.469999,8.889999,0.01,0.19615583,-0.11579592,0.41360128
269,0.0031957934,0.0010652645,-0.0010652645,-0.5243302,-0.045489833,-9.773131,950.3545,11.509644,473997386,85778280,537814,11.45,8.91,0.04,0.19781561,-0.121656,0.42283225
270,-0.0015978967,-0.002130529,0.0053263223,-0.41180268,-0.076614454,-9.7324295,950.36176,11.509735,473998217,85779233,537805,11.45,8.92,0.02,0.19844702,-0.12180272,0.42382935
271,-0.0053263223,-0.0005326322,0.0010652645,-0.5386954,-0.090979666,-9.751583,950.3492,11.509857,473999453,85780657,537772,11.46,8.91,-0.02,0.19660167,-0.12764595,0.41692722
272,-0.0005326322,-0.0005326322,0.0,-0.60573304,0.0047884034,-9.7324295,950.3463,11.509796,474000284,85781613,537782,11.45,8.92,-0.02,0.20066331,-0.12772101,0.41929057
273,0.0031957934,0.00958738,0.0031957934,-0.6344634,-0.08140286,-9.787497,950.3634,11.509766,474001520,85783033,537786,11.46,8.87,0.02,0.1956943,-0.12511526,0.42451766
274,0.0015978967,-0.0063915867,0.0026631611,-0.58657944,-0.06464344,-9.655815,950.3634,11.509766,474002351,85783988,537784,11.46,8.91,0.02,0.19973212,-0.12875223,0.42010695
275,0.0,0.0037284256,0.0037284256,-0.46447513,-0.107739076,-9.916783,950.3556,11.509979,474003587,85785411,537753,11.44,8.94,0.01,0.20412275,-0.118896514,0.42036062
276,-0.015978966,-0.008522116,0.0031957934,-0.5674258,-0.1388637,-9.725247,950.3566,11.51001,474004417,85786368,537752,11.48,8.929999,0.0,0.19185552,-0.12376885,0.420182
277,0.0010652645,0.0058589545,-0.00479369,-0.5315128,-0.08619126,-9.840169,950.3566,11.51001,474005652,85787794,537744,11.46,8.95,0.0,0.19762148,-0.12123181,0.422445
278,-0.26418558,-0.10918961,-0.15180019,-1.5562311,-0.51714754,-8.394072,950.403,11.51239,474006480,85788753,537684,11.33,8.8,0.35,0.24454431,-0.1485395,0.3806016
279,-0.32384038,0.077231675,-0.27217507,-1.8483237,-0.557849,-10.295067,950.5815,11.522736,474007731,85790022,536190,12.3,6.6099997,1.8199999,0.29128683,-0.21575987,0.32199174
280,-0.1123854,0.21678132,-0.29933932,-1.9321208,-0.20111294,-11.21444,950.8215,11.535889,474008674,85790550,534595,13.66,2.9299998,2.08,0.3074269,-0.19555444,0.32031053
281,0.26844665,0.0974717,-0.17150758,-1.8914193,0.40701428,-10.510546,951.08234,11.551025,474010174,85790459,531926,13.71,-3.76,2.3899999,0.27820918,-0.09338338,0.3739841
282,0.32277513,0.022903185,-0.07456851,-1.9249382,0.46926352,-10.42196,951.32965,11.565094,474011145,85789910,530061,13.099999,-6.06,2.09,0.26570785,0.070978396,0.39229837
283,0.17470337,0.08948222,0.098004326,-0.9935937,0.2681506,-11.020511,951.32965,11.565094,474012555,85788939,528193,13.429999,-5.48,0.78999996,0.24055035,0.15709056,0.38607737
284,0.07190535,0.07456851,0.17630127,-0.6919243,0.110133275,-10.378864,951.476,11.57428,474013555,85788455,527903,14.099999,-3.4399998,0.17999999,0.23636019,0.16356948,0.38806245
285,0.017044231,0.07350325,0.20932446,-0.59376204,-0.08379706,-10.350134,951.5085,11.574585,474015107,85788208,527825,14.509999,0.42,0.08,0.23529391,0.13611315,0.3957066
286,-0.007989483,0.07456851,0.2146508,-0.6344634,-0.10055647,-10.335769,951.5085,11.574585,474016153,85788402,527775,14.179999,3.1399999,0.01,0.2219017,0.09457419,0.41635814
287,-0.00958738,0.06657903,0.19920446,-0.5650316,-0.093373865,-10.259154,951.4922,11.574829,474017620,85789206,527774,12.88,6.83,-0.02,0.2121148,0.03194129,0.42849016
288,-0.00958738,0.06178534,0.20026971,-0.5243302,-0.095768064,-10.213664,951.4792,11.5746155,474018506,85790051,527802,11.509999,8.9,-0.06,0.18794885,-0.0051969285,0.44796723
289,0.00958738,0.05486112,0.18748654,-0.45250413,-0.06464344,-10.187328,951.4699,11.57431,474019621,85791675,527851,9.04,11.37,-0.04,0.15717985,-0.043018848,0.4529215
290,0.009054748,0.054328486,0.18908444,-0.59376204,-0.01436521,-10.0029745,951.4786,11.573853,474020209,85792963,527900,7.19,12.59,-0.089999996,0.11952323,-0.06495681,0.45847145
291,0.011185277,0.056991648,0.19068234,-0.61291564,-0.1340753,-10.127473,951.47375,11.573608,474020819,85795085,527963,4.0699997,13.929999,-0.049999997,0.091673344,-0.08380318,0.47060207
292,0.008522116,0.056459017,0.18961707,-0.5482722,-0.05746084,-10.060435,951.4731,11.573486,474021036,85796604,527974,1.88,14.38,-0.02,0.042522173,-0.08251367,0.47630787
293,0.0058589545,0.049534798,0.18855181,-0.5482722,-0.10534488,-10.09156,951.4571,11.573303,474021052,85798912,528015,-1.53,14.429999,0.0,0.004168959,-0.08793169,0.47135118
294,0.00479369,0.050600063,0.18695392,-0.48841715,-0.090979666,-10.144233,951.46796,11.573212,474020858,85800438,528022,-3.79,14.009999,-0.049999997,-0.041550193,-0.07664304,0.47180507
295,0.008522116,0.046871636,0.18002969,-0.61052144,-0.062249243,-10.156203,951.4769,11.57309,474020277,85802580,528043,-6.89,12.7699995,-0.03,-0.08205821,-0.06488485,0.4682982
296,0.0063915867,0.055926383,0.18375812,-0.5243302,-0.16519992,-10.105926,951.4479,11.572968,474019705,85803885,528060,-8.79,11.5199995,-0.02,-0.11598447,-0.04579533,0.4705311
297,0.007989483,0.051132694,0.18642128,-0.62249243,-0.12928689,-10.151415,951.4678,11.572845,474018620,85805546,528082,-11.19,9.21,-0.03,-0.1472085,-0.018844815,0.4506919
298,0.0127831735,0.05006743,0.1784318,-0.58418524,-0.05746084,-10.151415,951.4678,11.572845,474017757,85806438,528095,-12.509999,7.37,-0.07,-0.17073609,0.016809624,0.4522721
299,0.012250541,0.051665325,0.19281286,-0.48841715,-0.08140286,-10.053253,951.45404,11.572662,474016331,85807376,528112,-13.87,4.36,0.049999997,-0.18266383,0.058312837,0.44164822
300,0.0037284256,0.054328486,0.18429075,-0.6440403,-0.12449849,-10.146626,951.4657,11.572754,474015304,85807725,528106,-14.38,2.1599998,0.0,-0.1964126,0.08982531,0.42732313
301,0.0053263223,0.06178534,0.1933455,-0.6368576,-0.1316811,-10.290278,951.4657,11.572754,474013741,85807796,528124,-14.469999,-1.24,-0.02,-0.20015274,0.13963535,0.41949633
302,0.009054748,0.05219796,0.18375812,-0.60094464,-0.06703765,-10.170568,951.44476,11.572479,474012705,85807542,528137,-14.07,-3.48,-0.01,-0.18930933,0.17730808,0.40783042
303,0.009054748,0.05752428,0.18535602,-0.58418524,-0.05746084,-10.244789,951.4571,11.57251,474011243,85806731,528138,-12.92,-6.6299996,-0.01,-0.17861663,0.21282925,0.39679062
304,-0.16458336,0.05486112,0.13848437,-2.0207062,0.6512229,-10.081984,951.398,11.569153,474010353,85805918,528301,-11.48,-8.38,-0.71999997,-0.15706344,0.20186272,0.4065422
305,-0.082025364,-0.050600063,0.07403588,-1.6496049,0.1388637,-8.995016,951.29614,11.563812,474009283,85804561,529367,-8.74,-8.26,-0.59,-0.13918594,0.15817134,0.43045095
306,-0.011185277,-0.036751624,-0.018109497,-1.1659763,-0.04070143,-9.277532,951.30316,11.562714,474008678,85803703,529634,-8.11,-7.71,-0.08,-0.13136339,0.12479939,0.4420959
307,0.027164243,0.011717909,-0.043675844,-0.8762778,-0.17956513,-9.864111,951.3117,11.564117,474007809,85802518,529481,-8.139999,-7.21,0.26999998,-0.12787771,0.1171285,0.44275644
308,0.017044231,0.017576864,-0.00479369,-0.89303726,-0.08379706,-9.873688,951.30817,11.565155,474007211,85801752,529302,-8.309999,-7.0899997,0.13,-0.14459717,0.13135451,0.4374864
309,0.007456851,-0.004261058,0.012250541,-0.8643068,-0.047884032,-9.737218,951.3294,11.565094,474006316,85800629,529266,-8.26,-7.02,-0.03,-0.13952053,0.14436674,0.43196806
310,-0.004261058,0.002130529,0.024501082,-0.770933,-0.016759412,-9.890448,951.3294,11.565094,474005723,85799874,529281,-8.13,-7.0899997,0.02,-0.1427899,0.14301367,0.44287193
311,-0.009054748,-0.0037284256,0.016511599,-0.6751649,-0.1388637,-9.643845,951.30505,11.564758,474004856,85798739,529318,-7.96,-7.17,-0.06,-0.1412329,0.14113848,0.43750724
312,-0.0037284256,0.09374327,0.007456851,1.0893618,-0.06464344,-10.670957,951.3159,11.564697,474004283,85797970,529349,-7.89,-7.19,0.0,-0.13931404,0.14613026,0.4377109
313,0.0,-0.11345066,-0.0037284256,-1.1587936,-0.05267244,-8.520964,951.26575,11.562134,474003417,85796803,529687,-7.87,-7.2,-0.35,-0.14594854,0.13232039,0.4374642
314,0.0063915867,-0.05539375,-0.0037284256,-1.2210429,-0.038307227,-9.100361,951.3238,11.564941,474002855,85796047,529598,-7.69,-6.94,0.61,-0.10495362,0.13274749,0.45467067
315,0.0063915867,0.024501082,-0.0015978967,-1.2449849,-0.088585466,-9.976639,951.42773,11.571777,474002010,85794921,528455,-8.04,-7.22,1.04,-0.09473519,0.1323642,0.45420247
316,0.0031957934,-0.0037284256,0.0031957934,-1.4820108,-0.050278235,-9.605537,951.42773,11.571777,474001417,85794134,527685,-8.28,-7.4199996,0.85999995,-0.102841966,0.13566627,0.4460562
317,0.0,-0.020772656,0.0026631611,-1.42455,-0.08140286,-9.49301,951.6552,11.583801,474000521,85792942,526591,-8.349999,-7.52,0.97999996,-0.09520131,0.14750513,0.44827372
318,0.0015978967,-0.017576864,0.004261058,-1.5873557,-0.17956513,-9.476251,951.7963,11.591248,473999912,85792130,525737,-8.45,-7.6299996,1.13,-0.08965048,0.12766252,0.45473254
319,-0.0015978967,0.0010652645,0.0015978967,-1.6089035,-0.14844051,-9.694122,951.7963,11.591248,473998989,85790899,524231,-8.65,-7.81,1.3299999,-0.08188124,0.13686322,0.45910206
320,0.004261058,0.0010652645,-0.0037284256,-1.733402,-0.06943185,-9.572019,952.0791,11.608246,473998358,85790054,523151,-8.76,-7.94,1.35,-0.09691603,0.14024317,0.45618227
321,0.0037284256,-0.004261058,0.002130529,-1.7549498,-0.05267244,-9.593566,952.2461,11.616882,473997405,85788782,521579,-8.9,-8.01,1.29,-0.0905866,0.13763818,0.45230073
322,-0.0010652645,0.0026631611,0.0010652645,-1.7717092,-0.05267244,-9.481039,952.2461,11.616882,473996760,85787921,520512,-8.9,-8.07,1.28,-0.08460036,0.13093352,0.44514093
323,0.00958738,-0.002130529,-0.0005326322,-1.7812861,-0.16998832,-9.560047,952.5342,11.634399,473995796,85786633,518884,-8.97,-8.11,1.31,-0.08545694,0.13589564,0.45535165
324,0.0031957934,0.00479369,0.0031957934,-1.7788919,-0.1340753,-9.552865,952.6991,11.643524,473995145,85785762,517769,-8.97,-8.13,1.38,-0.07952373,0.12859268,0.44947064
325,0.004261058,0.0,-0.0015978967,-1.8938135,-0.02633622,-9.526528,952.6991,11.643524,473994174,85784462,516108,-9.0,-8.15,1.3199999,-0.08532005,0.1434787,0.4513544
326,0.0031957934,0.00479369,-0.0058589545,-1.8746599,0.033518825,-9.615114,953.02765,11.661682,473993521,85783585,514977,-9.01,-8.2,1.4,-0.08428867,0.13672483,0.45273095
327,0.0005326322,-0.004261058,0.00479369,-1.9752164,-0.05746084,-9.552865,953.1696,11.671112,473992546,85782276,513274,-9.09,-8.21,1.4399999,-0.08335667,0.13043664,0.44391164
328,-0.0037284256,0.0,0.0053263223,-1.8962077,-0.1388637,-9.646238,953.1696,11.671112,473991890,85781394,512103,-9.07,-8.24,1.4599999,-0.08137869,0.12953353,0.45001727
329,0.009054748,-0.0053263223,-0.0010652645,-2.0039468,-0.074220255,-9.569624,953.5246,11.690002,473990909,85780083,510354,-9.12,-8.24,1.52,-0.082428426,0.13029405,0.45748046
330,0.008522116,0.0037284256,-0.0031957934,-1.8171991,-0.10055647,-9.548077,953.7057,11.699646,473990247,85779203,509165,-9.16,-8.19,1.48,-0.08109148,0.13447642,0.45724517
331,0.004261058,-0.0058589545,0.0015978967,-1.8794483,-0.06703765,-9.504981,953.86523,11.709076,473989258,85777896,507402,-9.2,-8.19,1.51,-0.08666341,0.14254257,0.45414662
332,0.00958738,0.0010652645,0.007989483,-1.9129672,-0.011971008,-9.512163,954.0292,11.718842,473988591,85777018,506207,-9.179999,-8.2,1.52,-0.08667152,0.13712737,0.4521072
333,-0.0015978967,0.0010652645,0.0037284256,-1.958457,-0.090979666,-9.61272,954.19226,11.728729,473987601,85775707,504419,-9.16,-8.25,1.4699999,-0.083283715,0.13587107,0.45481545
334,-0.0037284256,0.0026631611,-0.002130529,-2.0015526,-0.02873042,-9.610326,954.19226,11.728729,473986936,85774821,503196,-9.17,-8.2699995,1.51,-0.08215286,0.14157824,0.44838613
335,0.002130529,-0.0063915867,-0.0015978967,-1.9249382,-0.02873042,-9.56723,954.5656,11.748505,473985949,85773497,501361,-9.139999,-8.309999,1.53,-0.076767385,0.14210035,0.45553866
336,0.0026631611,-0.0037284256,0.0010652645,-1.9081788,-0.11252748,-9.564836,954.715,11.758545,473985285,85772604,500142,-9.139999,-8.33,1.52,-0.08283527,0.13765717,0.45241296
337,-0.0015978967,0.0058589545,0.0037284256,-1.9249382,-0.045489833,-9.569624,954.715,11.758545,473984297,85771274,498301,-9.15,-8.36,1.5699999,-0.08119759,0.13619034,0.4520094
338,0.0015978967,-0.0010652645,0.004261058,-2.0350714,-0.01436521,-9.583989,955.0886,11.778564,473983635,85770373,497056,-9.12,-8.389999,1.56,-0.067305595,0.1376962,0.45273948
339,-0.00479369,0.0010652645,0.0,-2.0231004,-0.10534488,-9.478644,955.2595,11.788757,473982651,85769033,495194,-9.139999,-8.42,1.54,-0.07431055,0.14070807,0.45502123
340,0.002130529,0.012250541,0.002130529,-1.9369092,-0.023942016,-9.792285,955.2595,11.788757,473981988,85768131,493927,-9.16,-8.42,1.55,-0.07617353,0.13332887,0.45490012
341,0.002130529,0.04314321,0.0026631611,-1.958457,-0.011971008,-10.086772,955.5869,11.807526,473981001,85766789,492217,-9.139999,-8.42,1.16,-0.09688931,0.14118063,0.4455093
342,0.0031957934,0.17257284,0.0005326322,-1.6256629,-0.11731588,-11.477803,955.6901,11.812988,473980342,85765893,491426,-9.0,-8.2699995,0.78999996,-0.11234331,0.13890795,0.44381484
343,0.0063915867,0.017576864,-0.012250541,-1.4317327,-0.02633622,-9.933543,955.6597,11.812042,473979394,85764609,491198,-8.4,-7.71,-0.45,-0.15377861,0.13710845,0.43077436
344,0.010652645,-0.009054748,-0.0005326322,-1.0390835,-0.08619126,-9.622296,955.62195,11.809021,473978808,85763816,491587,-7.79,-7.1099997,-0.45999998,-0.16299923,0.13478412,0.43372428
345,-0.0026631611,-0.004261058,-0.0031957934,-0.81402856,-0.1436521,-9.6845455,955.5617,11.806885,473978003,85762732,492013,-7.22,-6.56,-0.29,-0.14895937,0.1445126,0.44290817
346,-0.0010652645,0.0058589545,0.0053263223,-0.7086837,-0.088585466,-9.722853,955.5751,11.805267,473977491,85762041,492238,-6.96,-6.3399997,-0.25,-0.15543771,0.1359773,0.4372814
347,0.0031957934,0.0031957934,0.00479369,-0.7110779,-0.076614454,-9.770737,955.5051,11.803619,473976757,85761054,492526,-6.6299996,-6.0299997,-0.25,-0.15973093,0.13770023,0.43290132
348,0.00958738,-0.07190535,-0.0063915867,-0.7469909,-0.04309563,-9.150639,955.49677,11.802612,473976286,85760421,492718,-6.37,-5.7599998,-0.19,-0.14068879,0.13795121,0.4403886
349,0.0031957934,-0.05219796,-0.010120012,-0.7182605,-0.05267244,-9.337387,955.559,11.805176,473975606,85759509,492471,-6.37,-5.7799997,0.61,-0.11031393,0.14021017,0.44624245
350,0.0015978967,0.10066749,-0.009054748,-0.8714894,-0.09816227,-10.625467,955.63965,11.810181,473975129,85758870,491840,-6.81,-6.14,0.78,-0.11497998,0.14367673,0.43819723
351,0.0005326322,0.029294772,-0.002130529,-0.7517793,-0.04070143,-10.058042,955.63654,11.810486,473974377,85757864,491465,-6.98,-6.31,-0.24,-0.1582374,0.13821788,0.4354713
352,0.0,-0.007989483,0.0026631611,-0.79248077,-0.04070143,-9.65821,955.63654,11.810486,473973882,85757203,491735,-6.67,-6.0299997,-0.34,-0.15722506,0.1359053,0.42850873
353,-0.0037284256,-0.099069595,0.008522116,-0.7278373,-0.1364695,-9.002198,955.58795,11.80722,473973186,85756277,492050,-6.2599998,-5.6299996,-0.06,-0.1351073,0.1326937,0.44225878
354,-0.002130529,-0.03568636,-0.0005326322,-0.7015011,-0.090979666,-9.49301,955.6535,11.811005,473972731,85755672,491765,-6.3399997,-5.72,0.65999997,-0.09852939,0.13761781,0.45111296
355,0.002130529,0.14221281,0.004261058,-0.878672,-0.062249243,-11.08276,955.6535,11.811005,473972008,85754711,490746,-7.06,-6.35,0.68,-0.11901832,0.1357713,0.44491145
356,0.0015978967,0.019707393,0.010120012,-0.7278373,-0.047884032,-9.945514,955.71606,11.815399,473971492,85754025,490617,-7.06,-6.3599997,-0.32999998,-0.16036527,0.13628657,0.43454155
357,0.0031957934,-0.013315806,-0.0015978967,-0.81163436,0.009576807,-9.583989,955.6806,11.812592,473970754,85753046,491120,-6.5699997,-5.91,-0.44,-0.16275391,0.13775828,0.43280786
358,0.0010652645,-0.11345066,0.0015978967,-0.7781156,-0.02873042,-8.78672,955.6806,11.812592,473970291,85752431,491362,-6.25,-5.65,-0.12,-0.12840873,0.14301173,0.44130167
359,-0.006924219,-0.024501082,0.007989483,-0.7086837,-0.019153614,-9.593566,955.76886,11.816193,473969613,85751530,490852,-6.47,-5.83,0.97999996,-0.09656426,0.13400675,0.45550168
360,0.0005326322,0.17204021,0.0005326322,-0.8499416,-0.047884032,-11.45865,955.84155,11.821594,473969122,85750877,490041,-7.06,-6.3399997,0.85999995,-0.1319137,0.13829541,0.44188195
361,0.0058589545,0.00958738,0.0005326322,-0.6512229,-0.04309563,-9.938332,955.84155,11.821594,473968352,85749852,489995,-6.97,-6.2999997,-0.53,-0.17118418,0.14096938,0.4231883
362,0.0026631611,-0.034088463,0.0031957934,-0.7613561,-0.095768064,-9.469068,955.7588,11.816467,473967861,85749196,490422,-6.5899997,-5.91,-0.52,-0.16629834,0.14542386,0.4276032
363,0.004261058,-0.14327806,-0.0015978967,-0.7182605,-0.09816227,-8.738836,955.7557,11.816071,473967180,85748290,490736,-6.1299996,-5.5299997,0.19,-0.12095896,0.13940477,0.43975812
364,0.0026631611,0.017576864,-0.002130529,-0.7110779,-0.02873042,-9.861717,955.83234,11.821869,473966728,85747688,490225,-6.42,-5.7999997,1.05,-0.08799287,0.13924246,0.45426235
365,0.0031957934,0.1949434,-0.0031957934,-0.866701,0.047884032,-11.688493,955.91943,11.827118,473965985,85746697,489014,-7.27,-6.56,0.45999998,-0.14039847,0.13525675,0.43526524
366,0.0063915867,0.011717909,0.0010652645,-0.7134721,-0.035913024,-9.89763,955.8658,11.823944,473965462,85745999,489187,-7.0699997,-6.3799996,-0.58,-0.17152493,0.14213832,0.4267752
367,0.0031957934,-0.06924219,-0.004261058,-0.7110779,-0.059855044,-9.141062,955.8658,11.823944,473964738,85745035,489948,-6.33,-5.71,-0.53999996,-0.16789667,0.13772486,0.43019447
368,0.004261058,-0.15659387,0.0015978967,-0.6607997,-0.062249243,-8.535329,955.8204,11.820648,473964293,85744441,490130,-6.0499997,-5.45,0.17,-0.10288402,0.13880791,0.44954208
369,0.0031957934,0.08042747,-0.002130529,-0.6727707,-0.07182605,-10.374076,955.9706,11.8284,473963616,85743536,489054,-6.72,-6.06,1.4,-0.079814896,0.13748726,0.44724783
370,0.0031957934,0.053795855,-0.013315806,-0.91458505,-0.06703765,-10.201694,955.9706,11.8284,473963100,85742848,488169,-7.39,-6.66,0.51,-0.152809,0.13852406,0.43398866
371,-0.004261058,-0.13156016,-0.0026631611,-0.641646,-0.031124622,-8.731653,956.00085,11.831146,473962406,85741931,488365,-6.19,-5.52,0.04,-0.1365103,0.13841313,0.44278988
372,-0.002130529,-0.0005326322,0.0,-7.40766,6.4164605,-9.763555,956.03357,11.832581,473961987,85741379,488134,-3.3899999,-2.78,0.099999994,-0.1702795,0.13714555,0.42443973
373,-0.00479369,-0.0005326322,0.0,-0.02633622,-0.095768064,-9.785102,956.0115,11.832581,473961911,85741300,488121,0.0,0.0,-0.02,-0.17496632,0.13299167,0.42268708
374,0.0063915867,0.0015978967,0.004261058,0.007182605,0.02633622,-9.763555,956.0255,11.832581,473961910,85741300,488118,0.0,-0.02,0.0,-0.16475882,0.1350415,0.4295343
375,-0.0026631611,-0.004261058,0.00479369,-0.04070143,-0.009576807,-9.842564,956.02374,11.832581,473961911,85741300,488119,0.0,0.0,0.01,-0.17055422,0.13453127,0.4314922
376,0.0058589545,-0.0005326322,0.0015978967,0.009576807,-0.074220255,-9.785102,956.04285,11.832581,473961911,85741300,488125,0.0,0.0,-0.03,-0.1682734,0.1417129,0.4271306
377,0.0010652645,-0.0063915867,-0.002130529,-0.009576807,-0.0047884034,-9.785102,956.03094,11.832581,473961910,85741300,488128,0.0,0.0,0.049999997,-0.16574378,0.13541105,0.43402436
