,0
0,-0.002125850272908118
1,-0.0020036216321067
2,-0.0018633551976609502
3,-0.0015829845394874512
4,-0.0013990167678097345
5,-0.001199856001602488
6,-0.0010490731178130445
7,-0.0009086465098325667
8,-0.000982525852443961
9,-0.00096260901187951
10,-0.0010805045002003077
11,-0.0008006842634819978
12,-0.0006655281669349744
13,-0.0005023765249121555
14,-0.0004056205690906189
15,-0.0002977283063516255
16,-0.0002929558225660944
17,-0.00034614103096957
18,-0.00045824084747429224
19,-0.0005342879504387733
20,-0.0004512797031085489
21,-0.0004869516543629367
22,-0.0006123235288960467
23,-0.0006208500639862633
24,-0.0007832525955229377
25,-0.00085994134118979
26,-0.0010022874214459321
27,-0.0010579393850447846
28,-0.0010677533244696712
29,-0.00124686171376293
30,-0.001404381944603339
31,-0.0012728550263926522
32,-0.0011808162320984267
33,-0.0012345146642637923
34,-0.001370314128752769
35,-0.08133428110357553
36,-0.18133429213015487
37,-0.2813343349877228
38,-0.38133435238049995
39,-0.48133439523806787
40,-0.5406605461911621
41,-0.5387495409584692
42,-0.5370397712358215
43,-0.5361761137540344
44,-0.5358611333892601
45,-0.5361278134119049
46,-0.5365516748563474
47,-0.5370623266743565
48,-0.5376146643550603
49,-0.5381690455852335
50,-0.5387655201147555
51,-0.5394779358372213
52,-0.540350607854985
53,-0.5412047924345592
54,-0.5421639492483992
55,-0.5431426630216463
56,-0.5440556840005825
57,-0.5449677245850695
58,-0.5457502894402524
59,-0.546531199084027
60,-0.5472599377374562
61,-0.5480249318869218
62,-0.5484683693893644
63,-0.5481839276750706
64,-0.5470925703993008
65,-0.5451784138987346
66,-0.5422343020994435
67,-0.5383702428980925
68,-0.5333723957131435
69,-0.527105466110573
70,-0.5193948356530182
71,-0.5100620534520868
72,-0.4990507595593308
73,-0.48611776522170624
74,-0.47114238642896505
75,-0.4541766413827076
76,-0.4348694279122752
77,-0.41316992466124
78,-0.3888382532993738
79,-0.3621006684937761
80,-0.3330066674317483
81,-0.3017868656258308
82,-0.2690113879131671
83,-0.23497929916422267
84,-0.20036983447892706
85,-0.16569173581597252
86,-0.13152675268954622
87,-0.09825627763907592
88,-0.06673104794806842
89,-0.03698531567013641
90,-0.009416711605241358
91,0.016110426646868715
92,0.03886598087771792
93,0.058626684076798545
94,0.07554770276432858
95,0.09033658761447329
96,0.10285045695876202
97,0.11321780358557035
98,0.12176863845249822
99,0.1277210142255419
100,0.13526829441570498
101,0.14026870081213885
102,0.14413046181611147
103,0.14744452609752084
104,0.14984714821702924
105,0.1514049186028264
106,0.15203224372651739
107,0.1520181744295481
108,0.1514508507194027
109,0.15023413664425608
110,0.14838790110720373
111,0.14621501596494962
112,0.1433455223691777
113,0.14000112952181273
114,0.13624185793499358
115,0.13228364266930948
116,0.12810948597683833
117,0.1234507852432228
118,0.11860031553557696
119,0.11341257103872851
120,0.10797208849225011
121,0.1025966430217168
122,0.09708194970837353
123,0.09168306389782163
124,0.08623462997038635
125,0.08074082415177447
126,0.075273940983336
127,0.06993733568511482
128,0.06470735783256748
129,0.05967443926435883
130,0.05475485811422477
131,0.050078395688960164
132,0.04564570770693054
133,0.0413502240182416
134,0.03720382713094454
135,0.033283801412165276
136,0.0295488423344528
137,0.02598081132725284
138,0.02260511397582125
139,0.01943969659154108
140,0.016385258585698663
141,0.01372677134023844
142,0.011139982760021344
143,0.008695555729920857
144,0.0064142847981816
145,0.004394954254881843
146,0.0025361986350762467
147,0.0006850764046512256
148,-0.0009163597949945723
149,-0.002350851944971582
150,-0.0037458601090606504
151,-0.004847592440922647
152,-0.005776168969348953
153,-0.006651955331039133
154,-0.0074343807664918335
155,-0.008145192843750905
156,-0.008757850566196457
157,-0.009212029435748368
158,-0.009627466490742963
159,-0.00988227928421104
160,-0.009903325933885512
161,-0.010140818213206783
162,-0.010307205156912774
163,-0.01017685471204142
164,-0.010094418181097771
165,-0.009953326687427034
166,-0.009955535758037148
167,-0.009507644463667026
168,-0.009136611637795071
169,-0.008844205810148916
170,-0.008677806134047478
171,-0.008451853224720142
172,-0.008258090039252914
173,-0.008022020286812998
174,-0.007768713735726344
175,-0.007421241571009938
176,-0.007176879527725049
177,-0.006990777742908379
178,-0.006891747717597969
179,-0.006464773839088527
180,-0.006225217001845468
181,-0.0059304665035776844
182,-0.005673617800077577
183,-0.005240800388677575
184,-0.004792230457630108
185,-0.004440964421042256
186,-0.0041648981401356654
187,-0.0038305031641353267
188,-0.0035548914297462066
189,-0.0034162065498009497
190,-0.00335593158073912
191,-0.003203289894538317
192,-0.003132442389930846
193,-0.003018880245076599
194,-0.002877138762618274
195,-0.0025598436483516376
196,-0.002515089914973969
197,-0.0023799060618048713
198,-0.00243236053893503
199,-0.002105654274573482
200,-0.0018652050237335188
201,-0.0018007265816387
202,-0.0016287546363317044
203,-0.0014627305022339866
204,-0.0013245733800800223
205,-0.0012593625069370934
206,-0.0013536754343821701
207,-0.0012883460862996045
208,-0.001418503126084111
209,-0.0014982389249674466
210,-0.0017267949725439933
211,-0.0016576808562527255
212,-0.0016714743058746824
213,-0.0017682430577536435
214,-0.0018903201830492377
215,-0.00170617549473678
216,-0.0016946389895318211
217,-0.0017050609645012965
218,-0.001776056992501661
219,-0.0017870162745590144
220,-0.001822437225735751
221,-0.0018670410988190045
222,-0.0020476018087989645
223,-0.0020933509608527068
224,-0.0020742275395105566
225,-0.0020360540354240346
226,-0.0021135523704554067
227,-0.002190106534702381
228,-0.002362713062598471
229,-0.0025748834721639356
230,-0.00273470425587575
231,-0.0028470926011937058
232,-0.002997044632518232
233,-0.0031871477635901646
234,-0.0033480644882401102
235,-0.00333153249134336
236,-0.003516538335221899
237,-0.0036192636200010186
238,-0.00382866250538748
239,-0.003917520810960933
240,-0.0040919686978866205
241,-0.004223998927689341
242,-0.004422715587943385
243,-0.004576330220142297
244,-0.004721958457296857
245,-0.0049056977461382715
246,-0.00498654209103123
247,-0.004959617530998488
248,-0.004987702648876257
249,-0.004972090822198487
250,-0.004956937743728684
251,-0.0047364320078216345
252,-0.0045836936827393865
253,-0.004363704500115634
254,-0.004230022623975483
255,-0.004142529422179918
256,-0.0041185080392951035
257,-0.0040926044263913065
258,-0.004145202588604089
259,-0.0037868293925395024
260,-0.0035967527448501
261,-0.0034647884688557974
262,-0.0033163456083636442
263,-0.003226488955663164
264,-0.0032045695002807756
265,-0.003256901873738594
266,-0.0032315465814447388
267,-0.003212286286851529
268,-0.003320250697709324
269,-0.0033765481937573566
270,-0.0034330364210891913
271,-0.003424873682367894
272,-0.0033706799600196277
273,-0.0033220693930750248
274,-0.0033119237747487344
275,-0.0031235803880515804
276,-0.0029639265897060574
277,-0.0028074401657139955
278,-0.0027606353070917357
279,-0.0027449854105515777
280,-0.0028024360796552778
281,-0.002826161243360009
282,-0.002860657567979359
283,-0.0031100352838028243
284,-0.003048503181676499
285,-0.0031050912946506168
286,-0.0031293608319227
287,-0.003243398213437019
288,-0.0033519811640656465
289,-0.0034840199245733177
290,-0.0036380181201850813
291,-0.0037805499660908005
292,-0.0039453262617727015
293,-0.004166238415742431
294,-0.004169698444205248
295,-0.004348062561322632
296,-0.004474180057665533
297,-0.00453141561294815
298,-0.004512868714471856
299,-0.004444975061946194
300,-0.0043553155067272385
301,-0.0042701996978096015
302,-0.00421453621139287
303,-0.004239234894053505
304,-0.004246284757750728
305,-0.004203900841475696
306,-0.004016426313443871
307,-0.004004883760351074
308,-0.003926832011751582
309,-0.00393091732815482
310,-0.003811977783407339
311,-0.003928254665956892
312,-0.0040425995348212646
313,-0.004075493551135543
314,-0.004062934125280343
315,-0.00410345726562272
316,-0.003981262429331215
317,-0.003914690208467055
318,-0.003747578918784066
319,0.07625856895426832
320,0.17625857361464997
321,0.2762586037398224
322,0.37625864659739044
323,0.4762586894549585
324,0.5420810740864321
325,0.5398727610538459
326,0.5379238069165221
327,0.5366979382490488
328,0.5360784117175693
329,0.5360016735702081
330,0.5361183596082854
331,0.5362295452515293
332,0.5362835942702032
333,0.5364399480862969
334,0.5366507328929276
335,0.5370661909563748
336,0.5375257031080697
337,0.5381231707644367
338,0.5387407556056105
339,0.5395250711651673
340,0.5403025112311827
341,0.5410052757978991
342,0.5416819644187396
343,0.5424814378950765
344,0.5430588838596025
345,0.5429414275116007
346,0.5420052781363343
347,0.540556688041498
348,0.5381677532470955
349,0.534734029913272
350,0.5302290855870787
351,0.5248741583718087
352,0.5182238690747138
353,0.510235621466825
354,0.5007412015056893
355,0.48947496049269346
356,0.4773529115197038
357,0.4628829897276293
358,0.44637130100161754
359,0.42812189494495123
360,0.40752062446322734
361,0.38463828167513314
362,0.35946242066411893
363,0.3327568896640599
364,0.30410113765333
365,0.2738126278138158
366,0.24245001946056075
367,0.2104495881235683
368,0.17832185829689326
369,0.14641335485503074
370,0.11524345767306901
371,0.08570452305213361
372,0.057499809783928414
373,0.030965926753374194
374,0.006422109491803768
375,-0.015909711255177345
376,-0.035866003783542225
377,-0.05344408346771082
378,-0.06851054981748231
379,-0.08143446595715301
380,-0.09251122982729917
381,-0.10211325126236036
382,-0.1104014295436048
383,-0.11723247429266795
384,-0.12291777533880804
385,-0.127753889270587
386,-0.13162285681038285
387,-0.1345015559280632
388,-0.13654463429873157
389,-0.13799044236516242
390,-0.13885130508614876
391,-0.13875662699360225
392,-0.1380254564526426
393,-0.13695331872780067
394,-0.13529906861550126
395,-0.13320589463494523
396,-0.13075685020163577
397,-0.12787839936566667
398,-0.1246698802763181
399,-0.12071065278519598
400,-0.11670840252985726
401,-0.11237162768273252
402,-0.10786139941242856
403,-0.10306672942783074
404,-0.09812492388144331
405,-0.09322486149353006
406,-0.08833657020520785
407,-0.08335689851476001
408,-0.07830595724079562
409,-0.07346166911113947
410,-0.06881520420954883
411,-0.06407891862427484
412,-0.059401692255283384
413,-0.054883226125124966
414,-0.05068890131826523
415,-0.046323866919445116
416,-0.04223062778314075
417,-0.038382790926829335
418,-0.0348087139416512
419,-0.030935913950825695
420,-0.027513486798243007
421,-0.02425558256667282
422,-0.021258909529115723
423,-0.018235595863944354
424,-0.015461550034023741
425,-0.013129897650119083
426,-0.011018373104624597
427,-0.00879035096050548
428,-0.006801657743750914
429,-0.005092421508472544
430,-0.003539821748466584
431,-0.0018865366244181021
432,-0.00043673185905633555
433,0.0007246302277281955
434,0.0017446302574387342
435,0.002871112519853043
436,0.0038108738210600765
437,0.004540419517374677
438,0.005102031283936433
439,0.005529587669537591
440,0.00592254377051057
441,0.006215874606685974
442,0.006410128944307583
443,0.006710121369781043
444,0.006842435150030374
445,0.006846337629234987
446,0.006634939121143519
447,0.006525243804786634
448,0.006310153538635206
449,0.006163638044503896
450,0.006042450786326118
451,0.005886060364595728
452,0.005719150756056624
453,0.005423179221065439
454,0.005138030222204503
455,0.00460722849713218
456,0.004072628571173956
457,0.0036197331907451167
458,0.003239698179320019
459,0.0029441616466192922
460,0.0026076385143819067
461,0.002298475899397379
462,0.001993090731494172
463,0.0017705178911862445
464,0.0015384034573920488
465,0.0013004585414126244
466,0.00106210122314466
467,0.0008170576147314744
468,0.0007574079336100622
469,0.00054995466010712
470,0.00028412801353480335
471,1.744352181922111e-05
472,-0.00019734724019409777
473,-0.00034670450949628997
474,-0.0005160909381893733
475,-0.0006681486849039711
476,-0.0008232463228626133
477,-0.000965798476939071
478,-0.0010173209427224844
479,-0.001098629574415431
480,-0.0011482442817269888
481,-0.00126549207309138
482,-0.0014597317684582256
483,-0.0015190825565965112
484,-0.0015397846039882002
485,-0.0015414967928659832
486,-0.00150815453256998
487,-0.0014289778768327155
488,-0.0014047464094230201
489,-0.0013792290973970954
490,-0.0014810445251975477
491,-0.0014244405603910967
492,-0.0014300226972031255
493,-0.0014738309228948731
494,-0.0014905502133286544
495,-0.0013706160775108034
496,-0.0012602921627906823
497,-0.0011426932119598535
498,-0.00107518223157936
499,-0.0010071669210151989
500,-0.001034831997167159
501,-0.0009445942638709389
502,-0.000945571793531409
503,-0.0008763234777921256
504,-0.0008440828880122044
505,-0.0007921990131840189
506,-0.0007921825247319145
507,-0.0006288733193154344
508,-0.00044348820284131
509,-0.00039502883945884116
510,-0.00034026785706240667
511,-0.00017491157530308778
512,6.261977337361111e-06
513,4.2597559504438886e-05
514,0.00014586563266767556
515,0.0003053704492540689
516,0.0005781571324737256
517,0.0006677444313485177
518,0.0007307345837394968
519,0.0008504399820731355
520,0.0011353709386620356
521,0.0013490087568028067
522,0.0015719479081277555
523,0.0017557290228882132
524,0.0020086331029547776
525,0.002216029373523302
526,0.0023504821325458134
527,0.002429546743203142
528,0.00246997356297396
529,0.002481672915516691
530,0.0024474307931724466
531,0.0024497165764651324
532,0.00252238239446644
533,0.0026372415884449076
534,0.002615779608030942
535,0.0028365182831127022
536,0.002879981015253987
537,0.00290934904929703
538,0.0028545581139403056
539,0.0027593504810671434
540,0.0025941927228176403
541,0.0024527962246139613
542,0.0023154895628139023
543,0.0023859305856967178
544,0.0023656186589015343
545,0.00223490056611164
546,0.0020422956466582577
547,-0.038001322629648726
548,-0.13800131583087447
549,-0.23800133958984923
550,-0.338001363348824
551,-0.43800140620639194
552,-0.5356721846408214
553,-0.5340662285044538
554,-0.5322799561837609
555,-0.5308514832737317
556,-0.5299447393657507
557,-0.5294552742537658
558,-0.5290401599649959
559,-0.5282916797324255
560,-0.5270848205313552
561,-0.5254792018034669
562,-0.5234590799417901
563,-0.5211325784484637
564,-0.518451467009533
565,-0.5153804641572135
566,-0.5117679015969365
567,-0.5076588583747831
568,-0.5027822426930862
569,-0.49712912277643934
570,-0.49056359940203514
571,-0.4833151548992192
572,-0.4750266010123091
573,-0.4657279161663856
574,-0.45540916272680215
575,-0.4441612436308549
576,-0.4318111065258214
577,-0.4182436569230552
578,-0.4033700290685316
579,-0.3876346599577357
580,-0.37043523089163516
581,-0.351976122281951
582,-0.33218097795318535
583,-0.3118214892948089
584,-0.29062028107200133
585,-0.2688762208030981
586,-0.2465652951902856
587,-0.2244157272249774
588,-0.20215627868695865
589,-0.18005883078241416
590,-0.1584043047182967
591,-0.13718609238136914
592,-0.1168586384299383
593,-0.09780879123488102
594,-0.07988996272741203
595,-0.06346393119177231
596,-0.0483540155425367
597,-0.034421292612979174
598,-0.021602313693486697
599,-0.010240629370977888
600,2.3525732375119998e-05
601,0.00921048626942015
602,0.017274075917509433
603,0.023660726324612098
604,0.0303807598642489
605,0.035879797424150116
606,0.040624347607308986
607,0.04458180147574529
608,0.04792429082999086
609,0.050640180807085926
610,0.052888594519133754
611,0.05454506006824102
612,0.05566014416292691
613,0.056533058096204174
614,0.05702929047636925
615,0.056993655047991205
616,0.056685312080963605
617,0.05629188742783815
618,0.055549824322573334
619,0.0543738220818696
620,0.05286509688333567
621,0.05117208299309676
622,0.04951100831683755
623,0.04766632995174844
624,0.04576924377375847
625,0.04374626603578283
626,0.04174971565779769
627,0.03952858364947492
628,0.03723780671129466
629,0.034963607988606635
630,0.03276990983613449
631,0.03036352274729228
632,0.027858183300751887
633,0.025517630335809758
634,0.023546014444448957
635,0.02119618783928275
636,0.019082894127440856
637,0.017137443945344128
638,0.015347214396146065
639,0.013337368850834815
640,0.01156031669430499
641,0.00995999400630304
642,0.008457859095652658
643,0.006941957282424827
644,0.005627347001782356
645,0.004532795486304758
646,0.003455319768333465
647,0.002313495351376961
648,0.0012212388501787476
649,0.0003126139663198467
650,-0.00047429217097811444
651,-0.0011506561157346032
652,-0.0018597103584782142
653,-0.0024047105506716745
654,-0.0027224573466668057
655,-0.0031281192960426287
656,-0.003358446674473812
657,-0.003543397769051928
658,-0.0036974233393139034
659,-0.0038691203285412122
660,-0.004062160441270985
661,-0.004068930128606388
662,-0.004077002785629894
663,-0.004285892120550553
664,-0.004282769118595227
665,0.013280113178367395
666,0.028916082387765087
667,0.04374016148878559
668,0.0574910206113511
669,0.06828442884053508
670,0.08134600763978253
671,0.09122014583034453
672,0.10012429193854096
673,0.10798233807058526
674,0.11507434599673733
675,0.12122035603974436
676,0.12668781216597796
677,0.13125670494830563
678,0.13515784088519922
679,0.13800795577510025
680,0.1402137350609926
681,0.14043412645998854
682,0.1424443170532164
683,0.14279133849113398
684,0.142448773391623
685,0.14165210740848216
686,0.1404259076987273
687,0.13850390167636778
688,0.13625530971078367
689,0.1337254400311744
690,0.13091315308814747
691,0.12772987597277327
692,0.12429277218795844
693,0.12056289333602947
694,0.11680196653780212
695,0.11270060731630122
696,0.1086162649413157
697,0.10394507372776632
698,0.10031688851827533
699,0.09594161727351554
700,0.09163974828850974
701,0.08731473817477838
702,0.08312325905830112
703,0.07898795527053756
704,0.07484259925656835
705,0.07076998978398755
706,0.06670966070681575
707,0.06255729932887139
708,0.058537429984712605
709,0.05477501986241565
710,0.05127635494561286
711,0.04759596054859002
712,0.04410156416736095
713,0.04078003551912058
714,0.0376589287808565
715,0.034544544747388634
716,0.031750452397455935
717,0.029064493735578505
718,0.026682421702322108
719,0.024116283794281074
720,0.021946560105816516
721,0.01980561545078161
722,0.017933330705883543
723,0.0161662524713274
724,0.014439222713411354
725,0.012845814352757093
726,0.011452772516158933
727,0.010026416366872782
728,0.008713493128627087
729,0.007513407561934683
730,0.006516401156148448
731,0.005697071509111371
732,0.005020043569932302
733,0.004325297865868471
734,0.003753940723831311
735,0.003381318958669502
736,0.0030449487425014393
737,0.002733479781405578
738,0.0024690756107850352
739,0.0021509645409561553
740,0.0019950844972972735
741,0.0018523386834860612
742,0.0017284065118357643
743,0.0015651817222011011
744,0.0015227164459191622
745,0.0012637751732272823
746,0.0012064644968115266
747,0.0013696078627773044
748,0.0014877407466112188
749,0.00175020946579981
750,0.0019809300842643833
751,0.0019887081773192167
752,0.002043099442782849
753,0.0020838988761064333
754,0.0021486929542843935
755,0.0024936107458261502
756,0.0027726850551571774
757,0.0029445159255226156
758,0.003111500782518814
759,0.0033391283201573635
760,0.0034475176110512367
761,0.003677687808060622
762,0.003762329653557731
763,0.003912078794160805
764,0.004061611420379295
765,0.004179414535171123
766,0.0042403305803437276
767,0.004234066878403404
768,0.00423216395824182
769,0.0041302235619800525
770,0.004111527503491094
771,0.004082794497670985
772,0.004183831403151809
773,0.004167946848563557
774,0.0040903189614085065
775,0.0041308856465433145
776,0.0042311157001246385
777,0.004188820592307853
778,0.004085252104640233
779,0.0038873408320602124
780,0.003715766073829199
781,0.003494450175599834
782,0.0032265914514465143
783,0.003195758682631209
784,0.0030794435392333354
785,0.002895263964157351
786,0.002834761212540968
787,0.0028154146559686037
788,0.002795958919105278
789,0.002610405900532388
790,0.0025643738346518056
791,0.0024354308287732034
792,0.03773258568851943
793,0.06268584432006828
794,0.08552502810731456
795,0.10600891863540929
796,0.12404079171585762
797,0.13960757754473282
798,0.15292326312612078
799,0.16467526412402633
800,0.17482628098598646
801,0.18377718681646327
802,0.19140113512581253
803,0.19803866019647143
804,0.20138328859315213
805,0.20754636004605867
806,0.2106224494903593
807,0.21263686087267794
808,0.2135630344161115
809,0.21359748827819203
810,0.2128577424688987
811,0.2114694275341103
812,0.2095331293978611
813,0.20723133511790026
814,0.20426644404923913
815,0.20076989907627826
816,0.19668851698323428
817,0.19216798183881564
818,0.18719466997989376
819,0.18184652276519955
820,0.1762815301236415
821,0.17060410406408563
822,0.16468846125190756
823,0.15861372715861477
824,0.15255119070016057
825,0.14647203209944987
826,0.1400716606263933
827,0.1332816332892638
828,0.1267123984215868
829,0.12017164592252552
830,0.1135663720095348
831,0.10692955358682323
832,0.10028812603695972
833,0.0939547524287472
834,0.08788419456116117
835,0.08189055309447259
836,0.07618426269443757
837,0.07074791181028185
838,0.06568709019745031
839,0.06057328272096462
840,0.0557013079974082
841,0.05114814608965574
842,0.04675051994158928
843,0.04255838828984534
844,0.03861682254106801
845,0.03486029287560841
846,0.031435708218617166
847,0.028033465732537177
848,0.024902590063866123
849,0.022038153138946134
850,0.019545744713222072
851,0.017046267898165417
852,0.014870774524703895
853,0.0128768037300364
854,0.011059002178497097
855,0.009220589425207622
856,0.00749267794890685
857,0.0061171278771742655
858,0.004939757922551572
859,0.003767843672054116
860,0.002759136194851764
861,0.0019423621942288802
862,0.0010856191671134866
863,0.00051994150105155
864,6.240298842562667e-05
865,-0.00023025610248146778
866,-0.0005069034198880999
867,-0.0007503347059671956
868,-0.0008932264966922111
869,-0.0010836001911674
870,-0.0010500081849346978
871,-0.0011141155413642034
872,-0.0011646078290319711
873,-0.0010525276076838422
874,-0.001062324676684761
875,-0.0008365854169530321
876,-0.0006517460491449667
877,-0.0004584992896370833
878,-0.00023653281692994
879,-0.00012059279536673667
880,0.00010052589078954334
881,0.00021610997187181775
882,0.00039129242252185003
883,0.0006981516198459967
884,0.0010648803230989532
885,0.0013219803004232145
886,0.001522019601916329
887,0.001841755771038131
888,0.002087796707986709
889,0.0022996403406230167
890,0.0023633348491301433
891,0.0025322939277024298
892,0.0027625592993677853
893,0.0028698026746713967
894,0.002927022378121681
895,0.00324320442637831
896,0.0033203139777146975
897,0.0033948414629163402
898,0.0034090867852527235
899,0.0036044634835330166
900,0.003698904753524202
901,0.0038261854178531975
902,0.00381382525398675
903,0.004047150029292171
904,0.004172034202150066
905,0.004210270604270098
906,0.0040224270914182075
907,0.004285723034339013
908,0.0042847152652393545
909,0.0042736632913431445
910,0.0040878122073928335
911,0.017110107492318668
912,0.0325269139788811
913,0.04715162541226833
914,0.060630221993405176
915,0.07299822264925132
916,0.08403957772765838
917,0.0939075025092421
918,0.10254208470722488
919,0.1105744564315366
920,0.11742604490065404
921,0.12361279224289494
922,0.1289295604690091
923,0.1338162856726913
924,0.1378663524391325
925,0.1408347321841463
926,0.1428097304363577
927,0.14435641090572016
928,0.14515578888909125
929,0.14530438231015957
930,0.1448897964158006
931,0.14422269528873208
932,0.1429415934898082
933,0.1412820085038163
934,0.1389669152368107
935,0.13657639525917498
936,0.13369799535278765
937,0.13035507946329458
938,0.12685417364489307
939,0.1235132758400784
940,0.11982359952677443
941,0.11586161547203797
942,0.11171336920430218
943,0.1076599792826492
944,0.10338111773621675
945,0.09895398107860219
946,0.09438031364798177
947,0.08985068120701602
948,0.08529452718633344
949,0.08068879321777887
950,0.0761771198205916
951,0.0718057930719414
952,0.06777245285339935
953,0.06363112027639148
954,0.05956053525468684
955,0.05585168077074029
956,0.05215089862550738
957,0.0485201605707292
958,0.04488735986788856
959,0.04152830566716597
960,0.03830373866659558
961,0.03528776395416008
962,0.03227943631843024
963,0.02967233192803735
964,0.027122626449560667
965,0.024632404176134912
966,0.022305725702511766
967,0.02012474148351357
968,0.018091443502408072
969,0.016190856552289863
970,0.014190213345788188
971,0.012537693566030045
972,0.010869438455358293
973,0.009397266690914162
974,0.008097956293261004
975,0.0071289369659075915
976,0.006232621526417874
977,0.005376206867781069
978,0.004532630601783713
979,0.00377903353779302
980,0.003067250870028997
981,0.0023469692009799124
982,0.0017291961113394322
983,0.001489899715245249
984,0.0012283287572596511
985,0.0008652313331882789
986,0.0005098583351249289
987,-0.07954147069782029
988,-0.17954148172439968
989,-0.2795415245819676
990,-0.37954154834094245
991,-0.47954158483231263
992,-0.5416201868360291
993,-0.5396555973170958
994,-0.5379546575106909
995,-0.5369910061612582
996,-0.5366139617348757
997,-0.5367888793835315
998,-0.5371537898370525
999,-0.537646533540865
1000,-0.538109292453399
1001,-0.5385455679834026
1002,-0.5390500254910267
1003,-0.5398165156969572
1004,-0.5406968335181871
1005,-0.5415786155648935
1006,-0.5425552794224734
1007,-0.5435972095391166
1008,-0.5446483324452726
1009,-0.5455403640703141
1010,-0.5463714075211628
1011,-0.5472845112606696
1012,-0.5481001485130269
1013,-0.5488286961805244
1014,-0.5495498845234533
1015,-0.5503648787898405
1016,-0.5510908927106442
1017,-0.55098938368794
1018,-0.5499937740259343
1019,-0.5481615823210604
1020,-0.5451886571108719
1021,-0.5411033152428437
1022,-0.5356746228945497
1023,-0.5290495310080451
1024,-0.5207871612923725
1025,-0.5107117239297878
1026,-0.49873293987037176
1027,-0.48488558765228873
1028,-0.46859484418447483
1029,-0.44978625678455175
1030,-0.42819571737375495
1031,-0.4042648236233851
1032,-0.3773437395346001
1033,-0.3476533276050275
1034,-0.31537923889268515
1035,-0.28110359851742595
1036,-0.24513144920937754
1037,-0.20795163855934556
1038,-0.1705089930700939
1039,-0.1339568131212437
1040,-0.09845732216318961
1041,-0.06419995277539736
1042,-0.031834102962305495
1043,-0.002102236199353664
1044,0.024826382220775323
1045,0.04882286690629226
1046,0.06958123350276421
1047,0.08723518616802331
1048,0.10221853544031453
1049,0.11504429117728387
1050,0.12588060375940677
1051,0.1346782179148952
1052,0.1418444429741099
1053,0.14777751643565543
1054,0.15255225385518045
1055,0.15644033272054275
1056,0.15944325545440516
1057,0.16179160573831924
1058,0.1633281321223125
1059,0.16400487167273467
1060,0.16397916496632645
1061,0.1635095878560304
1062,0.16224464983312692
1063,0.16024081270522725
1064,0.15751899579805145
1065,0.15419168982537684
1066,0.15063931966457714
1067,0.14665092225548515
1068,0.14235918825725544
1069,0.13770809512991966
1070,0.13276410597771304
1071,0.1275736494806343
1072,0.12204407836321077
1073,0.11635410452794154
1074,0.11063065085884347
1075,0.1046492961537616
1076,0.09869029316888753
1077,0.09294329730060732
1078,0.08716680683827331
1079,0.08120653698005223
1080,0.07541013623433744
1081,0.06979946930721088
1082,0.06442142897448541
1083,0.058805775404681904
1084,0.05345953422958617
1085,0.048539857586486254
1086,0.043912644066812
1087,0.039565880655458845
1088,0.035555373441672505
1089,0.03182906348018743
1090,0.02810343470185878
1091,0.02439812555342456
1092,0.020997201506893128
1093,0.01792531948266807
1094,0.015138740519288856
1095,0.012496638593529832
1096,0.010117002267522511
1097,0.007958462715218908
1098,0.006128070734441493
1099,0.004289606414950455
1100,0.0026632615117811154
1101,0.0012003242991070412
1102,-0.00010478859492615333
1103,-0.0016244878832933423
1104,-0.002884049270247324
1105,-0.003917331098268768
1106,-0.004794193347374249
1107,-0.005885892296975823
1108,-0.006594778281113597
1109,-0.007228823244811838
1110,-0.007746922240918202
1111,-0.008372381432056406
1112,-0.008743083215646734
1113,-0.009061203389138357
1114,-0.009254346188637413
1115,-0.009395251152714848
1116,-0.0095061153029738
1117,-0.009463874307837667
1118,-0.009326232020093615
1119,-0.009266676877008401
1120,-0.00916484763455889
1121,-0.008994964375063055
1122,-0.008855560560408864
1123,-0.008536969288285687
1124,-0.008330014386205344
1125,-0.008027674743631167
1126,-0.0076908621403832846
1127,-0.007501282501750171
1128,-0.007286636596199854
1129,-0.007005718572346074
1130,-0.006707992513262245
1131,-0.006368243183004431
1132,-0.006027135942772156
1133,-0.005662643748441504
1134,-0.005326829364996695
1135,-0.0049706641572886115
1136,-0.004577625932364996
1137,-0.004253647329080136
1138,-0.003991295938915593
1139,-0.0036508339128226122
1140,-0.003364956111646271
1141,-0.003171555672125338
1142,-0.0029535353634715877
1143,-0.00268652652671438
1144,-0.002472820653919942
1145,-0.002357860619369531
1146,-0.0021302205403214663
1147,-0.00181966430099325
1148,-0.0015557707630921224
1149,-0.00130100488850127
1150,-0.0012035884396659022
1151,-0.0008408959694317323
1152,-0.00054562337928863
1153,-0.0005129829286296856
1154,-0.0005660501522907478
1155,-0.00038134640995898773
1156,-0.00029397400039903114
1157,-0.00016473832767867667
1158,-4.161254956164333e-05
1159,-6.215016443232223e-06
1160,-0.00011414161526964777
1161,-9.676597621675333e-05
1162,-0.0001903616941924789
1163,-0.00021952558337311667
1164,-0.00020253092942299665
1165,-0.0002797958159838411
1166,-0.00037420291222564666
1167,-0.0006381036693949922
1168,-0.00082277274141395
1169,-0.001065964359247341
1170,-0.0011640791799729978
1171,-0.00129522075223547
1172,-0.0013901382138163864
1173,-0.0015561826560848446
1174,-0.0016142204796045989
1175,-0.0015870650812423958
1176,-0.001592982016392712
1177,-0.00160942673271867
1178,-0.0016387571425331667
1179,-0.0017381473673107844
1180,-0.00182869920880269
1181,-0.0017748460143706623
1182,-0.001907362939989359
1183,-0.00205914047851115
1184,-0.002273601318693638
1185,-0.002241582272594501
1186,-0.0022697581087898324
1187,-0.0023224998287612836
1188,-0.002392247954683852
1189,-0.0025502731523277034
1190,-0.002709237300473821
1191,-0.002791368444912667
1192,-0.002866219205634717
1193,-0.002953613604041612
1194,-0.0029021088999498486
1195,-0.003034452346680574
1196,-0.003062861949656318
1197,-0.0031046651413749946
1198,-0.0031306407559750457
1199,-0.0032917488485285644
1200,-0.003381623008272786
1201,-0.003428947093981389
1202,-0.0033847696288216668
1203,-0.0033203384875759344
1204,-0.003133336204091249
1205,-0.0030782373994126077
1206,-0.0028279802570355945
1207,-0.002742920343333972
1208,-0.0026037122892597834
1209,-0.0025070194861196654
1210,-0.00248464656647342
1211,-0.002258343707257213
1212,-0.00219808560861935
1213,-0.001954774624578639
1214,-0.0019446086344196334
1215,-0.0019247017887856078
1216,-0.002012411950599597
1217,-0.001978099418108529
1218,-0.002027042300574308
1219,-0.0021177182192598488
1220,-0.0020213632702329254
1221,-0.0019613912685207645
1222,-0.001799195893058019
1223,-0.0016767814866070231
1224,-0.0014715357812915334
1225,-0.0014666317718610323
1226,-0.0014748512970660245
1227,-0.001496136806479089
1228,-0.0014797994879087277
1229,-0.0015447422804655134
1230,-0.0014563538639460435
1231,-0.0015708379615546322
1232,-0.0015702192944598455
1233,-0.0015793786614347845
1234,-0.0014723372855849444
1235,-0.0013730835520865234
1236,-0.001386581610134101
1237,-0.0014346040040710134
1238,-0.0014711124291429088
1239,0.018370162641568093
1240,0.11837015838927291
1241,0.21837017578204998
1242,0.3183702377382111
1243,0.4183702614971859
1244,0.5107016016754072
1245,0.5041285216243051
1246,0.49731794420092357
1247,0.49683366754008346
1248,0.496330648793145
1249,0.49581166362231543
1250,0.49487141441571486
1251,0.4934567816195369
1252,0.491357432427189
1253,0.4886018555734845
1254,0.4852198766947589
1255,0.4816387185878528
1256,0.4776421915442676
1257,0.47322405032403664
1258,0.46824562004214487
1259,0.46294688088798414
1260,0.45685922977951005
1261,0.4497851745309387
1262,0.4419065974112355
1263,0.43373272421011977
1264,0.42463274749374535
1265,0.4144909106889028
1266,0.40333173002302597
1267,0.3917198108398321
1268,0.37924210149861387
1269,0.3656579342606253
1270,0.3511463266058562
1271,0.3359192347213187
1272,0.3197076867531873
1273,0.302588751891105
1274,0.2847623478421883
1275,0.2667934046262385
1276,0.24864277012725497
1277,0.23018860805320207
1278,0.2117123743716412
1279,0.19399336807832293
1280,0.1763878710904178
1281,0.15909490984736108
1282,0.14221855894953941
1283,0.12616657336115425
1284,0.1107943576333078
1285,0.09618312535036089
1286,0.08245219179005073
1287,0.06954450308837767
1288,0.05735189372629789
1289,0.046262844367784585
1290,0.036106459527903874
1291,0.026779504307748843
1292,0.018148708087552312
1293,0.010426165200816925
1294,0.0033604314002761444
1295,-0.003001156750613886
1296,-0.0087154672865412
1297,-0.013726076151447013
1298,-0.018199208587615142
1299,-0.022275309919647362
1300,-0.025890288451960577
1301,-0.028932489352538542
1302,-0.031529194558949813
1303,-0.033909299437109595
1304,-0.03567677046606529
1305,-0.03688211069235881
1306,-0.037880716287013234
1307,-0.03852343869651873
1308,-0.03864859687052665
1309,-0.03861273607874919
1310,-0.03840683159929325
1311,-0.037763019933357234
1312,-0.03758609502255924
1313,-0.036735228505238623
1314,-0.03572213153470579
1315,-0.03471909442981592
1316,-0.033568737780022236
1317,-0.032273927010920175
1318,-0.03090685862441484
1319,-0.029470426057371654
1320,-0.02797964271388236
1321,-0.026344325673613132
1322,-0.024747577605633026
1323,-0.02310082432777299
1324,-0.02170317018092403
1325,-0.020119486823912455
1326,-0.018437115306408222
1327,-0.01683246042085531
1328,-0.015157643033569994
1329,-0.01365964806129932
1330,-0.012187302499657333
1331,-0.010774091912050799
1332,-0.009467737316616393
1333,-0.008223147571497088
1334,-0.007129798949079377
1335,-0.006112572862702976
1336,-0.0051183077416565555
1337,-0.00413535758213431
1338,-0.0033711584434405386
1339,-0.002628289377543898
1340,-0.001817502976866061
1341,-0.0011435572959768877
1342,-0.0005049198463675555
1343,0.0003019257760601611
1344,0.0009580783162835243
1345,0.0014540908079792312
1346,0.0019093872635415335
1347,0.00231904177381976
1348,0.0027302954093041958
1349,0.0030551551580159913
1350,0.003347297106766498
1351,0.003689820571344381
1352,0.003968517492474349
1353,0.004221642415939946
1354,0.004455645764260733
1355,0.004602286990797086
1356,0.004748995571705353
1357,0.0048284931474698685
1358,0.0047724112108767595
1359,0.004723846862527631
1360,0.004717696287920857
1361,0.004580514021624319
1362,0.004367077693641502
1363,0.004214557538155243
1364,0.00388641174916442
1365,0.003609287469858132
1366,0.0034490388776592866
1367,0.003215334740631511
1368,0.0030495878544446586
1369,0.002848570704981188
1370,0.002524969617221341
1371,0.0023077719486374443
1372,0.0020833717549349133
1373,0.001919045422108121
1374,0.001732921992219191
1375,0.0013133097301095001
1376,0.0008658571940864933
1377,0.0006580993234872633
1378,0.0005840020340967989
1379,0.0002642018082935
1380,0.00018243707036464
1381,5.0526041248097776e-05
1382,1.870980629294333e-05
1383,-0.0002713866481148589
1384,-0.016471495736683345
1385,-0.030967494111253765
1386,-0.04481807017186408
1387,-0.057846735728880126
1388,-0.06941881270024006
1389,-0.07979277635296239
1390,-0.08903089955994056
1391,-0.09769749736627574
1392,-0.10536900753881857
1393,-0.11208915948973307
1394,-0.11781919580727737
1395,-0.1230693927037951
1396,-0.1274382468212494
1397,-0.13101714492796368
1398,-0.1336515985037775
1399,-0.13590047058206142
1400,-0.13720620319997823
1401,-0.13783633581686539
1402,-0.13797099999731433
1403,-0.13772913541339643
1404,-0.1369397714590447
1405,-0.1357129924252969
1406,-0.13409279510462144
1407,-0.13218529764687414
1408,-0.1297727697237077
1409,-0.1270060265591959
1410,-0.12383133744455098
1411,-0.12041797957724544
1412,-0.11670830703689143
1413,-0.11265337012919156
1414,-0.10856515710599003
1415,-0.10475137813426073
1416,-0.10071362996041479
1417,-0.09646950875496046
1418,-0.09196952369679387
1419,-0.08760266856542478
1420,-0.08307589454723696
1421,-0.07870814178198884
1422,-0.07436283622991441
1423,-0.07030950997023863
1424,-0.06625691900639995
1425,-0.062238463594755614
1426,-0.05830240906334766
1427,-0.054442755270821555
1428,-0.0505842155628971
1429,-0.04687632810438479
1430,-0.04340470424903308
1431,-0.04032523435374117
1432,-0.03707789801039228
1433,-0.03411875179855693
1434,-0.03114991750702569
1435,-0.028350445720016493
1436,-0.02572652438171674
1437,-0.02319524140621283
1438,-0.020901303014242995
1439,-0.018730791827120022
1440,-0.016811735264165885
1441,-0.01499884905388903
1442,-0.013216890468773567
1443,-0.01164238207592135
1444,-0.010088471515804085
1445,-0.00862749471005704
1446,-0.007217214483262715
1447,-0.006055347747984627
1448,-0.0048736174572170336
1449,-0.003710030702637962
1450,-0.0027786196883371646
1451,-0.0020702860991758743
1452,-0.0013322524150982745
1453,-0.0007896521521226855
1454,-0.00019132029714711668
1455,0.00030204329607013997
1456,0.0006746959372909088
1457,0.0009952227881699922
1458,0.0013174833456751644
1459,0.0015094421597215712
1460,0.0016715349757389889
1461,0.0018835788252937055
1462,0.0020405630859477598
1463,0.00211831396804283
1464,0.0021525495968653958
1465,0.0023779229275519686
1466,0.0024151404833883047
1467,0.0022909807838313646
1468,0.0022569982113683144
1469,0.002145157422716572
1470,0.002059569560237726
1471,0.0018259178170172165
1472,0.0016125750721409377
1473,0.0015423093106814556
1474,0.00149726521502561
1475,0.0014593120450423036
1476,0.001372963612921409
1477,0.0013000205470092357
1478,0.0012102564588236566
1479,0.0012142558952196022
1480,0.0011225583927853423
1481,0.0011051802008871612
1482,0.0011131035705740488
1483,0.0007975776863167988
1484,0.0006923746137216478
1485,-0.025164067629731116
1486,-0.04329538390172212
1487,-0.06064284934659008
1488,-0.07617679514450769
1489,-0.0901204297369636
1490,-0.10235621719848444
1491,-0.11323348353056378
1492,-0.12294060452384516
1493,-0.13158870852579302
1494,-0.13907480955583157
1495,-0.14608647606671088
1496,-0.15199674580801018
1497,-0.1569538747923185
1498,-0.16075210750920657
1499,-0.16384397875766424
1500,-0.1660976764138227
1501,-0.16740508970793855
1502,-0.16771694426963052
1503,-0.16789500681996175
1504,-0.16740486052482045
1505,-0.16625589552584918
1506,-0.1645731248477477
1507,-0.16236805220980266
1508,-0.15960964239811115
1509,-0.15639067637829807
1510,-0.15254577943209544
1511,-0.1485567772342197
1512,-0.1441492611979895
1513,-0.13954047782072526
1514,-0.1347960626009582
1515,-0.1301007880614201
1516,-0.12525359057940422
1517,-0.12024756919657809
1518,-0.11508674098370532
1519,-0.10957882130474002
1520,-0.10417362659224397
1521,-0.09888376191771003
1522,-0.09352590625148721
1523,-0.08836426316530585
1524,-0.08329783929847746
1525,-0.07817566663818289
1526,-0.073167105142465
1527,-0.0683575860016767
1528,-0.06365848856040555
1529,-0.05910591870904141
1530,-0.05475090470543836
1531,-0.050497304231573475
1532,-0.04652759479589932
1533,-0.042857173047610615
1534,-0.03920398141346104
1535,-0.03552807327597407
1536,-0.032124644767258154
1537,-0.02907942883543825
1538,-0.02605525064061601
1539,-0.023258833355274625
1540,-0.02070313792135973
1541,-0.018202189878009138
1542,-0.01596059181724428
1543,-0.013845215722126972
1544,-0.012019082091006923
1545,-0.010334716680375639
1546,-0.00882942859199272
1547,-0.007465682724079376
1548,-0.006226273154047826
1549,-0.0050529319839925846
1550,-0.003957268994054409
1551,-0.0029091056058960767
1552,-0.00210249778641813
1553,-0.0012145669476403811
1554,-0.00045774429041804335
1555,0.00031717583718608554
1556,0.0008612272494679955
1557,0.001420679665423859
1558,0.0017352886898849445
1559,0.0018428668635268445
1560,0.002066268901088281
1561,0.0022591179642243667
1562,0.0025017024377808512
1563,0.002573287975690428
1564,0.0025723710522322866
1565,0.002641074039474561
1566,-0.01725890144861528
1567,-0.11725890674561666
1568,-0.2172589241383938
1569,-0.31725896699596173
1570,-0.41725899712113423
1571,-0.4578611610758553
1572,-0.44898950804084053
1573,-0.4388103207539532
1574,-0.4276746504562698
1575,-0.42638916871331206
1576,-0.429392078714779
1577,-0.4314019955615048
1578,-0.4326168952703002
1579,-0.43302494944579456
1580,-0.43250826883854115
1581,-0.43096580279207175
1582,-0.4286720617522313
1583,-0.4254666811983605
1584,-0.4213553907084107
1585,-0.4163506871285133
1586,-0.41046339936099646
1587,-0.40390882584667726
1588,-0.39670426354477045
1589,-0.38872117892323543
1590,-0.379985355082853
1591,-0.37061205839960804
1592,-0.36033770918914715
1593,-0.3492762178273401
1594,-0.337485064713434
1595,-0.32480573789030687
1596,-0.3115145112405733
1597,-0.29756153743605673
1598,-0.28320546235787475
1599,-0.26854421722561067
1600,-0.2535761404616585
1601,-0.2384980748996345
1602,-0.22337599981274667
1603,-0.20789783145618507
1604,-0.1925970890301823
1605,-0.1774079396840778
1606,-0.1626441669374739
1607,-0.14828835287339862
1608,-0.13460818973993477
1609,-0.12149008547109877
1610,-0.1089854216487185
1611,-0.09699950744785192
1612,-0.08574184806938752
1613,-0.0751175044066721
1614,-0.06525769016098837
1615,-0.05603471213839484
1616,-0.047623583480513036
1617,-0.04000641517173949
1618,-0.033029917446945084
1619,-0.026516980775597856
1620,-0.020631909718128387
1621,-0.01517406591383776
1622,-0.01050686566964133
1623,-0.006052346085757913
1624,-0.002274913965002282
1625,0.0011097274485972288
1626,0.004207294661482188
1627,0.006845327313656242
1628,0.009125028977656614
1629,0.011026134772889305
1630,0.012584900832010418
1631,0.013555156474961767
1632,0.014412180378720725
1633,0.0151098901844447
1634,0.015682064937255512
1635,0.01583919351961196
1636,0.015900086200838923
1637,0.015926874524240377
1638,0.015690839467578054
1639,0.015362863783390406
1640,0.015084152920287424
1641,0.014704913428929878
1642,0.014132529228213958
1643,0.013396740010805819
1644,0.012666562596691095
1645,0.011977730453692787
1646,0.011282581769313047
1647,0.010363803837775113
1648,0.009464787857211015
1649,0.008556673943480008
1650,0.0077443464773192024
1651,0.006753069012864503
1652,0.005900765644717648
1653,0.0051577571590908575
1654,0.004520413550042094
1655,0.003767671402743713
1656,0.00297946902482864
1657,0.0022633462654284777
1658,0.0016962004268475067
1659,0.0011259651361732134
1660,0.0006736465332581378
1661,0.00032547809749669445
1662,7.089174968164999e-05
1663,-0.00051814129312404
1664,-0.0009750355115262389
1665,-0.0013726638923325777
1666,-0.001775148408762538
1667,-0.0023482719796820858
1668,-0.00274663170928292
1669,-0.0031139294869503963
1670,-0.0033333188464246236
1671,-0.0036040907426562957
1672,-0.003866899162155422
1673,-0.004114821947151118
1674,-0.004290281040923232
1675,-0.004529133967683985
1676,-0.004700089294876485
1677,-0.004844320851912449
1678,-0.004776867103649493
1679,-0.004751915237305385
1680,-0.00468334937796208
1681,-0.00456434623489934
1682,-0.004336391602021749
1683,-0.004189126933742317
1684,-0.003942912581567747
1685,-0.0036497587256890613
1686,-0.003504819374790179
1687,-0.003212629297584881
1688,-0.0030368891361832653
1689,-0.0028285147629964744
1690,-0.00254095450308572
1691,-0.0024467958922734646
1692,-0.002303181856416698
1693,-0.0020246940648819523
1694,-0.00180034505540912
1695,-0.0018700826771054443
1696,-0.0018412626453624555
1697,-0.0015802549685514477
1698,-0.001547459564639909
1699,-0.0015705316201201688
1700,-0.0013639207473648133
1701,-0.0014026707106552156
1702,-0.0011998165311766012
1703,-0.0009800607970233766
1704,-0.0008591223935146166
1705,-0.0006477663479619644
1706,-0.0005109156778062611
1707,-0.0005374057002809778
1708,-0.0004556196037587556
1709,-0.0003734697426986022
1710,-0.00037197088510654
1711,-0.0002583153099345011
1712,-0.00017213415602499333
1713,-9.943095571065223e-05
1714,4.537331720492667e-05
1715,8.382509416014999e-05
1716,0.00013089031117071446
1717,0.0002445921813326
1718,0.0003375651514807978
1719,0.00023382738661570444
1720,0.00029563981789259446
1721,0.00034753534286261444
1722,0.00032082561653825557
1723,0.06021056478593956
1724,0.1602105668998421
1725,0.26021060975741006
1726,0.36021062715018715
1727,0.46021067000775506
1728,0.5413259220786476
1729,0.5391066209887901
1730,0.5371700554722365
1731,0.5359225035353165
1732,0.535304473060302
1733,0.5351612590763102
1734,0.5352927592564904
1735,0.5354626094117582
1736,0.5356570521888323
1737,0.5359366364942629
1738,0.536127558763996
1739,0.5361026860294896
1740,0.5358801046584768
1741,0.5352226037575755
1742,0.5342283691942782
1743,0.5328725855298577
1744,0.5309024383203119
1745,0.5282557552786709
1746,0.5248040665348711
1747,0.5207049991445507
1748,0.5158129263347807
1749,0.5099718444303423
1750,0.5032010748413267
1751,0.49559363408267515
1752,0.4868926906396206
1753,0.47714369916391064
1754,0.46608639676020575
1755,0.453897375387163
1756,0.440153308360949
1757,0.4248812138247027
1758,0.40795861886661616
1759,0.38959714226522235
1760,0.369642193641197
1761,0.3481951483270918
1762,0.32547953625738074
1763,0.30203766198515497
1764,0.2775957599097033
1765,0.252455059408717
1766,0.2267699471431927
1767,0.2007593693852433
1768,0.17499862669076183
1769,0.14966613175095425
1770,0.12539164794323984
1771,0.10236640948104006
1772,0.07958976467375209
1773,0.0589256789190887
1774,0.03989934209222498
1775,0.021995174938113597
1776,0.005742241591820168
1777,-0.008754397540551136
1778,-0.02145411179357839
1779,-0.03294112235771502
1780,-0.042971796437625394
1781,-0.05167707844442849
1782,-0.059359068015044286
1783,-0.06629103227690226
1784,-0.07229958719837833
1785,-0.0773083931560888
1786,-0.0815816269837335
1787,-0.08521392475695398
1788,-0.08801060178316249
1789,-0.09014817362664339
1790,-0.09150060230486336
1791,-0.0925758785651831
1792,-0.09303050784322395
1793,-0.09298392637447983
1794,-0.09250606047474755
1795,-0.09173573781778734
1796,-0.09038166666055465
1797,-0.0886067643689961
1798,-0.08638163184202377
1799,-0.08422610095476436
1800,-0.08170309403630124
1801,-0.07891203581620364
1802,-0.07589666971227052
1803,-0.07299518979265576
1804,-0.06984942486074859
1805,-0.06671893371042005
1806,-0.0633149939960269
1807,-0.05993011213113938
1808,-0.05649561848739123
1809,-0.0529699736246355
1810,-0.04968008816218066
1811,-0.04633620715711269
1812,-0.04307339458709754
1813,-0.03983513262198398
1814,-0.03680011533891741
1815,-0.03371499035018755
1816,-0.030711040748632294
1817,-0.027903693975038907
1818,-0.024940782793869777
1819,-0.022320968289721563
1820,-0.019731413596593535
1821,-0.01730586998218102
1822,-0.015058379368803124
1823,-0.013005678490275403
1824,-0.01112017051608549
1825,-0.009413963317684047
1826,-0.007771481121876826
1827,-0.006402317619700633
1828,-0.005043100983157797
1829,-0.003760494342415972
1830,-0.0024996378798590635
1831,-0.0013410422879573311
1832,-0.00023965205646241108
1833,0.0008435997572669545
1834,0.001668411528149821
1835,0.0024906978283957054
1836,0.0031238703046959156
1837,0.0037574986007531423
1838,0.004395232075750504
1839,0.0047101743706624245
1840,0.004957884651978103
1841,0.0051282364636264
1842,0.005429704573732207
1843,0.005623613863437194
1844,0.005718557426428777
1845,0.005704405368889046
1846,0.0058049932027824415
1847,0.00573628092089149
1848,0.0056520408461327235
1849,0.005515981831762551
1850,0.005358601147976243
1851,0.005257837607025675
1852,0.00509909964988468
1853,0.004930135478354214
1854,0.004859377291500807
1855,0.004693765305043718
1856,0.004516088991928401
1857,0.004193852053016783
1858,0.003991452547379594
1859,0.0035072974809160977
1860,0.0032665868976595766
1861,0.002874092918979359
1862,0.00251287193168704
1863,0.0019810027225804112
1864,0.0015096731253749856
1865,0.0011454970127613145
1866,0.0008665761287954278
1867,0.0004787569445966711
1868,0.00016183894478459223
1869,-6.723972306168333e-05
1870,-0.00030052570912437445
1871,-0.00037864020296863107
1872,-0.00040679557820447784
1873,-0.0003604842908917344
1874,-0.00038451997225663555
1875,-0.0005270030467215944
1876,-0.0005071427698239179
1877,-0.0004583497922159378
1878,-0.0004157773537277167
1879,-0.0003658441837412289
1880,-0.0003462907257428444
1881,-0.00034084111406883
1882,-0.0003532202046411111
1883,-9.45267489280211e-05
1884,3.5510533764625554e-05
1885,4.413380577573222e-05
1886,7.613565422833778e-05
1887,0.00030180027283823667
1888,0.0005459057583548611
1889,0.0008026475988599789
1890,0.00089801769709905
1891,0.0008613183497574212
1892,0.0008375917218272133
1893,0.0007953046990815378
1894,0.0007128768261667911
1895,0.0008696534214510978
1896,0.0009657564600340956
1897,0.0009750560743448867
1898,0.0009249227765667577
1899,0.0008811701277811367
1900,0.0009156129763396078
1901,0.0007645240694255877
1902,0.0006509733837272433
1903,0.00067930920247137
1904,0.0005409721397387466
1905,0.0004956554371301756
1906,0.00040201494568586004
1907,0.00037228594823188443
1908,0.00040274148163487665
1909,0.00030614227433369223
1910,0.00027993151785452
1911,0.00047989356553825664
1912,0.0006670472053738211
1913,0.0006428221678238267
1914,0.0005687517119567678
1915,0.0007420935356899423
1916,0.0008497879561022766
1917,0.001004246682457371
1918,0.00097411508665935
1919,0.0012343839662245246
1920,0.001377252074694009
1921,0.00136187866212099
1922,0.0012619168801117412
1923,0.0015189119424975155
1924,0.0016989847470839333
1925,0.001650503031981258
1926,0.0015526169487398134
1927,0.0015618422058611924
1928,0.0015129518445266333
1929,0.00138765017642202
1930,0.0011881992389225276
1931,0.0011809574343639379
1932,0.0010492710429002735
1933,0.0008386613067067678
1934,0.0006819146325517622
1935,0.0007041424028899078
1936,0.000748920264156949
1937,0.0006346965440352589
1938,0.0005486462091227744
1939,0.0005050135567980478
1940,0.00042817234069571333
1941,0.00033049058693640775
1942,0.00027157229917287667
1943,0.000325628823594
1944,0.00025040946002375
1945,0.00018818871992345667
1946,0.00016615111427751444
1947,0.00015925628022726
1948,2.146554548469e-05
1949,-0.00013725769300716666
1950,-0.0002456952651445767
1951,-0.00028343912091292667
1952,0.01966998488151824
1953,0.11966997680950442
1954,0.2196700005684792
1955,0.319670024327454
1956,0.41967006718502203
1957,0.47107845070522625
1958,0.46230060995986744
1959,0.4522629878117615
1960,0.44115910393931246
1961,0.4406984140410387
1962,0.4421223096549047
1963,0.44266296536278554
1964,0.4423138048824329
1965,0.4412881467671713
1966,0.4395497928167445
1967,0.4370757610573695
1968,0.43383587571183646
1969,0.4297658381831361
1970,0.4250787251090796
1971,0.41957629309255223
1972,0.41329174822088033
1973,0.40626644531447687
1974,0.3987471127323208
1975,0.39062091598595755
1976,0.38184073884603426
1977,0.37243657247002715
1978,0.36247633782145017
1979,0.35179073860423754
1980,0.3405015601808432
1981,0.3283295429219205
1982,0.31534911404505667
1983,0.30175673441200457
1984,0.2876252969867003
1985,0.27312528854418366
1986,0.2582856179883182
1987,0.2432869198133152
1988,0.22798552803514457
1989,0.2124488797862933
1990,0.1969658922180548
1991,0.18187401200697043
1992,0.16719244597157232
1993,0.15293355090164226
1994,0.13923949672474534
1995,0.12611340287776615
1996,0.11366133021478113
1997,0.10165000851879936
1998,0.09030923842905239
1999,0.07984161782189843
2000,0.06985011877630046
2001,0.06062763349741073
2002,0.05189827198433761
2003,0.04406729428839462
2004,0.03674293860730176
2005,0.029960546251102234
2006,0.023770946215661413
2007,0.018333994362440577
2008,0.013363305376980845
2009,0.008811985846849621
2010,0.004785322496480147
2011,0.00137841505169417
2012,-0.0016802321567591877
2013,-0.004521208688137782
2014,-0.007066327957774329
2015,-0.00899553542299887
2016,-0.010778461670168328
2017,-0.012444153749636531
2018,-0.013876367437448234
2019,-0.014745186632349624
2020,-0.015342473488701243
2021,-0.015918199943222095
2022,-0.01631589185868172
2023,-0.016405592857847855
2024,-0.016427619901971773
2025,-0.016385457847687412
2026,-0.016434982409639205
2027,-0.016201032282731388
2028,-0.015865550214807754
2029,-0.015398944845609113
2030,-0.01498386366106727
2031,-0.014213444874521423
2032,-0.013562911777028747
2033,-0.012876631842697862
2034,-0.012186527733394363
2035,-0.011290041679805652
2036,-0.01042652425436854
2037,-0.009762758378287432
2038,-0.00898087024992261
2039,-0.008267605913300377
2040,-0.007608738826367639
2041,-0.006767914667646229
2042,-0.0061573953510160595
2043,-0.00532382451967112
2044,-0.0046868790526279945
2045,-0.004001001207345336
2046,-0.0033845807437352057
2047,-0.00282153040747383
2048,-0.0021456066216279557
2049,-0.0015709550995927476
2050,-0.0011447575788957089
2051,-0.0008175184637846911
2052,-0.0003476302055748945
2053,-2.270173821501111e-05
2054,0.00015940006080285
2055,0.00046532646373793
2056,0.00068694660255651
2057,0.0008277609756403355
2058,0.0009754309160668566
2059,0.0010865232308522254
2060,0.001190181036273909
2061,0.001376375449267459
2062,0.0014716140855235344
2063,0.0015780772832961099
2064,0.0016123080738084067
2065,0.0015887703309646589
2066,0.0015875037122655567
2067,0.001634465433999728
2068,0.0016442950979329923
2069,0.0015475619967612836
2070,0.0015152285241565747
2071,0.001517423971103561
2072,0.0016968462139445965
2073,0.0018281653394615822
2074,0.0019065476847088644
2075,0.0018001614542667687
2076,0.0017126831493738757
2077,0.0014959962408333499
2078,0.0013902766786168769
2079,0.001332250632562912
2080,0.001226887641080942
2081,0.0011593799711232654
2082,0.001050833180497709
2083,0.0010913598859108112
2084,0.0011022698299358055
2085,0.00113143809269428
2086,0.001070059352271119
2087,0.001096263004073631
2088,0.0010798386595803889
2089,0.000987394211167211
2090,0.000909711320063829
2091,0.0008357652597002911
2092,0.0007255941337255378
2093,0.0007059973219206556
2094,0.0006567477160485499
2095,0.0006755387582075456
2096,0.000590415118866709
2097,0.0006473222420087611
2098,0.0006942682392345544
2099,0.00074160677621199
2100,0.0006502622157795322
2101,0.00041755266982212665
2102,0.0003523678726250745
2103,0.00016104709164693
2104,-2.3650901371655557e-06
2105,-0.00018845824563648334
2106,-0.0002501613947632489
2107,-0.00011127453446281334
2108,-9.727562217552222e-05
2109,-0.00017301017029656222
2110,-0.00019839628135359888
2111,-0.0002382239336932567
2112,-0.0003875825844603555
2113,-0.00034248501274363114
2114,-0.00048602539169273555
2115,-0.0004621687978359978
2116,-0.0005847131702135221
2117,-0.0005960321679070533
2118,-0.00065103660007064
2119,-0.0006705430755298234
2120,-0.0008034390445609866
2121,-0.000865795505630551
2122,-0.0007783114074977288
2123,-0.0006226932055512222
2124,-0.00048431511267426995
2125,-0.00034564759335020554
2126,-0.00016676976863990554
2127,-1.8857502080132223e-05
2128,4.398797528447556e-05
2129,6.092343632816223e-07
2130,3.854756722251123e-07
2131,6.991829438772222e-05
2132,0.00011224387719301112
2133,0.00029343473252225333
2134,0.0003337359472119833
2135,0.0004545435890195
2136,0.0005642327301645933
2137,0.0005043808968006645
2138,0.0004050213188988889
2139,0.00040829141821881887
2140,0.00044681021213747774
2141,0.0004284542995928944
2142,0.00041584971193104334
2143,0.00041323908066711224
2144,0.00033881496341790887
2145,0.0003343819252950045
2146,0.00026419992389897334
2147,0.00027482162558963334
2148,0.0001543491131626878
2149,-3.1621375192128885e-05
2150,-0.00016041459717068776
2151,-0.00023293201910305558
2152,-0.0002589939020484611
2153,-0.00025589517440505443
2154,-0.0003866593584664678
2155,-0.00041722973171019783
2156,-0.00039340899227904115
2157,-0.0003271291072143522
2158,-0.00029137596784039444
2159,-9.810322151340222e-05
2160,-8.091763256115333e-05
2161,-0.00020409448031632668
2162,-0.0001996006704699522
2163,-0.0002110366725114478
2164,-0.00024454374730031777
2165,-0.00028232586391698666
2166,-0.0004040219213492378
2167,-0.0003925792857297144
2168,-0.0004791229054728167
2169,-0.0004714343211579789
2170,-0.000532258056463591
2171,-0.0005622609277436388
2172,-0.0005330328227265622
2173,-0.0006271298724068289
2174,-0.0006665859743487412
2175,-0.0005737634629175445
2176,-0.0005390107460510711
2177,-0.00044472010029802776
2178,-0.0003574611745786922
2179,-9.476720021604444e-05
2180,0.0001202330988291511
2181,0.00013442720510484777
2182,5.3863157531464445e-05
2183,0.00013057095086190667
2184,0.00019578424952616778
2185,0.00011324138398193778
2186,0.00023870983373451668
2187,0.0002788819737653989
2188,0.0003527642575601411
2189,0.00023548227971397444
2190,5.802755484282555e-05
2191,9.189790397240223e-05
2192,0.0001842234381782989
2193,6.764502958624111e-05
2194,7.533028819937778e-06
2195,-7.388084503405666e-05
2196,-0.00020141302510271887
2197,-0.0004031907505744344
2198,-0.0006918459010006956
2199,-0.0007648552390311734
2200,-0.0009693010952646612
2201,-0.0011682419093405544
2202,-0.0012409396219924577
2203,-0.0013433529630831166
2204,-0.001293288738550289
2205,-0.0013882608221076746
2206,-0.00146331765665004
2207,-0.0013718061108512899
2208,-0.0014161521529267344
2209,-0.0014148568863378754
2210,-0.0013311134386635312
2211,-0.001338784515934629
2212,-0.0013579214336159535
2213,-0.0012926992923030544
2214,-0.0013448800865930712
2215,-0.0014083626007159989
2216,-0.0013274198344062323
2217,-0.0014362404351958844
2218,-0.0014267076270624757
2219,-0.001428321649171359
2220,-0.0013385434916888112
2221,-0.0013489567449674045
2222,-0.0013667685385925455
2223,-0.0012939308969146756
2224,-0.0013142631318805978
2225,-0.001374262953876811
2226,-0.0013886005860801879
2227,-0.0014903657209186223
2228,-0.0016548869230577357
2229,-0.0016598391246050055
2230,-0.0016782274410960024
2231,-0.001759050904860428
2232,-0.0018537563083951688
2233,-0.10185375231074789
2234,-0.20185377606972266
2235,-0.3018538189272907
2236,-0.4018538363200677
2237,-0.5018538600790425
2238,-0.5430489907883399
2239,-0.5410510805905211
2240,-0.5394539161732098
2241,-0.5385381195320659
2242,-0.5381364124557019
2243,-0.5382944214832035
2244,-0.5386180535106843
2245,-0.5389752863297507
2246,-0.5394503956658686
2247,-0.5399253140160548
2248,-0.5404442864544888
2249,-0.5411187851033122
2250,-0.5419501277654539
2251,-0.5427416562270317
2252,-0.5436048171453964
2253,-0.5443291567561985
2254,-0.5444738986276441
2255,-0.5441146095267129
2256,-0.542938263511332
2257,-0.5410834527059459
2258,-0.5384672955823899
2259,-0.5350819107878823
2260,-0.5307408005601078
2261,-0.5255021583124585
2262,-0.5192017234112682
2263,-0.5117866818802213
2264,-0.5030227130797026
2265,-0.49293903785726356
2266,-0.4812864323044177
2267,-0.4681083648192224
2268,-0.45323469876751243
2269,-0.4363616646587049
2270,-0.41784433717083763
2271,-0.39717784499343467
2272,-0.37547181638973276
2273,-0.35156753971204546
2274,-0.3260027358511033
2275,-0.2991097712576638
2276,-0.2710426251560695
2277,-0.2422218231031556
2278,-0.21286701801898206
2279,-0.1835138999772052
2280,-0.15455339171524524
2281,-0.12655771254929693
2282,-0.09972073229863941
2283,-0.07439420885229668
2284,-0.05073190498388865
2285,-0.028790208016513254
2286,-0.008729689372255892
2287,0.009867868759043726
2288,0.026284929048851248
2289,0.04059384970049394
2290,0.052944967199976906
2291,0.0636927259717635
2292,0.07298988293023331
2293,0.08105681674198685
2294,0.08802041209385467
2295,0.09397567812066492
2296,0.09888080800196626
2297,0.10284975667701239
2298,0.10575054650079391
2299,0.10827151623598547
2300,0.11006347993744348
2301,0.11122251626121361
2302,0.11163225111290712
2303,0.1114983954395691
2304,0.11091763268602904
2305,0.1098559355254539
2306,0.10839071055596587
2307,0.10636666711649129
2308,0.10397351153299796
2309,0.1012546421753682
2310,0.0981817931257089
2311,0.09487872963396607
2312,0.09152190996864448
2313,0.08778352587655669
2314,0.08385959258561462
2315,0.07963393971975667
2316,0.0753102824230416
2317,0.07110628417874072
2318,0.06676675276800166
2319,0.06260056655508056
2320,0.05842742527114635
2321,0.05436856360254984
2322,0.0503589183719353
2323,0.04631422849609147
2324,0.04240749667139877
2325,0.038602246494759886
2326,0.03484449706581643
2327,0.03116903137907126
2328,0.02763195027872472
2329,0.024378683822196226
2330,0.021392306836217626
2331,0.018575654591411542
2332,0.015990947757850087
2333,0.013624212531529796
2334,0.011296447347955213
2335,0.00893664873067464
2336,0.006756054122977135
2337,0.00485280374671727
2338,0.0031493229998149443
2339,0.0015265744254016867
2340,0.00016712828743091222
2341,-0.0011003808517472367
2342,-0.0023413472117701345
2343,-0.0036025328704113353
2344,-0.004633534199084203
2345,-0.005620808916720141
2346,-0.006324480666612339
2347,-0.0069393547807953876
2348,-0.007541733958706179
2349,-0.007826928157570951
2350,-0.008139442257347109
2351,-0.008471973592625819
2352,-0.008656786222403446
2353,-0.008737270240505244
2354,-0.008808100556378862
2355,-0.008946560263910632
2356,-0.008977621579224217
2357,-0.008920944594129876
2358,-0.008999490105024816
2359,-0.009048187697892304
2360,-0.008914980740102336
2361,-0.00876292092437348
2362,-0.008667258617658892
2363,-0.008545022528406138
2364,-0.008387792723505882
2365,-0.00822883767902251
2366,-0.007862976115561495
2367,-0.007589672700805002
2368,-0.007289736934491285
2369,-0.006932646081634178
2370,-0.006617623699954894
2371,-0.006439874684861574
2372,-0.006232554044722004
2373,-0.006043296535693708
2374,-0.0057932482046020315
2375,-0.0056164092374733085
2376,-0.0054088718283012505
2377,-0.005130269508869455
2378,-0.004900543035841411
2379,-0.004561822865107606
2380,-0.004254999764124553
2381,-0.003907378630381415
2382,-0.0036912758204820355
2383,-0.0035078175992701213
2384,-0.003306920770943629
2385,-0.003065027793783889
2386,-0.002965994521712639
2387,-0.002863802851626718
2388,-0.0027796710022292533
2389,-0.0027338210096035666
2390,-0.0026658750269326166
2391,-0.00267730890903027
2392,-0.002798923657385193
2393,-0.00294841630388198
2394,-0.0030280191128948678
2395,-0.0030821427434061964
2396,0.022417631999338092
2397,0.045374838726183586
2398,0.06669992679049624
2399,0.08604014262992807
2400,0.10332329992849032
2401,0.1184252514643736
2402,0.13177222054137572
2403,0.14353186097654966
2404,0.1539411290153684
2405,0.16303388646352418
2406,0.17089400797602639
2407,0.1778633265396478
2408,0.1835984685477665
2409,0.18807441484332849
2410,0.19122393201217405
2411,0.19342114876212804
2412,0.1945531669427589
2413,0.1948051919782438
2414,0.1944409499754837
2415,0.1933353324168129
2416,0.19160181677665594
2417,0.18922530880021007
2418,0.18642792512605422
2419,0.18317430789203118
2420,0.17941922526331416
2421,0.17536118165112516
2422,0.17080605258827608
2423,0.1659561622046231
2424,0.16085658954624757
2425,0.1554769996809961
2426,0.14996063842384924
2427,0.1442589953481525
2428,0.13843824071304578
2429,0.13258277756794953
2430,0.1266865007292469
2431,0.12065329970990338
2432,0.11462609564881561
2433,0.10851637293283349
2434,0.10233581353478009
2435,0.0960881735113123
2436,0.0900205631932723
2437,0.08416970280913032
2438,0.07853752131679662
2439,0.07319438429971094
2440,0.06794535560047553
2441,0.0628989464226706
2442,0.058050788281418235
2443,0.05360712179141415
2444,0.04930006435526355
2445,0.04505778934714909
2446,0.041216530046325764
2447,0.03751813204214037
2448,0.03377390505378178
2449,0.030345677021833273
2450,0.027033638464539583
2451,0.023985719445166205
2452,0.021012856623715426
2453,0.018241294884146587
2454,0.01574496297076543
2455,0.013400264337865645
2456,0.01131638755246531
2457,0.009284995610958278
2458,0.0075345643468297755
2459,0.006116592479945705
2460,0.0047741300842621525
2461,0.003486417880269894
2462,0.002270232581506178
2463,0.0012058229750669123
2464,0.0004134028638359489
2465,-0.0004344372904107911
2466,-0.0012479530073767223
2467,-0.002085784416548232
2468,-0.002699821057420732
2469,-0.0032571500281258635
2470,-0.003730361155068521
2471,-0.004109022532010781
2472,-0.00443704309789238
2473,-0.004641291092700617
2474,-0.004848165780689641
2475,-0.0050919994295634645
2476,-0.005085432059991721
2477,-0.005173775149183398
2478,-0.0051426075183678265
2479,-0.005090274826600121
2480,-0.0050725430560803675
2481,-0.004990912485768533
2482,-0.004889190195440781
2483,-0.004634549925931015
2484,-0.004429749154174433
2485,-0.004317061088267648
2486,-0.004220884583762919
2487,-0.00403512307221458
2488,-0.0038533484556526687
2489,-0.00370478501937563
2490,-0.003618690662205887
2491,-0.00324240846067692
2492,-0.0029997381707751185
2493,-0.002789316746710281
2494,-0.0026657036488898942
2495,0.09733429305374458
2496,0.19733430408032393
2497,0.29733433420549643
2498,0.3973343897954599
2499,0.4720014857131819
2500,0.4637606337458153
2501,0.45411180802508966
2502,0.4434139857082476
2503,0.43710876979256685
2504,0.4389909425157693
2505,0.439963258260304
2506,0.4401101837375688
2507,0.43973941638214187
2508,0.4384129172272504
2509,0.4364317819604334
2510,0.43369454612237085
2511,0.4303275278082959
2512,0.4261103674502014
2513,0.4211389399858058
2514,0.41530790394137534
2515,0.4090830167085719
2516,0.4021298555547731
2517,0.39458829857636374
2518,0.38621171927352826
2519,0.37740787261046843
2520,0.3677832639058836
2521,0.3573524399215725
2522,0.3461400378427257
2523,0.334422000509676
2524,0.32191356789824327
2525,0.30872027883429065
2526,0.29491440239437733
2527,0.2806384522807456
2528,0.2660159645602232
2529,0.25097171624050735
2530,0.23561970682423583
2531,0.22045416970548845
2532,0.20521512210162582
2533,0.18994771308690417
2534,0.17508089706394483
2535,0.16058943842497123
2536,0.14656509317777452
2537,0.133005346674254
2538,0.11992698657780693
2539,0.10760854040504186
2540,0.09587321884517236
2541,0.0848529486136261
2542,0.0744870916770851
2543,0.06478761648726987
2544,0.05562988944486491
2545,0.047117538243176695
2546,0.03943570018806671
2547,0.03249982580756686
2548,0.026132000247133098
2549,0.020122685201648824
2550,0.014609281043344592
2551,0.009774288198984783
2552,0.005414782842887683
2553,0.0014596516180288843
2554,-0.002087377430204628
2555,-0.004943246216932283
2556,-0.0075004759044985814
2557,-0.009775483770917288
2558,-0.01179766955389611
2559,-0.013355454581948003
2560,-0.01474612437327432
2561,-0.01586663374166032
2562,-0.016859550502028867
2563,-0.01760459808078655
2564,-0.018174424343257098
2565,-0.018681910887758096
2566,-0.01884048523361759
2567,-0.018596675776295115
2568,-0.018361112454884122
2569,-0.018157173220665478
2570,-0.01778564510461062
2571,-0.017252437848066432
2572,-0.016640759565140665
2573,-0.016062193149815284
2574,-0.015437182138996827
2575,-0.014664791741015957
2576,-0.014068517746722171
2577,-0.013417166592822
2578,-0.012827296356818464
2579,-0.011890209240627237
2580,-0.01108725027103659
2581,-0.01028853182574969
2582,-0.0094329415897181
2583,-0.008517883427510108
2584,-0.007827386523807057
2585,-0.007088836286446158
2586,-0.0065123019614341734
2587,-0.006071687867681985
2588,-0.005478788594801519
2589,-0.005020027654437993
2590,-0.004691056615236249
2591,-0.0041235848909938035
2592,-0.0037068023401103088
2593,-0.06360720883774136
2594,-0.16360720713192523
2595,-0.2636072499894932
2596,-0.26902009050545544
2597,-0.25944771645319337
2598,-0.24720756178003403
2599,-0.23290045549474267
2600,-0.24090360637150268
2601,-0.2510811830103659
2602,-0.2610306269538013
2603,-0.27051093305458357
2604,-0.27888112069490434
2605,-0.28537904141568077
2606,-0.2895135621611243
2607,-0.2913881081794538
2608,-0.29104097851617494
2609,-0.2894336281825058
2610,-0.28703386448577534
2611,-0.2844457122660058
2612,-0.2818692611176524
2613,-0.2790229977773742
2614,-0.2757760459523678
2615,-0.2719856436586799
2616,-0.2672800622450272
2617,-0.2617389937745147
2618,-0.2541390078333973
2619,-0.24878593954786277
2620,-0.24157939099226627
2621,-0.23402019327996454
2622,-0.22621831611043625
2623,-0.21822644613604258
2624,-0.21015059328127816
2625,-0.20191416582132946
2626,-0.1934719319213698
2627,-0.18448069622831348
2628,-0.17525438231811274
2629,-0.16608016937008258
2630,-0.15702273795309551
2631,-0.14786323728800474
2632,-0.13895979782775567
2633,-0.1305150492796951
2634,-0.12232358627426877
2635,-0.11407954484184256
2636,-0.10606427272461667
2637,-0.09826758400623319
2638,-0.09083131120577786
2639,-0.0832539634637659
2640,-0.0761161125478056
2641,-0.06956242711806869
2642,-0.06337586439556184
2643,-0.05727085584899413
2644,-0.0516025818352858
2645,-0.04627557294351331
2646,-0.041404584980604064
2647,-0.03668548176298626
2648,-0.03241745548507953
2649,-0.028628498318274846
2650,-0.02514218382505598
2651,-0.021422605481043914
2652,-0.01820165320754103
2653,-0.015370773784062073
2654,-0.01302762914002664
2655,-0.010585568425620043
2656,-0.00840974400987689
2657,-0.006653832722747844
2658,-0.005022309299702158
2659,-0.0034088045080456555
2660,-0.0020458602717496753
2661,-0.0010326369958540123
2662,-0.0002283280485712711
2663,0.0006784006823942245
2664,0.0013363703900958345
2665,0.0019457394621212889
2666,0.0022206760612418133
2667,0.0027371454380548713
2668,0.0029409140581745136
2669,-0.07380020822721002
2670,-0.07329947112553567
2671,-0.09437702232375864
2672,-0.11678633752239048
2673,-0.13647882691286195
2674,-0.15368991885319216
2675,-0.1683535576758004
2676,-0.18114082974753012
2677,-0.19234146709298353
2678,-0.20203625039507647
2679,-0.2103115434921281
2680,-0.21708050508099003
2681,-0.22263883867972908
2682,-0.2268719017997374
2683,-0.22799789755732164
2684,-0.23188421935211226
2685,-0.23285767464603957
2686,-0.23322447586028455
2687,-0.23268469868768954
2688,-0.23150417008040425
2689,-0.22963644225983684
2690,-0.22713240024439244
2691,-0.22382770700603238
2692,-0.2202672263093327
2693,-0.21611649722448467
2694,-0.21160642810912378
2695,-0.20542364054186707
2696,-0.20122412728386255
2697,-0.19542207017147023
2698,-0.18954321124973955
2699,-0.1830587423047533
2700,-0.17638569385079628
2701,-0.16952547918376323
2702,-0.16260948389227534
2703,-0.15558493856340103
2704,-0.14847364742434396
2705,-0.14136730918711585
2706,-0.1342617603584055
2707,-0.12707444408613228
2708,-0.12003631329131562
2709,-0.11324081102414374
2710,-0.10661158110911881
2711,-0.09986714848008624
2712,-0.09332465164284866
2713,-0.08705312564552165
2714,-0.0810586311083381
2715,-0.07537212685082824
2716,-0.07006316358312327
2717,-0.06456649297553572
2718,-0.059676151771546504
2719,-0.054953668102937434
2720,-0.05052344383942689
2721,-0.046200884711819136
2722,-0.04205696745853547
2723,-0.03833988211755199
2724,-0.03476190965598673
2725,-0.03132945192227062
2726,-0.02820552495841496
2727,-0.025183052267962896
2728,-0.0224781847256066
2729,-0.01981033789625303
2730,-0.01737843445031456
2731,-0.015187710585418917
2732,-0.01322886974303021
2733,-0.011397724004442309
2734,-0.00977226470303831
2735,-0.008407185435011743
2736,-0.007149762708521053
2737,-0.005952056189917986
2738,-0.004831885503250885
2739,-0.004199944122266478
2740,-0.0036851419889752744
2741,-0.003069923145185487
2742,-0.0025583567592112957
2743,-0.002310579187185677
2744,-0.0019154335598295944
2745,-0.0015850307627597944
2746,-0.0013094073145668633
2747,-0.0013913395153268445
2748,-0.0013622954570859588
2749,-0.0013614656868746555
