,sensor reading,constraint prediction,original prediction
0,0.09459677010016461,,
1,0.1001716322580537,,
2,0.1070476300024833,,
3,0.104573770130447,,
4,0.1197469301343486,,
5,0.1390471509732012,0.6467100977897644,0.6467100977897644
6,0.1577528650742481,0.664648711681366,0.664648711681366
7,0.1646159082429298,0.6901712417602539,0.6901712417602539
8,0.1777899497446847,0.7113077640533447,0.7113077640533447
9,0.1929920498468184,0.7332602739334106,0.7332602739334106
10,0.19336958892676392,0.7555091977119446,0.7555091977119446
11,0.2007363135635672,0.7681551575660706,0.7681551575660706
12,0.2176528580873371,0.7745884656906128,0.7745884656906128
13,0.2296142286861195,0.7803041934967041,0.7803041934967041
14,0.2397594892320979,0.7880933284759521,0.7880933284759521
15,0.2498184222270839,0.7939667105674744,0.7939667105674744
16,0.2683258184465022,0.8015359044075012,0.8015359044075012
17,0.2751627863059275,0.8180496096611023,0.8180496096611023
18,0.2820729380645248,0.8329204320907593,0.8329204320907593
19,0.2875760945543533,0.84819495677948,0.84819495677948
20,0.290890901771037,0.8632649183273315,0.8632649183273315
21,0.2906582809062139,0.8728116154670715,0.8728116154670715
22,0.2905297779319219,0.8794909715652466,0.8794909715652466
23,0.2835745745018935,0.8839092254638672,0.8839092254638672
24,0.2854695464656194,0.8756446838378906,0.8756446838378906
25,0.295627715750722,0.8724233508110046,0.8724233508110046
26,0.2989226928981163,0.8717024922370911,0.8717024922370911
27,0.2989249904588748,0.8701474666595459,0.8701474666595459
28,0.3064000442260034,0.871314287185669,0.871314287185669
29,0.3077871406705474,0.8768832087516785,0.8768832087516785
30,3.895825803432229,0.8779205083847046,0.8779205083847046
31,0.2885613699675941,1.0193299055099487,1.0193299055099487
32,0.2606989308636639,0.9896338582038879,0.9896338582038879
33,3.849853904486333,0.9812224507331848,0.9812224507331848
34,0.24123024324430903,1.1361206769943237,1.1361206769943237
35,3.8174179501039083,1.0,1.0722324848175049
36,0.2155152270382173,1.1466310024261475,1.1466310024261475
37,0.2053434098984346,1.0862987041473389,1.0862987041473389
38,3.7818896164504467,1.0,1.060589075088501
39,3.7645588635478435,1.0,1.1022638082504272
40,3.7675692812062858,1.0,1.2310729026794434
41,0.1746819802920432,1.253931999206543,1.253931999206543
42,0.1623504732280282,1.2062866687774658,1.2062866687774658
43,3.742455675879431,1.0,1.1765302419662476
44,0.1473763186551094,1.206188678741455,1.206188678741455
45,3.7299990921287387,1.0,1.0014175176620483
46,3.7290366089765885,1.0,1.0654546022415161
47,0.1275273302992363,1.2186777591705322,1.2186777591705322
48,3.7403711923953877,1.0,1.1656591892242432
49,0.1462021333272359,1.2319788932800293,1.2319788932800293
50,3.7433958423254614,1.0,1.1697087287902832
51,3.7499653993227433,1.0,1.2234776020050049
52,3.7582743014874374,1.0,1.2383437156677246
53,3.762837257153768,1.0,1.4055365324020386
54,0.1640716212558674,1.426768183708191,1.426768183708191
55,3.764099826951118,1.0,1.3764110803604126
56,3.77228056418662,1.0,1.412963628768921
57,0.1876499517932013,1.4077205657958984,1.4077205657958984
58,3.7857119840595255,1.0,1.2163422107696533
59,0.1916277227450529,1.2708332538604736,1.2708332538604736
60,3.7949421622517443,1.0,1.2121431827545166
61,3.804213192334756,1.0,1.2594795227050781
62,3.8005784282965376,1.0,1.2715809345245361
63,3.802046277412727,1.0,1.424492359161377
64,3.8146682053239385,1.0,1.442502737045288
65,0.220239017687219,1.5848610401153564,1.5848610401153564
66,3.816108741542034,1.0,1.3995792865753174
67,3.816709361739514,1.0,1.4317302703857422
68,0.2282780739191406,1.4264785051345825,1.4264785051345825
69,0.2348838189307629,1.2517540454864502,1.2517540454864502
70,3.8270039637347932,1.0,1.117708683013916
71,3.8293952833068623,1.0,1.2846271991729736
72,0.2364153924129271,1.2872169017791748,1.2872169017791748
73,3.8284318203968826,1.0,1.1268047094345093
74,3.827541438253671,1.0,1.3077995777130127
75,0.22785073334764233,1.4248517751693726,1.4248517751693726
76,3.8095446620212736,1.0,1.241181492805481
77,3.798898424367967,1.0,1.2829675674438477
78,0.1934728702989142,1.400065541267395,1.400065541267395
79,0.1760899610482197,1.2077430486679077,1.2077430486679077
80,3.7587140867022457,1.0,1.0576070547103882
81,3.7430925012799854,1.0,1.2203527688980103
82,0.1245788780263372,1.2234776020050049,1.2234776020050049
83,3.708110425588402,1.0,1.0370593070983887
84,0.1000153064532302,1.2336384057998657,1.2336384057998657
85,3.699519507867366,1.0,1.1510485410690308
86,3.7065880538084275,1.0,1.2006666660308838
87,3.6977046067555097,1.0,1.209507942199707
88,0.11393620990009398,1.3689578771591187,1.3689578771591187
89,3.7285275531643483,1.0,1.1765302419662476
90,3.739881525474935,1.0,1.3792442083358765
91,3.7336614784622606,1.0,1.373460054397583
92,0.1428214416936901,1.3891522884368896,1.3891522884368896
93,0.1654055987832248,1.2069357633590698,1.2069357633590698
94,3.776863888502567,1.0,1.2006666660308838
95,0.1830340777449124,1.2376946210861206,1.2376946210861206
96,0.18966156077528198,1.0475428104400635,1.0475428104400635
97,0.186240527183381,0.9211362600326538,0.9211362600326538
98,0.1934014110027055,0.9214259386062622,0.9214259386062622
99,0.2004194908211717,0.9115742444992065,0.9115742444992065
100,1.2187021432027831,0.013541134924475368,0.013541134924475368
101,1.9731263863623076,0.02192362651513675,0.02192362651513675
102,2.693744629918845,1.6410599946975708,1.6410599946975708
103,3.369562501333191,2.359654664993286,2.359654664993286
104,3.9885832384035567,3.241401195526123,3.241401195526123
105,4.5525696603782215,4.2110595703125,4.2110595703125
106,5.06232963774832,5.041554927825928,5.041554927825928
107,5.53079769273893,5.784096717834473,5.784096717834473
108,5.944183017700151,6.441269874572754,6.441269874572754
109,6.309704021413937,6.994070053100586,6.994070053100586
110,6.641946776949833,7.486661434173584,7.486661434173584
111,6.941286285184752,7.903118133544922,7.903118133544922
112,7.174610169222492,8.265877723693848,8.265877723693848
113,7.36100479913445,8.558032035827637,8.558032035827637
114,7.507242536059076,8.802568435668945,8.802568435668945
115,7.618254827739058,8.984258651733398,8.984258651733398
116,7.678320858191597,9.118925094604492,9.118925094604492
117,7.722485017998077,9.188502311706543,9.188502311706543
118,7.727262913051672,9.219478607177734,9.219478607177734
119,7.702577026448461,9.206612586975098,9.206612586975098
120,7.644447593343463,9.160008430480957,9.160008430480957
121,7.561870624078029,9.0826997756958,9.0826997756958
122,7.4468791405108625,8.978068351745605,8.978068351745605
123,7.315526847103737,8.845627784729004,8.845627784729004
124,7.166165344280058,8.679048538208008,8.679048538208008
125,7.004779176209968,8.48123836517334,8.48123836517334
126,6.8208585780573845,8.26055908203125,8.26055908203125
127,6.632776587438765,8.025789260864258,8.025789260864258
128,6.418562278263125,7.773366928100586,7.773366928100586
129,6.192058253565048,7.5042524337768555,7.5042524337768555
130,5.979662856205832,7.230058193206787,7.230058193206787
131,5.75218858477748,6.944118976593018,6.944118976593018
132,5.509750088134799,6.657939910888672,6.657939910888672
133,5.264555664497539,6.358993053436279,6.358993053436279
134,5.033036024556666,6.06651496887207,6.06651496887207
135,4.790078714630495,5.774801254272461,5.774801254272461
136,4.538894303724039,5.484041213989258,5.484041213989258
137,4.291729478229324,5.183680534362793,5.183680534362793
138,4.0616926530622495,4.886557579040527,4.886557579040527
139,3.834901060846797,4.597548007965088,4.597548007965088
140,3.5867521803389444,4.315420150756836,4.315420150756836
141,3.3542799980636664,4.031684875488281,4.031684875488281
142,3.1373773709132737,3.760110378265381,3.760110378265381
143,2.928699953982441,3.5075621604919434,3.5075621604919434
144,2.727592512736655,3.258358955383301,3.258358955383301
145,2.5364065232629143,3.0212790966033936,3.0212790966033936
146,2.3686735298088224,2.8010542392730713,2.8010542392730713
147,2.2002730978191827,2.6108367443084717,2.6108367443084717
148,2.0131977940466075,2.4224941730499268,2.4224941730499268
149,1.839695631257564,2.236452579498291,2.236452579498291
150,1.700404491936884,2.058466672897339,2.058466672897339
151,1.5712920624382625,1.8931406736373901,1.8931406736373901
152,1.416566700623908,1.7354482412338257,1.7354482412338257
153,1.2814477826715909,1.5773353576660156,1.5773353576660156
154,1.163866472574654,1.4367494583129883,1.4367494583129883
155,1.0602719216935534,1.313029170036316,1.313029170036316
156,0.9426486137902336,1.196724534034729,1.196724534034729
157,0.8391416108602289,1.081531047821045,1.081531047821045
158,0.7545623832839298,0.9823899269104004,0.9823899269104004
159,0.6816121363007243,0.8922562599182129,0.8922562599182129
160,0.5836990349161408,0.8118771910667419,0.8118771910667419
161,0.5039507009894874,0.7241474986076355,0.7241474986076355
162,0.441016042744066,0.6470983624458313,0.6470983624458313
163,0.3800055486620325,0.58165442943573,0.58165442943573
164,0.3030431074226437,0.5166075229644775,0.5166075229644775
165,0.2451111327625819,0.4483996331691742,0.4483996331691742
166,0.2019766755167782,0.394195556640625,0.394195556640625
167,0.1714154848766449,0.3426307439804077,0.3426307439804077
168,0.1243504913196201,0.3069392442703247,0.3069392442703247
169,0.0869142884224648,0.2684234082698822,0.2684234082698822
170,0.0652029465901427,0.23919939994812012,0.23919939994812012
171,0.064160942625606,0.22063180804252625,0.22063180804252625
172,0.0445543079686219,0.21556980907917023,0.21556980907917023
173,3.615624326008307,0.20727038383483887,0.20727038383483887
174,0.0173450103843778,0.24980619549751282,0.24980619549751282
175,3.617506441945026,0.24840675294399261,0.24840675294399261
176,0.0086862779516682,0.31503215432167053,0.31503215432167053
177,0.0028020627021587,0.302947461605072,0.302947461605072
178,0.0087011129748997,0.302947461605072,0.302947461605072
179,3.6245135742589003,0.27556276321411133,0.27556276321411133
180,0.0307894799440252,0.3425321578979492,0.3425321578979492
181,0.0353440045364004,0.3000962734222412,0.3000962734222412
182,0.05054233744103119,0.30849361419677734,0.30849361419677734
183,0.0730483545464659,0.32285481691360474,0.32285481691360474
184,0.0797251749725742,0.33863896131515503,0.33863896131515503
185,0.0925575789298263,0.31614190340042114,0.31614190340042114
186,0.10374213334997051,0.33820176124572754,0.33820176124572754
187,0.126802636091221,0.36510026454925537,0.36510026454925537
188,0.1319780378039228,0.38957810401916504,0.38957810401916504
189,0.1469747038886124,0.4074905812740326,0.4074905812740326
190,3.759273539882145,0.4245373606681824,0.4245373606681824
191,3.778699479120405,0.5104384422302246,0.5104384422302246
192,3.781993339000099,0.5996158719062805,0.5996158719062805
193,0.1846019767512879,0.6988656520843506,0.6988656520843506
194,0.204784438003083,0.6921299695968628,0.6921299695968628
195,0.2200376516701203,0.6982493996620178,0.6982493996620178
196,3.819324025989703,0.6502995491027832,0.6502995491027832
197,0.2297430983534004,0.6936581134796143,0.6936581134796143
198,0.2373752686071098,0.6081660985946655,0.6081660985946655
199,0.2435349086794432,0.6198108792304993,0.6198108792304993
200,0.2478557209223956,0.6136713027954102,0.6136713027954102
201,0.265050722934599,0.6061403751373291,0.6061403751373291
202,0.2837534519255333,0.5466536283493042,0.5466536283493042
203,0.3040527736492232,0.5565274953842163,0.5565274953842163
204,0.3218503611041437,0.5754773616790771,0.5754773616790771
205,0.3362793577941515,0.6002321243286133,0.6002321243286133
206,3.9500718260046552,0.6247575283050537,0.6247575283050537
207,0.3604830431169809,0.7112091779708862,0.7112091779708862
208,0.3672754004824773,0.7174271941184998,0.7174271941184998
209,3.9727861648348215,0.7361912727355957,0.7361912727355957
210,0.373753776976242,0.831292986869812,0.831292986869812
211,0.3782203840597434,0.8122653961181641,0.8122653961181641
212,0.3878546693848682,0.7668877840042114,0.7668877840042114
213,0.3942404558989397,0.7617366313934326,0.7617366313934326
214,3.995665458214206,0.7541043758392334,0.7541043758392334
215,3.9997338596300915,0.7814710140228271,0.7814710140228271
216,0.4140130918990337,0.8592610955238342,0.8592610955238342
217,0.4181243562875727,0.8525246977806091,0.8525246977806091
218,4.015320282632465,0.8540535569190979,0.8540535569190979
219,0.4190993413788131,0.9451615214347839,0.9451615214347839
220,0.4171452459002076,0.8541521430015564,0.8541521430015564
221,0.4099371503585642,0.7893580198287964,0.7893580198287964
222,0.41224046934287983,0.7826786637306213,0.7826786637306213
223,0.4092468508069907,0.7737810611724854,0.7737810611724854
224,0.4109118890779527,0.6988656520843506,0.6988656520843506
225,0.413730990399023,0.6976988911628723,0.6976988911628723
226,4.012890385812049,0.6995147466659546,0.6995147466659546
227,4.011978655261392,0.7730334401130676,0.7730334401130676
228,4.0239767925618875,0.84819495677948,0.84819495677948
229,0.446385803200032,0.9406037330627441,0.9406037330627441
230,0.4471434539404233,0.933527410030365,0.933527410030365
231,0.45198503325294803,0.933527410030365,0.933527410030365
232,0.4501090548401307,0.8779205083847046,0.8779205083847046
233,4.047413000918139,0.8138921856880188,0.8138921856880188
234,0.4440040176456732,0.8339571356773376,0.8339571356773376
235,0.44283335027866194,0.8155578374862671,0.8155578374862671
236,0.4433119419249348,0.8138921856880188,0.8138921856880188
237,0.4487776155158057,0.8057416081428528,0.8057416081428528
238,0.45601854153911,0.798216700553894,0.798216700553894
239,4.047848763969226,0.7332602739334106,0.7332602739334106
240,0.45573085943017483,0.7994813323020935,0.7994813323020935
241,0.4649027105188495,0.7893580198287964,0.7893580198287964
242,0.4702315617882433,0.8005971312522888,0.8005971312522888
243,0.4629293579287497,0.8031633496284485,0.8031633496284485
244,0.45207034666864304,0.7973040342330933,0.7973040342330933
245,0.4449425626211432,0.7449909448623657,0.7449909448623657
246,0.4381958012369833,0.7397834062576294,0.7397834062576294
247,4.030791781760292,0.7258138060569763,0.7258138060569763
248,0.4011031552929444,0.7867227792739868,0.7867227792739868
249,0.37411019110228105,0.752216100692749,0.752216100692749
250,0.35163793267013554,0.7308858633041382,0.7308858633041382
251,0.3432593015417737,0.6988656520843506,0.6988656520843506
252,3.927034430651282,0.6624453067779541,0.6624453067779541
253,0.3217852444507271,0.6613361835479736,0.6613361835479736
254,0.3102155306119622,0.6254066228866577,0.6254066228866577
255,0.3125598791039872,0.6107805967330933,0.6107805967330933
256,0.2999539481744164,0.6038644909858704,0.6038644909858704
257,0.2926121242833895,0.5891874432563782,0.5891874432563782
258,3.8962081037914524,0.5326806902885437,0.5326806902885437
259,0.2983489787986959,0.5891874432563782,0.5891874432563782
260,0.2909676781155845,0.5829224586486816,0.5829224586486816
261,0.2714009803357945,0.5817040801048279,0.5817040801048279
262,3.871453685706365,0.5722130537033081,0.5722130537033081
263,0.2589450096499432,0.6361348032951355,0.6361348032951355
264,0.2438123921396251,0.5679349899291992,0.5679349899291992
265,3.836565735521366,0.5552400350570679,0.5552400350570679
266,0.23481500669956767,0.6210755705833435,0.6210755705833435
267,0.22963733607399722,0.5904548168182373,0.5904548168182373
268,3.8135409509690636,0.530114471912384,0.530114471912384
269,0.2102842484193878,0.5990164279937744,0.5990164279937744
270,0.1917469036960181,0.5737687349319458,0.5737687349319458
271,0.1898112517288379,0.5104384422302246,0.5104384422302246
272,0.18947903361048707,0.4968295991420746,0.4968295991420746
273,0.1875407746853391,0.48655539751052856,0.48655539751052856
274,0.18892580848182058,0.42711830139160156,0.42711830139160156
275,0.1893430707257026,0.42160505056381226,0.42160505056381226
276,3.7890168275401517,0.42458629608154297,0.42458629608154297
277,0.1989008604555995,0.4872541129589081,0.4872541129589081
278,0.19525588057989374,0.4778013229370117,0.4778013229370117
279,3.792065713584959,0.4823704957962036,0.4823704957962036
280,0.2077217691651786,0.5509096384048462,0.5509096384048462
281,0.2196081796956241,0.5349632501602173,0.5349632501602173
282,0.2295614019774085,0.5024924278259277,0.5024924278259277
283,0.2310852233406046,0.5103888511657715,0.5103888511657715
284,0.2332210782205594,0.5150297284126282,0.5150297284126282
285,0.236684396097741,0.4777523875236511,0.4777523875236511
286,0.2376261668255975,0.4872541129589081,0.4872541129589081
287,0.2381666149954327,0.4967806339263916,0.4967806339263916
288,3.8431155254747154,0.49864545464515686,0.49864545464515686
289,0.2629434758373551,0.5646706819534302,0.5646706819534302
290,0.2749398140503744,0.5558066964149475,0.5558066964149475
291,0.2799074154299381,0.5672369003295898,0.5672369003295898
292,0.2954915637898651,0.5737687349319458,0.5737687349319458
293,0.3211496222615428,0.5869135856628418,0.5869135856628418
294,0.342226121127282,0.5659695863723755,0.5659695863723755
295,0.3450695903433793,0.5904548168182373,0.5904548168182373
296,0.364416398380554,0.6107805967330933,0.6107805967330933
297,0.3844007652042606,0.6307147741317749,0.6307147741317749
298,0.40048176537539104,0.6550651788711548,0.6550651788711548
299,0.4098153280721636,0.6693278551101685,0.6693278551101685
300,4.0220227486494835,0.6878893971443176,0.6878893971443176
301,0.4497100470316016,0.7684159874916077,0.7684159874916077
302,0.4599967021022623,0.7767214775085449,0.7767214775085449
303,0.4579882558472107,0.7959401607513428,0.7959401607513428
304,0.4616328976778174,0.8011476993560791,0.8011476993560791
305,0.46024548037690804,0.7986049652099609,0.7986049652099609
306,0.4620896596320957,0.7541043758392334,0.7541043758392334
307,0.4701519779504997,0.7518278956413269,0.7518278956413269
308,0.4749993154888653,0.7486876845359802,0.7486876845359802
309,0.4722638430875723,0.7511788010597229,0.7511788010597229
310,0.485090305472489,0.7528390884399414,0.7528390884399414
311,0.47955140787540035,0.7603378295898438,0.7603378295898438
312,0.46268622328838593,0.7668877840042114,0.7668877840042114
313,0.44816575388638547,0.7665277123451233,0.7665277123451233
314,4.027993627776211,0.7594600915908813,0.7594600915908813
315,4.015534981377456,0.8256757855415344,0.8256757855415344
316,0.4052218222961966,0.8907307386398315,0.8907307386398315
317,0.3892863190275615,0.8504701256752014,0.8504701256752014
318,0.37235579433359045,0.8244104385375977,0.8244104385375977
319,0.35364404698696084,0.7864331007003784,0.7864331007003784
320,0.3307887318913026,0.6976009607315063,0.6976009607315063
321,3.9151082511202766,0.6008315682411194,0.6008315682411194
322,0.2973925174329722,0.6450833082199097,0.6450833082199097
323,0.292608531838014,0.6091209650039673,0.6091209650039673
324,0.2799846329519879,0.5990164279937744,0.5990164279937744
325,0.267344358932177,0.5751386880874634,0.5751386880874634
326,3.849526441917682,0.5539331436157227,0.5539331436157227
327,3.843208321719215,0.5649603605270386,0.5649603605270386
328,0.236567203310325,0.6176329255104065,0.6176329255104065
329,0.23584403889962266,0.5904051661491394,0.5904051661491394
330,3.83141906764209,0.5833308696746826,0.5833308696746826
331,0.2244591383272551,0.655163049697876,0.655163049697876
332,3.8088794694802823,0.5751386880874634,0.5751386880874634
333,0.2020335014708993,0.6078059673309326,0.6078059673309326
334,0.20627715348758138,0.5832812190055847,0.5832812190055847
335,0.2045437155150367,0.5776150226593018,0.5776150226593018
336,0.1992671924810723,0.5094835758209229,0.5094835758209229
337,0.20162081143022254,0.4974297285079956,0.4974297285079956
338,0.19653734652532742,0.431726336479187,0.431726336479187
339,0.1953972865637319,0.43009960651397705,0.43009960651397705
340,3.787417249697283,0.42448773980140686,0.42448773980140686
341,0.19655840845387643,0.4764877259731293,0.4764877259731293
342,0.19321118901472206,0.46825534105300903,0.46825534105300903
343,3.79293070223869,0.47259384393692017,0.47259384393692017
344,3.7841845014960183,0.5411249399185181,0.5411249399185181
345,3.772234527027781,0.6119472980499268,0.6119472980499268
346,0.1713431145775419,0.6642604470252991,0.6642604470252991
347,0.1751515936896663,0.6426693201065063,0.6426693201065063
348,0.171706352630921,0.62996506690979,0.62996506690979
349,3.766030448348857,0.5653687715530396,0.5653687715530396
350,0.1752430320241912,0.5844975709915161,0.5844975709915161
351,0.19088960413589767,0.4934379458427429,0.4934379458427429
352,0.1873245174951449,0.4985964894294739,0.4985964894294739
353,0.19767890763634596,0.4974786937236786,0.4974786937236786
354,0.2121536091696714,0.4985964894294739,0.4985964894294739
355,0.2307368077053855,0.4425477385520935,0.4425477385520935
356,0.24440055050506074,0.45528218150138855,0.45528218150138855
357,0.2582134571371203,0.47086983919143677,0.47086983919143677
358,0.2712789002183859,0.49222224950790405,0.49222224950790405
359,3.8768440096175985,0.5103888511657715,0.5103888511657715
360,0.2800455211768765,0.5832812190055847,0.5832812190055847
361,0.2714756883027016,0.5839799642562866,0.5839799642562866
362,0.2683300583341862,0.5934454202651978,0.5934454202651978
363,0.2672847770510613,0.5941441655158997,0.5941441655158997
364,-0.4743031717677815,-0.005270035241864239,-0.005270035241864239
365,-1.5389090608152634,-0.017098989564614038,-0.017098989564614038
366,-2.5608959999339547,-0.29795318841934204,-0.29795318841934204
367,-3.5274712739530725,-1.1273773908615112,-1.1273773908615112
368,-4.431215480496127,-1.6167129278182983,-1.6167129278182983
369,-5.246179532908985,-2.295212507247925,-2.295212507247925
370,-5.969088633617794,-2.902794599533081,-2.902794599533081
371,-6.59975645674758,-3.3587567806243896,-3.3587567806243896
372,-7.187158517893652,-3.71930193901062,-3.71930193901062
373,-7.711424640720872,-4.340654373168945,-4.340654373168945
374,-8.186043970600005,-4.962295055389404,-4.962295055389404
375,-8.5977496697848,-5.524878978729248,-5.524878978729248
376,-8.964043307085321,-6.058084964752197,-6.058084964752197
377,-9.264323612019844,-6.5720133781433105,-6.5720133781433105
378,-9.498677674173228,-7.093502044677734,-7.093502044677734
379,-9.658972357643592,-7.567183971405029,-7.567183971405029
380,-9.79583765095547,-8.497370719909668,-8.497370719909668
381,-9.87892340674298,-9.222036361694336,-9.222036361694336
382,-9.89971948287505,-9.85881519317627,-9.85881519317627
383,-9.883621660663051,-10.367998123168945,-10.367998123168945
384,-9.849708861727056,-10.725076675415039,-10.725076675415039
385,-9.772583585882291,-10.651484489440918,-10.651484489440918
386,-9.65532032465743,-10.534229278564453,-10.534229278564453
387,-9.508320553865282,-10.372745513916016,-10.372745513916016
388,-9.34759729796416,-10.185572624206543,-10.185572624206543
389,-9.163171923994064,-9.975790023803711,-9.975790023803711
390,-8.939711508399501,-9.72454833984375,-9.72454833984375
391,-8.696905745810142,-9.4492826461792,-9.4492826461792
392,-8.437297422920775,-9.142256736755371,-9.142256736755371
393,-8.168567611932927,-8.80609130859375,-8.80609130859375
394,-7.882432489044594,-8.455090522766113,-8.455090522766113
395,-7.585817395125522,-8.09648609161377,-8.09648609161377
396,-7.295293415526486,-7.73530912399292,-7.73530912399292
397,-6.982054524139489,-7.3674774169921875,-7.3674774169921875
398,-6.655573661374549,-6.986246109008789,-6.986246109008789
399,-6.32579267630121,-6.599134922027588,-6.599134922027588
400,-6.016850968377694,-6.2086615562438965,-6.2086615562438965
401,-5.6946790920068135,-5.836613655090332,-5.836613655090332
402,-5.365695893367418,-5.455062389373779,-5.455062389373779
403,-5.032891925671191,-5.082786560058594,-5.082786560058594
404,-4.725396649701483,-4.70459508895874,-4.70459508895874
405,-4.418410446732749,-4.3361616134643555,-4.3361616134643555
406,-4.108265527439459,-3.971712589263916,-3.971712589263916
407,-3.816363928117811,-3.6073076725006104,-3.6073076725006104
408,-3.542532901992573,-3.265018939971924,-3.265018939971924
409,-3.267050897980667,-2.9471595287323,-2.9471595287323
410,-3.004003968883823,-2.6382174491882324,-2.6382174491882324
411,-2.7463357956803285,-2.3450398445129395,-2.3450398445129395
412,-2.499978153127394,-2.063037157058716,-2.063037157058716
413,-2.252907865668876,-1.791938304901123,-1.791938304901123
414,-2.034218469634367,-1.5324050188064575,-1.5324050188064575
415,-1.8120197071046829,-1.2870640754699707,-1.2870640754699707
416,-1.6362710913924903,-1.0518637895584106,-1.0518637895584106
417,-1.457214160075433,-0.8403870463371277,-0.8403870463371277
418,-1.280917567527977,-0.6471875309944153,-0.6471875309944153
419,-1.1032484545822854,-0.461275577545166,-0.461275577545166
420,-0.9594006392127096,-0.28607434034347534,-0.28607434034347534
421,-0.8251160624016624,-0.12850932776927948,-0.12850932776927948
422,-0.6781176094124418,0.018184706568717957,0.018184706568717957
423,-0.5398807697305823,0.15744701027870178,0.15744701027870178
424,-0.42303422071012114,0.2841082811355591,0.2841082811355591
425,-0.319475508339106,0.3971211612224579,0.3971211612224579
426,-0.2072587275934657,0.5041553974151611,0.5041553974151611
427,-0.11286574139229509,0.6090230345726013,0.6090230345726013
428,-0.0381201397524139,0.7061954736709595,0.7061954736709595
429,0.028504432583796296,0.7864331007003784,0.7864331007003784
430,0.1001872625467049,0.8566888570785522,0.8566888570785522
431,0.1683976359555995,0.9207768440246582,0.9207768440246582
432,0.2092776245987004,0.9648388624191284,0.9648388624191284
433,0.2473515123331025,1.0014175176620483,1.0014175176620483
434,0.2884664308609409,1.0282275676727295,1.0282275676727295
435,0.3363189491777951,1.0513890981674194,1.0513890981674194
436,0.3701895784200718,1.0787556171417236,1.0787556171417236
437,0.3903231663719421,1.1010971069335938,1.1010971069335938
438,0.4129729271290193,1.1268047094345093,1.1268047094345093
439,0.4489545448829421,1.1504323482513428,1.1504323482513428
440,0.45019030025548024,1.1725417375564575,1.1725417375564575
441,0.4595476177824388,1.178812026977539,1.178812026977539
442,0.4633244982721617,1.1876271963119507,1.1876271963119507
443,0.4773195653760272,1.1804723739624023,1.1804723739624023
444,0.45600301438286195,1.1794350147247314,1.1794350147247314
445,0.4511227890670556,1.1641303300857544,1.1641303300857544
446,0.4482203567642615,1.1515990495681763,1.1515990495681763
447,0.4601031576605977,1.1350116729736328,1.1350116729736328
448,0.4515416212152964,1.1268047094345093,1.1268047094345093
449,0.4409969288720204,1.1121041774749756,1.1121041774749756
450,0.4344099826056564,1.1007088422775269,1.1007088422775269
451,0.43894290955394405,1.0938262939453125,1.0938262939453125
452,0.41218505286493495,1.0915504693984985,1.0915504693984985
453,0.3931396893829344,1.0726207494735718,1.0726207494735718
454,0.37851491874390825,1.0553312301635742,1.0553312301635742
455,0.3721952744777067,1.0355559587478638,1.0355559587478638
456,0.3474065820573148,1.0197181701660156,1.0197181701660156
457,0.3262688225441202,0.9903815388679504,0.9903815388679504
458,0.3109271212752029,0.9648388624191284,0.9648388624191284
459,0.2959769908226338,0.9445452690124512,0.9445452690124512
460,0.2572653838735173,0.9248692393302917,0.9248692393302917
461,0.21562204355996362,0.8930059671401978,0.8930059671401978
462,0.1947794375253526,0.8622544407844543,0.8622544407844543
463,0.1932662044222106,0.8252875804901123,0.8252875804901123
464,0.1606810403707776,0.7983152866363525,0.7983152866363525
465,0.14196976284954,0.7639206051826477,0.7639206051826477
466,0.1337688288517601,0.7368430495262146,0.7368430495262146
467,0.1448872295648784,0.7185429930686951,0.7185429930686951
468,0.1173364852310774,0.7198076844215393,0.7198076844215393
469,0.09402652239540478,0.7084712982177734,0.7084712982177734
470,0.0876021987400327,0.6976988911628723,0.6976988911628723
471,0.0835134859703099,0.6921299695968628,0.6921299695968628
472,3.6781418681140843,0.6845540404319763,0.6845540404319763
473,0.0763981465661203,0.8224517703056335,0.8224517703056335
474,3.6800836564592503,0.7878318428993225,0.7878318428993225
475,0.1030485335614969,0.9655858278274536,0.9655858278274536
476,0.1255111605731064,0.9406037330627441,0.9406037330627441
477,0.1242918204413987,0.9543795585632324,0.9543795585632324
478,0.1330835999766734,0.854511559009552,0.854511559009552
479,0.1539625086171838,0.8628049492835999,0.8628049492835999
480,0.1630901216344965,0.7677668929100037,0.7677668929100037
481,3.765525156869331,0.7887095808982849,0.7887095808982849
482,3.7849840927470133,0.958881676197052,0.958881676197052
483,0.21059259711599337,1.14132821559906,1.14132821559906
484,0.2336899353138929,1.1412296295166016,1.1412296295166016
485,0.251531451442966,1.1608935594558716,1.1608935594558716
486,0.2720669807472766,1.168081283569336,1.168081283569336
487,3.8986398111585006,1.0,1.0726207494735718
488,0.323335439061233,1.1372874975204468,1.1372874975204468
489,3.938604877876025,1.0,1.132439374923706
490,3.9586644740582324,1.0,1.3228594064712524
491,0.3902771922384608,1.4634454250335693,1.4634454250335693
492,4.0044055569563595,1.0,1.4508094787597656
493,0.4255614974373976,1.4979513883590698,1.4979513883590698
494,0.4351181068742365,1.4754811525344849,1.4754811525344849
495,4.047234352677617,1.0,1.3764110803604126
496,0.47626540897665576,1.4176708459854126,1.4176708459854126
497,4.07430998894854,1.0,1.3995792865753174
498,0.4936587747071114,1.438902497291565,1.438902497291565
499,0.4973746924874324,1.418837547302246,1.418837547302246
500,0.5060709886061485,1.4202598333358765,1.4202598333358765
501,4.115892744704837,1.0,1.324097990989685
502,0.5117257382694127,1.438902497291565,1.438902497291565
503,4.11129727941321,1.0,1.3325945138931274
504,0.5108105527832502,1.4609851837158203,1.4609851837158203
505,0.5230869756848412,1.4368479251861572,1.4368479251861572
506,4.111403505788427,1.0,1.4378652572631836
507,0.5162615013587862,1.4637062549591064,1.4637062549591064
508,4.114821714698398,1.0,1.426768183708191
509,0.5158344759140753,1.4634454250335693,1.4634454250335693
510,4.110793076553495,1.0,1.4328970909118652
511,0.505120738102924,1.5345300436019897,1.5345300436019897
512,4.092734707358121,1.0,1.411665439605713
513,0.4959530123103743,1.519904613494873,1.519904613494873
514,0.4980404121495949,1.400065541267395,1.400065541267395
515,0.4851384339272799,1.3846924304962158,1.3846924304962158
516,0.4744529429354286,1.2888832092285156,1.2888832092285156
517,0.47311875341368703,1.2715809345245361,1.2715809345245361
518,0.4732808431739295,1.1810879707336426,1.1810879707336426
519,4.051678671702888,1.0,1.178812026977539
520,0.4626511009755444,1.3009779453277588,1.3009779453277588
521,0.4602715499565866,1.270054817199707,1.270054817199707
522,4.059274659671835,1.0,1.2714824676513672
523,4.051073742862789,1.0,1.3928757905960083
524,4.056440122867764,1.0,1.4822168350219727
525,0.47483501984111165,1.507415533065796,1.507415533065796
526,4.070307363087536,1.0,1.4891611337661743
527,0.4749156063549968,1.6086387634277344,1.6086387634277344
528,0.4734700338378818,1.4810501337051392,1.4810501337051392
529,0.47392209753824,1.3875255584716797,1.3875255584716797
530,4.079642965514059,1.0,1.29257333278656
531,4.0784737305415355,1.0,1.408468246459961
532,0.4848699459044816,1.417572259902954,1.417572259902954
533,4.079123120906536,1.0,1.3999669551849365
534,4.080269838637712,1.0,1.518894076347351
535,0.4755992023003673,1.6027103662490845,1.6027103662490845
536,0.46237562286764566,1.4694757461547852,1.4694757461547852
537,0.4522209772729829,1.3685964345932007,1.3685964345932007
538,0.4427564593425554,1.3394711017608643,1.3394711017608643
539,4.0172942139099375,1.0,1.2310729026794434
540,0.4108067857000138,1.2709312438964844,1.2709312438964844
541,0.41154517932891066,1.240793228149414,1.240793228149414
542,0.40821913640986446,1.240793228149414,1.240793228149414
543,0.4041818466022547,1.2304238080978394,1.2304238080978394
544,0.3964380928179435,1.211036205291748,1.211036205291748
545,0.39834050177385033,1.1022638082504272,1.1022638082504272
546,0.3848169617466436,1.1040018796920776,1.1040018796920776
547,3.968155519934574,1.0,1.098433017730713
548,3.97193748255994,1.0,1.2360196113586426
549,0.38258225445829486,1.352369785308838,1.352369785308838
550,0.3866934271735868,1.3278275728225708,1.3278275728225708
551,0.3854906226038466,1.3255034685134888,1.3255034685134888
552,3.9850086724078904,1.0,1.30530846118927
553,0.3888608634872093,1.3382056951522827,1.3382056951522827
554,0.3922652583847396,1.206188678741455,1.206188678741455
555,3.9842016040576693,1.0,1.2113962173461914
556,0.3898537764278592,1.3486709594726562,1.3486709594726562
557,0.387802558873401,1.3038110733032227,1.3038110733032227
558,0.3826103866860357,1.206188678741455,1.206188678741455
559,0.3712661661171225,1.1942334175109863,1.1942334175109863
560,0.3777345960635638,1.1768889427185059,1.1768889427185059
561,3.9762018928375396,1.0,1.0722324848175049
562,0.365889988533851,1.2271307706832886,1.2271307706832886
563,0.3485389758436114,1.1941348314285278,1.1941348314285278
564,0.35245032952785155,1.1942334175109863,1.1942334175109863
565,3.948172012547561,1.0,1.1859936714172363
566,0.3443543671277175,1.3243876695632935,1.3243876695632935
567,3.9238389533545908,1.0,1.1810879707336426
568,0.3255108853248314,1.345837950706482,1.345837950706482
569,3.916975663814057,1.0,1.3055692911148071
570,3.9142907262902944,1.0,1.4594569206237793
571,0.2960327224273661,1.4621211290359497,1.4621211290359497
572,3.8932407897479373,1.0,1.408468246459961
573,0.2980556587850566,1.448533058166504,1.448533058166504
574,0.2866744079538441,1.3824166059494019,1.3824166059494019
575,0.283805963507457,1.237984299659729,1.237984299659729
576,3.8914962306645893,1.0,1.0985316038131714
577,3.889683449496575,1.0,1.2556071281433105
578,3.882828926210307,1.0,1.276450514793396
579,0.276249882048941,1.424492359161377,1.424492359161377
580,0.2966900769057197,1.3875255584716797,1.3875255584716797
581,0.3076204328704762,1.3823180198669434,1.3823180198669434
582,0.3157437482757496,1.238861322402954,1.238861322402954
583,0.3124693345836226,1.1099202632904053,1.1099202632904053
584,3.9217379916043593,0.9948856234550476,0.9948856234550476
585,0.3485315044739629,1.1787135601043701,1.1787135601043701
586,0.3573198806399345,1.1697087287902832,1.1697087287902832
587,0.3538956614026926,1.1931242942810059,1.1931242942810059
588,0.3777913188852817,1.2006666660308838,1.2006666660308838
589,0.3843518174198225,1.206188678741455,1.206188678741455
590,1.7578415055464662,0.019531572283849625,0.019531572283849625
591,3.3147629270461554,0.036830699189401725,0.036830699189401725
592,4.830063433800391,2.502654552459717,2.502654552459717
593,6.226363299407593,3.255368947982788,3.255368947982788
594,7.46968171484148,4.2760491371154785,4.2760491371154785
595,8.576575441507947,5.481927394866943,5.481927394866943
596,9.57693683349456,6.566831588745117,6.566831588745117
597,10.4501875386314,7.5042524337768555,7.5042524337768555
598,11.224778922151277,8.669182777404785,8.669182777404785
599,11.89836472188313,9.828035354614258,9.828035354614258
600,12.527632236161613,11.418012619018555,11.418012619018555
601,13.069237207785086,12.75699234008789,12.75699234008789
602,13.51744375626648,13.94864273071289,13.94864273071289
603,13.878074851677724,14.979198455810547,14.979198455810547
604,14.161355498830716,15.797385215759277,15.797385215759277
605,14.368380620071951,16.126258850097656,16.126258850097656
606,14.501283910230494,16.359336853027344,16.359336853027344
607,14.563344979725684,16.499149322509766,16.499149322509766
608,14.582749914331174,16.570392608642578,16.570392608642578
609,14.556136024747346,16.570392608642578,16.570392608642578
610,14.493242447575836,16.509904861450195,16.509904861450195
611,14.359869332025283,16.394393920898438,16.394393920898438
612,14.202450896686477,16.243701934814453,16.243701934814453
613,14.008477181060522,16.042566299438477,16.042566299438477
614,13.755795917914293,15.80954360961914,15.80954360961914
615,13.468957775811331,15.51842975616455,15.51842975616455
616,13.160542616101544,15.176568031311035,15.176568031311035
617,12.8199037370358,14.817989349365234,14.817989349365234
618,12.450250848182426,14.406975746154785,14.406975746154785
619,12.062565831600695,13.94864273071289,13.94864273071289
620,11.664071393256028,13.494884490966797,13.494884490966797
621,11.250912100144985,13.01638126373291,13.01638126373291
622,10.81401688445506,12.523351669311523,12.523351669311523
623,10.363583249023987,12.018752098083496,12.018752098083496
624,9.912079901389406,11.491817474365234,11.491817474365234
625,9.457376011511224,10.968986511230469,10.968986511230469
626,8.986422465605337,10.434685707092285,10.434685707092285
627,8.520504645760854,9.88547420501709,9.88547420501709
628,8.071536636369727,9.339604377746582,9.339604377746582
629,7.635614303015933,8.80962085723877,8.80962085723877
630,7.191621286159925,8.277344703674316,8.277344703674316
631,6.7597612235736095,7.7608466148376465,7.7608466148376465
632,6.3255571906474115,7.265985012054443,7.265985012054443
633,5.91061175890583,6.767893314361572,6.767893314361572
634,5.505662034266541,6.282649517059326,6.282649517059326
635,5.113193163870146,5.820979118347168,5.820979118347168
636,4.7258535835431,5.370853424072266,5.370853424072266
637,4.350698867461984,4.9377055168151855,4.9377055168151855
638,3.999303278750454,4.5226006507873535,4.5226006507873535
639,3.67157886838696,4.125464916229248,4.125464916229248
640,3.3695937848288047,3.745657205581665,3.745657205581665
641,3.069017890967774,3.3940439224243164,3.3940439224243164
642,2.7929207021712354,3.058781862258911,3.058781862258911
643,2.5144694016818425,2.7577052116394043,2.7577052116394043
644,2.24946782706691,2.472731113433838,2.472731113433838
645,2.005918537146809,2.1914942264556885,2.1914942264556885
646,1.768503963634953,1.9286242723464966,1.9286242723464966
647,1.5531912943660484,1.68416166305542,1.68416166305542
648,1.3493329108585017,1.4492807388305664,1.4492807388305664
649,1.1692184713389713,1.2307134866714478,1.2307134866714478
650,0.9988767437478693,1.0402719974517822,1.0402719974517822
651,0.8365359133995329,0.8592610955238342,0.8592610955238342
652,0.684495088038484,0.6972389221191406,0.6972389221191406
653,0.5485252131688391,0.5466536283493042,0.5466536283493042
654,0.4309968099947046,0.417005717754364,0.417005717754364
655,0.3223831259099461,0.29934659600257874,0.29934659600257874
656,0.2214147270828275,0.19746758043766022,0.19746758043766022
657,0.1301839751670753,0.10728031396865845,0.10728031396865845
658,0.04423921555876769,0.018184706568717957,0.018184706568717957
659,-0.0184591216603895,-0.059869587421417236,-0.059869587421417236
660,-0.08916561721645029,-0.12743577361106873,-0.12743577361106873
661,3.4507696060915776,-0.18215350806713104,-0.18215350806713104
662,-0.201998591152442,-0.23147329688072205,-0.23147329688072205
663,3.352836113139065,-0.26195859909057617,-0.26195859909057617
664,3.310626289453466,-0.28952503204345703,-0.28952503204345703
665,-0.3336835553145775,-0.3086719512939453,-0.3086719512939453
666,3.242308979201688,-0.335318386554718,-0.335318386554718
667,3.2268428429588245,-0.34070760011672974,-0.34070760011672974
668,3.2120884921848516,-0.3526870012283325,-0.3526870012283325
669,-0.3893784678297525,-0.353100061416626,-0.353100061416626
670,3.199032617498764,-0.3596366047859192,-0.3596366047859192
671,-0.3999347396500679,-0.353100061416626,-0.353100061416626
672,-0.4114802632107224,-0.353161096572876,-0.353161096572876
673,-0.4179570698001285,-0.35519421100616455,-0.35519421100616455
674,-0.42030732548702127,-0.353100061416626,-0.353100061416626
675,-0.4217680240899277,-0.3429344892501831,-0.3429344892501831
676,-0.4089049382427464,-0.34321480989456177,-0.34321480989456177
677,-0.399280479143808,-0.33624911308288574,-0.33624911308288574
678,3.2089223847047377,-0.31982725858688354,-0.31982725858688354
679,-0.3662224186465859,-0.2853461503982544,-0.2853461503982544
680,-0.3276655446796224,-0.26001065969467163,-0.26001065969467163
681,3.29393520382208,-0.21923840045928955,-0.21923840045928955
682,-0.286405066223931,-0.1612604409456253,-0.1612604409456253
683,-0.2634339907353445,-0.13174474239349365,-0.13174474239349365
684,-0.2245973758544864,-0.1088433712720871,-0.1088433712720871
685,-0.1934401085721887,-0.07852904498577118,-0.07852904498577118
686,-0.1606744513561336,-0.05037859082221985,-0.05037859082221985
687,3.4680699177465266,-0.031177327036857605,-0.031177327036857605
688,3.494872654219628,0.036097168922424316,0.036097168922424316
689,-0.0797440080953001,0.10797902941703796,0.10797902941703796
690,-0.0658869034989242,0.13681478798389435,0.13681478798389435
691,-0.0477139255557899,0.16640223562717438,0.16640223562717438
692,3.564855759046657,0.18576912581920624,0.18576912581920624
693,-0.0049226012743341,0.23808225989341736,0.23808225989341736
694,3.6133304728597246,0.21905399858951569,0.21905399858951569
695,0.020673458580248,0.28866738080978394,0.28866738080978394
696,0.061301974901150406,0.2872619032859802,0.2872619032859802
697,3.6709258886731795,0.3072778880596161,0.3072778880596161
698,0.0925646091219726,0.34613236784935,0.34613236784935
699,0.1036184718690474,0.34972989559173584,0.34972989559173584
700,0.1285738950078223,0.331423819065094,0.331423819065094
701,0.1378984221601655,0.35267090797424316,0.35267090797424316
702,3.7513615656891837,0.3549729287624359,0.3549729287624359
703,3.7553376922521635,0.37511900067329407,0.37511900067329407
704,0.1708349583090404,0.4283340275287628,0.4283340275287628
705,0.1782090683718229,0.4313669204711914,0.4313669204711914
706,0.1733644867604516,0.43359047174453735,0.43359047174453735
707,0.17299213867813,0.4284325838088989,0.4284325838088989
708,3.783445935979783,0.38948023319244385,0.38948023319244385
709,3.7876556287879475,0.40208929777145386,0.40208929777145386
710,3.806495546793348,0.4431478679180145,0.4431478679180145
711,0.21567669800404107,0.4950425624847412,0.4950425624847412
712,3.8115122277376425,0.48948705196380615,0.48948705196380615
713,0.2201764965326144,0.553573727607727,0.553573727607727
714,0.2205309053063705,0.5038167238235474,0.5038167238235474
715,0.2181401013963163,0.46501123905181885,0.46501123905181885
716,0.2236027554996069,0.4196396470069885,0.4196396470069885
717,0.23481579165174699,0.41542723774909973,0.41542723774909973
718,3.8269405029294044,0.3706584870815277,0.3706584870815277
719,0.2349552495790819,0.40395408868789673,0.40395408868789673
720,0.2319966616827869,0.40208929777145386,0.40208929777145386
721,0.22674538889885382,0.4035946726799011,0.4035946726799011
722,3.8093257749547997,0.39969271421432495,0.39969271421432495
723,0.19807254110075678,0.44022291898727417,0.44022291898727417
724,3.78337541060478,0.3963735103607178,0.3963735103607178
725,3.7685491708162524,0.4376506805419922,0.4376506805419922
726,0.1573999230724476,0.4748770594596863,0.4748770594596863
727,0.1294975831876645,0.44022291898727417,0.44022291898727417
728,3.705898527749877,0.37511900067329407,0.37511900067329407
729,3.691112395007008,0.4036932587623596,0.4036932587623596
730,3.679000313589795,0.39489424228668213,0.39489424228668213
731,0.0783235826958133,0.38952916860580444,0.38952916860580444
732,3.662764271039302,0.35458534955978394,0.35458534955978394
733,0.04744961095757131,0.4043423533439636,0.4043423533439636
734,0.0344346431662255,0.3193625807762146,0.3193625807762146
735,0.0092150326258625,0.24714209139347076,0.24714209139347076
736,-0.0048799319614151,0.16640223562717438,0.16640223562717438
737,3.5813307118196906,0.1432333141565323,0.1432333141565323
738,3.571674882135553,0.11677801609039307,0.11677801609039307
739,-0.0285898244947092,0.13114795088768005,0.13114795088768005
740,-0.022026661133463202,0.11713743209838867,0.11713743209838867
741,-0.0199181541020278,0.11677801609039307,0.11677801609039307
742,-0.0056695961456515,0.11359758675098419,0.11359758675098419
743,-0.007690814775872199,0.09159475564956665,0.09159475564956665
744,3.591525775576095,0.0750327855348587,0.0750327855348587
745,0.0169127744614778,0.10728031396865845,0.10728031396865845
746,3.6120218830922695,0.11161074042320251,0.11161074042320251
747,0.0118411411350522,0.14678388833999634,0.14678388833999634
748,0.0042552203783404,0.14486007392406464,0.14486007392406464
749,-0.0045880119701483,0.1432333141565323,0.1432333141565323
750,-0.0069676858885531,0.12817338109016418,0.12817338109016418
751,-0.0192467696061448,0.12043118476867676,0.12043118476867676
752,-0.0197702908838384,0.09234309196472168,0.09234309196472168
753,-0.0349329027347317,0.08708596229553223,0.08708596229553223
754,-0.0407819670235099,0.07595881819725037,0.07595881819725037
755,-0.0459265665251454,0.06984539330005646,0.06984539330005646
756,3.5474603936934965,0.055016130208969116,0.055016130208969116
757,-0.0565926915435213,0.07145002484321594,0.07145002484321594
758,-0.0546650919251939,0.056990236043930054,0.056990236043930054
759,3.5295642976048596,0.05081780254840851,0.05081780254840851
760,-0.0536612561171376,0.07070168852806091,0.07070168852806091
761,3.5600400774264727,0.0642838329076767,0.0642838329076767
762,-0.0271168863673831,0.08152373135089874,0.08152373135089874
763,3.5689714140107807,0.08739642798900604,0.08739642798900604
764,-0.0304746763048997,0.12492991983890533,0.12492991983890533
765,3.566628255552096,0.10862812399864197,0.10862812399864197
766,-0.025340307537654,0.14683350920677185,0.14683350920677185
767,3.5651118310740353,0.12043118476867676,0.12043118476867676
768,3.57307504889332,0.1537160575389862,0.1537160575389862
769,3.5852074594260626,0.1648271083831787,0.1648271083831787
770,-0.0219350130963853,0.20140506327152252,0.20140506327152252
771,-0.0284057663866858,0.1700996607542038,0.1700996607542038
772,-0.0316958304209867,0.1624104380607605,0.1624104380607605
773,-0.0174209444809665,0.12988261878490448,0.12988261878490448
774,-0.0052546795909828,0.09922698140144348,0.09922698140144348
775,-0.0034042636901952,0.07204949855804443,0.07204949855804443
776,-0.0033200689172995005,-3.6889654636661115e-05,-3.6889654636661115e-05
777,-1.985238255785137,-0.022058202842057076,-0.022058202842057076
778,-3.427128716925575,-0.6430026292800903,-0.6430026292800903
779,-4.7778091099266655,-1.002973198890686,-1.002973198890686
780,-6.026460043559835,-1.5745887756347656,-1.5745887756347656
781,-7.161323277953407,-2.286940574645996,-2.286940574645996
782,-8.180558472669423,-3.1014442443847656,-3.1014442443847656
783,-9.090665260935848,-3.698042631149292,-3.698042631149292
784,-9.90707626096453,-4.522483825683594,-4.522483825683594
785,-10.643773361830045,-5.403623104095459,-5.403623104095459
786,-11.299837539229005,-6.2618937492370605,-6.2618937492370605
787,-11.864199821517271,-7.0988664627075195,-7.0988664627075195
788,-12.339338824116592,-7.886930465698242,-7.886930465698242
789,-12.750370151976515,-8.686064720153809,-8.686064720153809
790,-13.08578422890846,-9.43310832977295,-9.43310832977295
791,-13.342361032103792,-10.138163566589355,-10.138163566589355
792,-13.515694516117948,-10.785514831542969,-10.785514831542969
793,-13.632414613353026,-11.375635147094727,-11.375635147094727
794,-13.6809916940976,-11.899907112121582,-11.899907112121582
795,-13.668123062018962,-12.764082908630371,-12.764082908630371
796,-13.596297645779158,-13.387250900268555,-13.387250900268555
797,-13.475649922858462,-13.863890647888184,-13.863890647888184
798,-13.326468901740247,-14.181388854980469,-14.181388854980469
799,-13.142737952617853,-14.332486152648926,-14.332486152648926
800,-12.904739305929638,-14.084220886230469,-14.084220886230469
801,-12.639416874949433,-13.798871040344238,-13.798871040344238
802,-12.33847423080374,-13.458681106567383,-13.458681106567383
803,-12.016434707683532,-13.095601081848145,-13.095601081848145
804,-11.646650611495076,-12.68317985534668,-12.68317985534668
805,-11.262409644219877,-12.240842819213867,-12.240842819213867
806,-10.867288781372938,-11.786540985107422,-11.786540985107422
807,-10.471923838505276,-11.302796363830566,-11.302796363830566
808,-10.064135451765791,-10.814471244812012,-10.814471244812012
809,-9.632685054002993,-10.30834674835205,-10.30834674835205
810,-9.19872051743516,-9.799971580505371,-9.799971580505371
811,-8.785780667159655,-9.291996002197266,-9.291996002197266
812,-8.347891369695176,-8.790515899658203,-8.790515899658203
813,-7.898690166481431,-8.268755912780762,-8.268755912780762
814,-7.478199305423894,-7.766056537628174,-7.766056537628174
815,-7.069263857178556,-7.266324996948242,-7.266324996948242
816,-6.617241982739383,-6.782620429992676,-6.782620429992676
817,-6.192876781071172,-6.283613204956055,-6.283613204956055
818,-5.800078402646797,-5.811288356781006,-5.811288356781006
819,-5.412676713694759,-5.343863487243652,-5.343863487243652
820,-5.008939711524644,-4.906730651855469,-4.906730651855469
821,-4.618384749347104,-4.454964637756348,-4.454964637756348
822,-4.270035004274491,-4.024447441101074,-4.024447441101074
823,-3.9459609080237743,-3.6290388107299805,-3.6290388107299805
824,-3.6072104978507826,-3.2574832439422607,-3.2574832439422607
825,-3.290483553998589,-2.888629913330078,-2.888629913330078
826,-2.996698986179023,-2.5366568565368652,-2.5366568565368652
827,-2.73021952422733,-2.2278897762298584,-2.2278897762298584
828,-2.4633294807196457,-1.9299559593200684,-1.9299559593200684
829,-2.208647735431712,-1.6464760303497314,-1.6464760303497314
830,-1.985558310009497,-1.3861019611358643,-1.3861019611358643
831,-1.796811860235864,-1.1536188125610352,-1.1536188125610352
832,-1.5891678299843284,-0.9388281106948853,-0.9388281106948853
833,-1.396139781199242,-0.7303024530410767,-0.7303024530410767
834,-1.2362796862164838,-0.5363016724586487,-0.5363016724586487
835,-1.0844515427889874,-0.3739924728870392,-0.3739924728870392
836,-0.9207421454512016,-0.21950595080852509,-0.21950595080852509
837,-0.7719903843131013,-0.06907224655151367,-0.06907224655151367
838,-0.652184565576569,0.06873629987239838,0.06873629987239838
839,-0.5474629494166665,0.18861092627048492,0.18861092627048492
840,-0.4392380171959042,0.29846951365470886,0.29846951365470886
841,-0.3268474182439552,0.40036529302597046,0.40036529302597046
842,-0.24618085642524712,0.4934868812561035,0.4934868812561035
843,-0.1779020947739256,0.5722130537033081,0.5722130537033081
844,-0.0897113480571565,0.640752911567688,0.640752911567688
845,3.583067126880939,0.7156375050544739,0.7156375050544739
846,0.0301405273187794,0.958881676197052,0.958881676197052
847,0.0670925098322826,0.9666547179222107,0.9666547179222107
848,3.687896050587418,1.0,1.0064057111740112
849,0.117082596172899,1.2343533039093018,1.2343533039093018
850,0.11981715184171988,1.1761419773101807,1.1761419773101807
851,0.11657963090202128,1.0435999631881714,1.0435999631881714
852,0.1269409996691672,1.0109641551971436,1.0109641551971436
853,0.1269959062146745,0.9800872206687927,0.9800872206687927
854,0.1048769622068963,0.8080268502235413,0.8080268502235413
855,0.0953111396087117,0.7870821952819824,0.7870821952819824
856,3.6943883327668705,0.7633043527603149,0.7633043527603149
857,3.700973113252769,0.9116727709770203,0.9116727709770203
858,0.0953456775046022,1.0576070547103882,1.0576070547103882
859,0.0765863288243531,1.009049654006958,1.009049654006958
860,0.0745996664246724,0.9900221228599548,0.9900221228599548
861,3.665312661261329,0.9592692852020264,0.9592692852020264
862,0.0405186184321339,1.021243691444397,1.021243691444397
863,-0.0016137824979336002,0.81529700756073,0.81529700756073
864,3.5777759401381237,0.7886110544204712,0.7886110544204712
865,-0.0364890217288393,0.9458112716674805,0.9458112716674805
866,-0.0703329757750481,0.8566888570785522,0.8566888570785522
867,-0.0941305658014226,0.6763954162597656,0.6763954162597656
868,-0.0992160990839581,0.6404920816421509,0.6404920816421509
869,-0.1135695971253016,0.6035258769989014,0.6035258769989014
870,-0.1332115299931702,0.44058167934417725,0.44058167934417725
871,-0.1542119572524499,0.4196396470069885,0.4196396470069885
872,-0.1665323603943952,0.39828723669052124,0.39828723669052124
873,-0.1887119347960542,0.38432633876800537,0.38432633876800537
874,3.3843001248361424,0.3631141185760498,0.3631141185760498
875,-0.238149752847522,0.48458999395370483,0.48458999395370483
876,-0.2591874051747513,0.4323747754096985,0.4323747754096985
877,-0.2777849505736555,0.4173155128955841,0.4173155128955841
878,-0.3014707851820898,0.38952916860580444,0.38952916860580444
879,3.272327767885905,0.35393625497817993,0.35393625497817993
880,-0.3310157778767791,0.394795686006546,0.394795686006546
881,-0.333707619541973,0.3425321578979492,0.3425321578979492
882,-0.3399870479005344,0.33592522144317627,0.33592522144317627
883,-0.3469313479437215,0.3173086643218994,0.3173086643218994
884,3.2518578938153384,0.29646456241607666,0.29646456241607666
885,3.25297231964518,0.33662593364715576,0.33662593364715576
886,-0.3464368108820103,0.47845110297203064,0.47845110297203064
887,3.2501274638712183,0.46152636408805847,0.46152636408805847
888,-0.33824345711586,0.6577286124229431,0.6577286124229431
889,-0.3347797725456895,0.6100825071334839,0.6100825071334839
890,-0.3425233945497077,0.49864545464515686,0.49864545464515686
891,-0.3524285743203703,0.37557899951934814,0.37557899951934814
892,-0.35255565635933034,0.3575190305709839,0.3575190305709839
893,-0.36177237004336377,0.2187153697013855,0.2187153697013855
894,3.2198404564543672,0.21061308681964874,0.21061308681964874
895,3.2126549182611175,0.34415894746780396,0.34415894746780396
896,-0.366019075925094,0.48660433292388916,0.48660433292388916
897,3.2483090333393436,0.4610663652420044,0.4610663652420044
898,-0.3397623109349723,0.6639010310173035,0.6639010310173035
899,-0.3379584278015162,0.618644118309021,0.618644118309021
900,3.2691307951693678,0.5211089849472046,0.5211089849472046
901,-0.318938331758281,0.6078059673309326,0.6078059673309326
902,-0.3210223855239781,0.5649603605270386,0.5649603605270386
903,3.267534190977456,0.4283829927444458,0.4283829927444458
904,-0.3411297320088315,0.6041253209114075,0.6041253209114075
905,-0.3376330565288173,0.5456430912017822,0.5456430912017822
906,-0.3431874526342643,0.39833688735961914,0.39833688735961914
907,-0.3432477277943121,0.38396692276000977,0.38396692276000977
908,-0.3415058788013349,0.3666774034500122,0.3666774034500122
909,-0.3426012767027999,0.2334219217300415,0.2334219217300415
910,-0.3443806372426243,0.23150548338890076,0.23150548338890076
911,-0.3469787716604245,0.23189373314380646,0.23189373314380646
912,-0.3308451968820127,0.23145653307437897,0.23145653307437897
913,-0.3074387422240622,0.2432488650083542,0.2432488650083542
914,3.2935264786493454,0.2520887553691864,0.2520887553691864
915,-0.2854148576440741,0.40208929777145386,0.40208929777145386
916,-0.2592546646903217,0.3930797576904297,0.3930797576904297
917,-0.23757567205511274,0.4233216643333435,0.4233216643333435
918,-0.22292452816877667,0.44058167934417725,0.44058167934417725
919,-0.2091142055763732,0.45226001739501953,0.45226001739501953
920,-0.2051836062397947,0.38432633876800537,0.38432633876800537
921,3.3764575243730155,0.4091569185256958,0.4091569185256958
922,-0.2166598993100635,0.5672858953475952,0.5672858953475952
923,-0.2077585473260481,0.5371901392936707,0.5371901392936707
924,3.3851945692501215,0.5415359735488892,0.5415359735488892
925,-0.2109146967996821,0.7085698843002319,0.7085698843002319
926,3.3810048955873184,0.6577286124229431,0.6577286124229431
927,-0.21698630763637164,0.7688042521476746,0.7688042521476746
928,3.36820028008313,0.7224938869476318,0.7224938869476318
929,-0.2346353557829044,0.9432450532913208,0.9432450532913208
930,-0.2398978871875118,0.752216100692749,0.752216100692749
931,-0.2391488308140475,0.7312734127044678,0.7312734127044678
932,-0.2385155978588689,0.5590870380401611,0.5590870380401611
933,-0.2354330562731753,0.53071528673172,0.53071528673172
934,-0.2348478371812287,0.35883331298828125,0.35883331298828125
935,3.365332855501618,0.3575679659843445,0.3575679659843445
936,-0.2276053641718775,0.49864545464515686,0.49864545464515686
937,-0.22418001620777916,0.4755261540412903,0.4755261540412903
938,-0.2262603457478079,0.48655539751052856,0.48655539751052856
939,-0.2278603647681784,0.4855448603630066,0.4855448603630066
940,-0.219989683643512,0.4732435941696167,0.4732435941696167
941,-0.2093462706721351,0.37511900067329407,0.37511900067329407
942,-0.21374604795841243,0.3807375431060791,0.3807375431060791
943,-0.21773173145741467,0.383061021566391,0.383061021566391
944,-0.21729514334710298,0.3853435814380646,0.3853435814380646
945,-0.2227673085497928,0.38988858461380005,0.38988858461380005
946,3.368946368535216,0.394195556640625,0.394195556640625
947,3.3768800062624105,0.5427027344703674,0.5427027344703674
948,-0.2277929734723152,0.7032054662704468,0.7032054662704468
949,-0.2406653985315572,0.6763954162597656,0.6763954162597656
950,-0.2538245431306387,0.6730755567550659,0.6730755567550659
951,3.3323870374364626,0.6426693201065063,0.6426693201065063
952,-0.2631424010542465,0.7228814959526062,0.7228814959526062
953,-0.2713672503103951,0.5366235375404358,0.5366235375404358
954,-0.269109533036994,0.5300655364990234,0.5300655364990234
955,-0.2673470919408597,0.5094835758209229,0.5094835758209229
956,-0.2588952196175464,0.4810428023338318,0.4810428023338318
957,-0.2523054830467201,0.32251620292663574,0.32251620292663574
958,3.346712930371236,0.32285481691360474,0.32285481691360474
959,-0.2512439985171489,0.47086983919143677,0.47086983919143677
960,-0.2638991121438537,0.45002639293670654,0.45002639293670654
961,3.334928718322708,0.4588823914527893,0.4588823914527893
962,-0.2635609639123234,0.6276818513870239,0.6276818513870239
963,3.322432864044738,0.5839799642562866,0.5839799642562866
964,-0.2754648725738323,0.6936581134796143,0.6936581134796143
965,3.31634813247454,0.6411411762237549,0.6411411762237549
966,-0.2824896789168132,0.8525246977806091,0.8525246977806091
967,-0.2848070067192199,0.6746305227279663,0.6746305227279663
968,3.313214225222513,0.6613361835479736,0.6613361835479736
969,-0.2788844966895572,0.7316335439682007,0.7316335439682007
970,3.3134288552125684,0.6708821654319763,0.6708821654319763
971,-0.2912804328576346,0.7555091977119446,0.7555091977119446
972,3.3108293055890146,0.6996133327484131,0.6996133327484131
973,-0.2797697909675477,0.9291963577270508,0.9291963577270508
974,-0.2732239773412961,0.712973415851593,0.712973415851593
975,-0.2797727932663942,0.6992539167404175,0.6992539167404175
976,-0.275864510635936,0.5215200185775757,0.5215200185775757
977,-0.2734224270032176,0.5021819472312927,0.5021819472312927
978,-0.2677728568784214,0.33732467889785767,0.33732467889785767
979,-0.2695027482422143,0.3418334722518921,0.3418334722518921
980,-0.254347309822916,0.34415894746780396,0.34415894746780396
981,3.3547312054239287,0.358266681432724,0.358266681432724
982,-0.232232342142236,0.5147192478179932,0.5147192478179932
983,-0.2254529107045977,0.4974786937236786,0.4974786937236786
984,3.387650552838949,0.5131152868270874,0.5131152868270874
985,3.4003963599550455,0.6976009607315063,0.6976009607315063
986,3.4107882673726717,0.8858820199966431,0.8858820199966431
987,3.410759281437816,1.0,1.0259510278701782
988,-0.1803252879881386,1.2752838134765625,1.2752838134765625
989,3.4219620158087993,1.0,1.2157260179519653
990,-0.1728103735472027,1.3644062280654907,1.3644062280654907
991,3.4145523136077838,1.0,1.1215529441833496
992,-0.1660079206653561,1.2006666660308838,1.2006666660308838
993,-0.1561341332522887,0.9302336573600769,0.9302336573600769
994,-0.1394187141033436,0.9207768440246582,0.9207768440246582
995,3.4552518377341523,0.7084712982177734,0.7084712982177734
996,-0.1224930022548516,0.8930059671401978,0.8930059671401978
997,-0.1090098729409355,0.6663874387741089,0.6663874387741089
998,-0.0972146028069615,0.6943072080612183,0.6943072080612183
999,-0.0978538059823653,0.7061954736709595,0.7061954736709595
