,gyro_x,gyro_y,gyro_z,accel_x,accel_y,accel_z,baro_pressure,baro_temperature,gps_lat,gps_lon,gps_alt,gps_vel_n_m_s,gps_vel_e_m_s,gps_vel_d_m_s,mag_x,mag_y,mag_z,nav_cmd
0,-0.009054748,0.0015978967,-0.0015978967,0.093373865,-0.045489833,-9.842564,956.02185,11.832275,473977508,85456073,488180,0.0,0.0,-0.02,0.0067459983,-0.22364843,0.43076143,
1,0.007456851,-0.0005326322,-0.0015978967,0.08619126,-0.031124622,-9.739613,956.0469,11.832275,473977508,85456073,488170,0.01,0.0,-0.03,0.004847509,-0.22638297,0.4253405,
2,-0.00479369,0.0005326322,-0.0015978967,0.10295067,-0.062249243,-9.835381,956.0469,11.832275,473977508,85456073,488171,0.0,0.0,-0.04,0.00516028,-0.21219331,0.42878956,
3,-0.0053263223,-0.0010652645,0.0,0.07182605,-0.050278235,-9.773131,956.03937,11.832275,473977508,85456073,488178,0.0,0.01,0.02,0.003912989,-0.21603833,0.43262947,
4,0.0015978967,-0.0037284256,-0.0005326322,0.08379706,-0.045489833,-9.758766,956.03516,11.832275,473977508,85456073,488170,-0.01,-0.01,0.03,0.0041580456,-0.21699506,0.42448348,
5,0.0031957934,-0.0010652645,0.0,0.1340753,0.019153614,-9.773131,956.02045,11.832275,473977508,85456073,488174,0.0,0.0,0.0,0.0060095894,-0.22045812,0.42764843,
6,-0.0063915867,0.0005326322,0.004261058,0.10295067,-0.02873042,-9.794679,956.045,11.832275,473977508,85456072,488160,-0.02,0.01,-0.03,0.00054245174,-0.21271579,0.43032908,
7,-0.0010652645,-0.0015978967,0.0058589545,0.062249243,-0.038307227,-9.825804,956.0308,11.832275,473977508,85456073,488165,0.0,0.0,-0.01,0.011662791,-0.22248442,0.4306591,
8,0.0,-0.0031957934,0.0015978967,0.12449849,-0.08140286,-9.765948,956.0308,11.832275,473977507,85456073,488178,0.0,0.0,0.0,0.005695444,-0.22213821,0.42912996,
9,-0.0015978967,0.0031957934,-0.0010652645,0.05746084,-0.06943185,-9.77792,956.0232,11.832275,473977508,85456073,488172,0.0,-0.02,0.0,0.0077129845,-0.21227676,0.42294893,
10,0.0053263223,-0.0010652645,-0.0015978967,0.15801731,-0.088585466,-9.7803135,956.0342,11.832275,473977508,85456073,488178,-0.01,0.0,-0.01,0.011212212,-0.21626008,0.4258237,
11,-0.00479369,0.0,0.0058589545,0.062249243,0.0047884034,-9.856929,956.0135,11.832275,473977508,85456073,488177,-0.01,-0.01,-0.03,0.0025256053,-0.21251824,0.42303994,
12,-0.0026631611,0.0010652645,-0.0010652645,0.16280572,-0.06464344,-9.809045,956.0283,11.832275,473977508,85456072,488167,0.0,0.0,-0.01,0.007759216,-0.217177,0.4350097,
13,-0.0010652645,0.0026631611,0.008522116,0.04309563,-0.02873042,-9.78989,956.0165,11.832275,473977508,85456072,488169,0.0,0.0,0.01,0.00952169,-0.22010154,0.42826155,
14,0.0005326322,0.00479369,0.0010652645,0.12210429,-0.088585466,-9.742006,956.06287,11.832275,473977508,85456072,488173,-0.01,-0.01,-0.049999997,0.00200003,-0.21748519,0.42769945,
15,0.0015978967,0.0053263223,0.006924219,0.1604115,-0.076614454,-9.751583,956.03094,11.832275,473977508,85456073,488168,0.01,0.0,0.01,0.0038528077,-0.21536069,0.42450303,
16,-0.0010652645,0.0,0.0015978967,0.021547815,-0.045489833,-9.744401,956.0355,11.832275,473977508,85456073,488166,0.02,0.0,-0.03,0.0065572704,-0.22070615,0.4266672,
17,0.00479369,0.0026631611,-0.0026631611,0.1364695,-0.035913024,-9.749189,956.0355,11.832275,473977508,85456073,488175,-0.01,0.0,0.02,0.003007958,-0.2158747,0.42785263,
18,-0.0015978967,-0.0037284256,0.0010652645,0.19632454,-0.016759412,-9.782708,956.0283,11.832275,473977508,85456073,488168,0.0,0.0,-0.01,0.002472599,-0.21685137,0.42093807,
19,-0.002130529,0.0037284256,0.0026631611,0.076614454,-0.062249243,-9.727641,956.0208,11.832275,473977508,85456073,488175,0.0,0.0,0.01,0.0043168874,-0.21369605,0.4225041,
20,-0.0053263223,0.0026631611,0.0037284256,0.038307227,-0.033518825,-9.737218,956.0208,11.832275,473977508,85456072,488173,0.01,0.02,-0.01,0.0046320613,-0.21932608,0.42999795,
21,0.0010652645,0.0037284256,0.0031957934,0.14604631,-0.023942016,-9.7324295,956.0191,11.832275,473977508,85456073,488162,0.0,0.01,0.0,0.0062780282,-0.21438248,0.4316063,
22,0.00479369,0.0005326322,-0.0015978967,0.076614454,-0.07182605,-9.78989,956.03754,11.832275,473977508,85456072,488174,0.0,-0.01,-0.02,0.003312187,-0.21371083,0.42881298,
23,0.004261058,0.0031957934,-0.0053263223,0.088585466,-0.035913024,-9.689334,956.02985,11.832275,473977508,85456073,488174,0.0,0.0,-0.02,0.00613237,-0.21113414,0.42805815,
24,-0.0031957934,0.0005326322,-0.0037284256,0.12210429,0.0,-9.765948,956.018,11.832275,473977509,85456072,488160,0.0,0.02,0.01,0.01004893,-0.21579994,0.43325698,
25,0.0,0.0,-0.0010652645,0.16998832,-0.09816227,-9.78989,956.0277,11.832275,473977508,85456073,488175,0.01,0.0,-0.04,0.004085182,-0.21121919,0.42503834,
26,0.0037284256,0.0015978967,-0.002130529,0.04309563,-0.045489833,-9.794679,956.0277,11.832275,473977508,85456073,488168,0.0,0.0,0.01,0.010756313,-0.21513496,0.43130863,
27,0.0010652645,-0.0015978967,0.0,0.02633622,0.076614454,-9.703699,956.0246,11.832275,473977508,85456073,488177,0.0,-0.01,-0.07,0.00029540848,-0.20990103,0.42011502,
28,0.0,0.0031957934,-0.0026631611,0.059855044,-0.05267244,-9.655815,956.01373,11.832275,473977508,85456073,488170,0.0,0.01,0.02,0.008356283,-0.22041678,0.4345804,
29,0.0026631611,0.004261058,0.0037284256,0.06464344,-0.009576807,-9.792285,956.01373,11.832275,473977508,85456073,488160,0.01,0.0,0.04,0.009590255,-0.21396102,0.4271461,
30,-0.002130529,0.002130529,0.002130529,0.093373865,-0.038307227,-9.7803135,956.0142,11.832275,473977508,85456073,488156,0.0,-0.02,-0.099999994,0.0099561345,-0.2130205,0.4271272,
31,0.004261058,0.0026631611,-0.0015978967,0.055066638,-0.02633622,-9.753978,956.0452,11.832275,473977508,85456073,488164,0.01,-0.01,0.04,0.00627271,-0.21937776,0.43431783,
32,0.0026631611,-0.0031957934,-0.0010652645,0.062249243,-0.050278235,-9.696517,956.0452,11.832275,473977508,85456073,488170,0.02,0.01,-0.03,0.007926658,-0.21309523,0.42867368,
33,-0.002130529,-0.00479369,-0.0031957934,0.035913024,0.023942016,-9.751583,956.0191,11.832275,473977508,85456072,488170,-0.01,0.0,0.0,0.0040447316,-0.21986714,0.42659953,
34,-0.0010652645,0.002130529,-0.0015978967,0.06464344,-0.055066638,-9.677363,956.0285,11.832275,473977508,85456073,488168,0.0,0.02,-0.01,0.0059613455,-0.2184108,0.4240052,
35,-0.0005326322,0.00479369,0.0010652645,0.08619126,0.0,-9.758766,956.01337,11.832275,473977508,85456073,488183,0.01,0.0,-0.01,0.0041430397,-0.21139207,0.4260212,
36,0.0005326322,0.0058589545,0.0010652645,0.02873042,-0.016759412,-9.734824,956.02264,11.832275,473977508,85456073,488177,0.01,0.0,-0.01,0.0069189356,-0.21689442,0.42881405,
37,-0.0015978967,0.0015978967,-0.0010652645,0.08619126,-0.062249243,-9.643845,956.0142,11.832275,473977508,85456073,488164,0.01,0.0,0.0,0.007714832,-0.21650876,0.42941308,
38,0.0,-0.004261058,-0.0010652645,0.08619126,-0.023942016,-9.677363,956.0142,11.832275,473977508,85456072,488178,0.0,0.0,0.0,0.0102925,-0.20993501,0.43196085,
39,0.0015978967,-0.0031957934,0.0,-0.01436521,-0.033518825,-9.624691,956.0236,11.832275,473977508,85456072,488176,0.0,0.0,0.0,-0.0016436608,-0.2085701,0.43090445,
40,0.006924219,0.0026631611,-0.002130529,0.06464344,-0.04309563,-9.698911,956.023,11.832275,473977508,85456073,488164,0.01,-0.01,-0.01,0.011542722,-0.2190714,0.4294449,
41,0.0037284256,0.002130529,0.0058589545,0.04309563,-0.02873042,-9.694122,956.023,11.832275,473977508,85456073,488164,0.0,0.01,-0.01,0.0040651583,-0.21465684,0.42542073,
42,0.0,-0.0010652645,0.0015978967,-0.009576807,-0.0047884034,-9.720459,956.00574,11.832275,473977508,85456073,488166,-0.01,0.0,0.0,0.00076977356,-0.2179882,0.4313216,
43,-0.0010652645,-0.006924219,-0.0026631611,0.09816227,-0.06943185,-9.674969,956.0328,11.832275,473977508,85456073,488165,0.0,0.01,0.04,0.00720408,-0.21558613,0.43107116,
44,0.0,0.0010652645,-0.0058589545,0.033518825,-0.04309563,-9.758766,956.0328,11.832275,473977508,85456073,488176,0.0,0.0,-0.03,0.0077343443,-0.22457963,0.4301176,
45,0.0005326322,0.002130529,-0.0010652645,0.1340753,-0.074220255,-9.722853,956.0381,11.832275,473977508,85456073,488165,0.01,0.0,0.0,0.0075795306,-0.21734832,0.4254009,
46,-0.0026631611,0.004261058,0.002130529,-0.016759412,-0.011971008,-9.706094,956.0349,11.832275,473977508,85456073,488172,0.0,0.0,0.0,0.007438014,-0.22267208,0.43367898,
47,0.0010652645,-0.0031957934,0.00958738,0.076614454,0.035913024,-9.677363,956.0349,11.832275,473977508,85456073,488171,0.0,0.01,0.03,0.002753628,-0.21177913,0.4238626,
48,0.0,-0.0026631611,0.002130529,0.021547815,-0.074220255,-9.689334,956.0263,11.832275,473977508,85456073,488182,0.0,0.0,0.0,0.0069444235,-0.21373041,0.42737052,
49,-0.0037284256,-0.0037284256,0.0005326322,-0.023942016,-0.05746084,-9.634268,956.0392,11.832275,473977508,85456073,488179,-0.01,0.0,0.04,0.007380688,-0.21854082,0.4275727,
50,0.0005326322,0.0010652645,-0.0005326322,0.038307227,-0.035913024,-9.691729,956.0392,11.832275,473977508,85456073,488174,0.01,0.0,0.0,-0.0014359416,-0.22272626,0.43197274,
51,0.0005326322,0.002130529,0.0058589545,0.019153614,0.06464344,-9.696517,956.0427,11.832275,473977508,85456073,488175,0.0,0.0,-0.04,0.004753117,-0.21621522,0.42904687,
52,-0.0031957934,-0.0010652645,0.007989483,0.10295067,-0.02633622,-9.715671,956.008,11.832275,473977508,85456073,488178,-0.02,0.0,0.0,0.0024065943,-0.21571903,0.43258518,
53,-0.0026631611,0.002130529,-0.0031957934,0.0,-0.08379706,-9.706094,956.008,11.832275,473977508,85456072,488169,0.02,0.0,-0.01,0.005681743,-0.21628284,0.42699358,
54,-0.002130529,-0.002130529,-0.0005326322,0.011971008,-0.06703765,-9.68694,956.0162,11.832275,473977508,85456073,488165,0.0,0.01,0.03,0.0060268445,-0.21477458,0.42899236,
55,0.0,-0.0010652645,0.0026631611,0.038307227,0.019153614,-9.629479,956.0197,11.832275,473977508,85456073,488174,0.0,0.02,0.02,0.0065848823,-0.21918355,0.42194685,
56,0.0010652645,0.0,-0.004261058,0.031124622,-0.074220255,-9.653421,956.02295,11.832275,473977508,85456073,488175,0.02,0.0,0.0,0.003263174,-0.21085863,0.4287101,
57,0.002130529,0.0058589545,0.002130529,0.06464344,-0.007182605,-9.629479,956.0277,11.832275,473977508,85456074,488173,0.0,0.02,0.02,0.0057574073,-0.21428834,0.4290573,
58,0.004261058,-0.002130529,-0.004261058,0.062249243,0.016759412,-9.65821,956.0249,11.832275,473977508,85456073,488166,-0.01,0.0,0.01,0.01126476,-0.22070213,0.43186918,
59,-0.0010652645,0.0037284256,0.002130529,-0.023942016,-0.009576807,-9.631873,956.0249,11.832275,473977508,85456073,488171,0.01,0.01,0.0,0.0070799636,-0.21192984,0.42482546,
60,0.002130529,0.0010652645,-0.0015978967,0.050278235,-0.055066638,-9.725247,956.02216,11.832275,473977508,85456073,488179,0.0,-0.02,0.0,0.0054832897,-0.2119641,0.4369076,
61,0.0037284256,-0.00479369,-0.002130529,-0.07182605,-0.12449849,-9.610326,956.0267,11.832275,473977508,85456073,488173,0.01,0.03,0.0,-0.0019122331,-0.21014385,0.42502564,
62,0.0053263223,0.0005326322,-0.0015978967,0.031124622,-0.050278235,-9.581595,956.0313,11.832275,473977508,85456073,488168,0.0,0.01,0.03,0.010926497,-0.22290842,0.43075332,
63,-0.00479369,-0.0005326322,-0.00479369,0.02633622,-0.10055647,-9.574412,956.0255,11.832275,473977508,85456072,488167,0.0,0.0,0.04,0.0033835554,-0.2135492,0.42520767,
64,0.0005326322,0.00479369,0.002130529,0.1364695,-0.079008654,-9.562442,956.0162,11.832275,473977508,85456073,488165,0.0,0.0,-0.049999997,0.0046962025,-0.21501634,0.42962724,
65,0.0053263223,0.007989483,-0.0063915867,0.011971008,-0.023942016,-9.701305,956.0142,11.832275,473977508,85456072,488168,0.0,0.0,0.0,0.008599441,-0.21956809,0.43042853,
66,-0.0005326322,-0.0010652645,-0.002130529,0.0047884034,-0.045489833,-9.593566,956.02313,11.832275,473977508,85456073,488172,0.0,-0.01,-0.06,0.010623427,-0.2216165,0.43029928,
67,-0.0037284256,0.0005326322,0.0010652645,0.08619126,-0.021547815,-9.67018,956.0478,11.832275,473977508,85456073,488181,0.01,0.02,0.0,0.005628558,-0.21642716,0.4276675,
68,0.0031957934,0.0010652645,0.0031957934,0.12210429,-0.11252748,-9.629479,956.0408,11.832275,473977508,85456073,488180,0.0,0.02,0.0,0.0045468486,-0.21529911,0.42967603,
69,0.0031957934,-0.0015978967,-0.0026631611,0.05746084,-0.02873042,-9.734824,956.03375,11.832275,473977508,85456073,488177,0.0,0.0,0.02,0.008437019,-0.21219555,0.42974746,
70,0.004261058,0.0005326322,0.0015978967,-0.0023942017,-0.055066638,-9.68694,956.05786,11.832275,473977508,85456073,488176,0.0,0.01,0.0,0.007861712,-0.21750905,0.42904985,
71,-0.002130529,-0.0037284256,0.0,0.055066638,-0.007182605,-9.636662,956.05786,11.832275,473977508,85456073,488175,-0.01,0.01,-0.03,0.0041826656,-0.21821617,0.43170935,
72,-0.0010652645,-0.009054748,-0.0026631611,0.093373865,-0.055066638,-9.662998,956.0099,11.832275,473977508,85456074,488169,0.0,0.01,0.0,0.009304871,-0.22017832,0.43006107,
73,-0.002130529,-0.007989483,0.0031957934,0.01436521,-0.12210429,-9.674969,956.0413,11.832275,473977508,85456073,488169,0.0,0.0,-0.01,0.0073616677,-0.21095808,0.42128935,
74,-0.0037284256,0.0026631611,0.0,0.023942016,-0.019153614,-9.694122,956.0413,11.832275,473977508,85456073,488172,0.0,-0.01,0.03,0.006846634,-0.2141928,0.42645514,
75,0.0005326322,0.008522116,-0.007456851,-0.009576807,-0.12210429,-9.629479,956.03143,11.832275,473977509,85456073,488169,-0.01,0.0,-0.04,0.0064235744,-0.21670839,0.42494255,
76,-0.0058589545,0.0026631611,0.0010652645,0.04309563,-0.045489833,-9.715671,956.0249,11.832275,473977508,85456073,488172,0.01,0.0,0.0,0.0034685663,-0.2158544,0.4250711,
77,-0.004261058,-0.0026631611,0.0,0.023942016,-0.033518825,-9.624691,956.0272,11.832275,473977508,85456073,488160,-0.01,-0.01,0.0,0.008773098,-0.2143573,0.43083838,
78,-0.0058589545,0.006924219,0.0053263223,0.009576807,-0.045489833,-9.636662,956.01855,11.832275,473977508,85456073,488175,0.0,0.0,0.01,0.0033238223,-0.21343228,0.42968622,
79,0.0015978967,-0.0015978967,0.0031957934,0.007182605,-0.08379706,-9.713276,956.0158,11.832275,473977508,85456073,488176,0.0,0.0,0.02,0.0060619256,-0.21591932,0.43188924,
80,0.004261058,0.002130529,0.00479369,0.045489833,-0.009576807,-9.605537,956.0494,11.832275,473977508,85456072,488165,0.01,0.02,-0.01,0.0072405315,-0.21601592,0.4326893,
81,0.0058589545,-0.0031957934,0.0015978967,0.0023942017,-0.06703765,-9.689334,956.0266,11.832275,473977508,85456073,488165,0.01,-0.03,-0.01,-0.0009931453,-0.21775903,0.43214977,
82,0.004261058,-0.0026631611,-0.004261058,-0.055066638,-0.05746084,-9.667787,956.0353,11.832275,473977508,85456073,488163,0.0,-0.01,0.02,0.0068499832,-0.21615492,0.4288186,
83,0.0010652645,-0.0010652645,-0.0015978967,0.050278235,-0.09816227,-9.674969,956.0353,11.832275,473977508,85456072,488161,0.0,-0.02,0.0,0.0031540685,-0.21781547,0.42797607,
84,-0.007456851,0.0015978967,-0.0010652645,0.033518825,-0.06943185,-9.677363,956.0114,11.832275,473977507,85456073,488171,0.0,-0.01,0.0,0.010872589,-0.21044748,0.43088046,
85,0.0,-0.0005326322,-0.004261058,0.05746084,-0.06943185,-9.643845,956.0361,11.832275,473977508,85456073,488173,-0.01,-0.01,-0.02,0.0039755073,-0.21612547,0.4324274,
86,0.0031957934,-0.0031957934,0.002130529,0.095768064,-0.076614454,-9.691729,956.0113,11.832275,473977508,85456073,488159,0.01,0.02,0.01,0.00402856,-0.22126354,0.42613015,
87,0.0,-0.0026631611,0.0031957934,0.0047884034,-0.074220255,-9.651027,956.0386,11.832275,473977507,85456073,488175,-0.01,-0.01,0.01,0.011614805,-0.21330367,0.4293636,
88,0.0010652645,-0.004261058,0.0063915867,0.10055647,-0.11731588,-9.7563715,956.0313,11.832275,473977508,85456073,488164,0.0,0.0,0.01,0.009395105,-0.20990218,0.42772767,
89,-0.0010652645,0.0005326322,0.0037284256,0.0023942017,-0.11731588,-9.639056,956.0261,11.832275,473977508,85456073,488172,0.0,0.0,0.02,0.008968067,-0.21445519,0.429844,
90,0.004261058,0.00479369,0.0063915867,0.047884032,-0.1340753,-9.591172,956.0375,11.832275,473977508,85456073,488163,0.0,0.0,-0.01,0.0072838226,-0.22169934,0.43116653,
91,0.0010652645,0.0031957934,0.002130529,0.016759412,-0.05746084,-9.634268,956.03754,11.832275,473977508,85456072,488168,0.01,0.0,0.0,-0.0006306038,-0.21642037,0.42528355,
92,-0.0005326322,0.0026631611,-0.0026631611,0.04309563,-0.1412579,-9.725247,956.01184,11.832275,473977508,85456072,488176,0.0,0.01,0.0,0.013481262,-0.21200427,0.43389317,
93,0.002130529,-0.0005326322,-0.0010652645,0.02873042,-0.12928689,-9.782708,956.041,11.832275,473977508,85456073,488173,0.0,0.01,-0.01,0.002496507,-0.21639581,0.42656508,
94,0.0,0.0005326322,0.0053263223,-0.074220255,-0.062249243,-9.753978,956.01984,11.832275,473977508,85456072,488171,0.01,0.0,0.04,0.0044631804,-0.21454081,0.4260172,
95,-0.0031957934,-0.0026631611,0.0031957934,-0.007182605,-0.059855044,-9.722853,956.02124,11.832275,473977508,85456073,488173,0.0,0.0,0.049999997,0.0073189363,-0.21886162,0.4267351,
96,0.0037284256,0.0031957934,0.0005326322,0.0,-0.08619126,-9.689334,956.02295,11.832275,473977508,85456073,488163,-0.01,0.0,0.0,0.008883048,-0.22139308,0.42773423,
97,-0.0010652645,0.00479369,-0.0026631611,0.05267244,-0.11492168,-9.591172,956.04785,11.832275,473977507,85456073,488173,0.0,0.01,0.0,0.007712764,-0.21042636,0.42868105,
98,-0.0005326322,-0.0026631611,0.0037284256,0.038307227,-0.076614454,-9.624691,956.04785,11.832275,473977508,85456073,488168,-0.02,0.01,0.02,0.011329046,-0.21470645,0.42660847,
99,0.0010652645,-0.0010652645,-0.0010652645,0.0,-0.021547815,-9.665392,956.0235,11.832275,473977508,85456073,488166,0.0,0.0,-0.04,-0.0011970076,-0.21678534,0.43487853,
100,-0.002130529,-0.0010652645,0.0005326322,0.04309563,-0.062249243,-9.624691,956.0318,11.832275,473977508,85456073,488171,-0.01,0.0,0.0,0.004362847,-0.21121697,0.43161288,
101,-0.0005326322,0.0010652645,0.0005326322,-0.019153614,-0.05267244,-9.703699,956.0318,11.832275,473977508,85456073,488174,0.0,0.0,-0.03,0.001116563,-0.21593952,0.42764038,
102,-0.0037284256,-0.002130529,0.0026631611,-0.047884032,-0.009576807,-9.691729,956.02936,11.832275,473977508,85456073,488177,0.0,-0.01,0.02,0.0060549593,-0.21465822,0.42948896,
103,-0.0053263223,0.0037284256,0.0015978967,0.0,-0.095768064,-9.689334,956.01074,11.832275,473977508,85456073,488172,-0.01,0.0,0.02,0.010950885,-0.213803,0.42764452,
104,0.0053263223,-0.0026631611,0.0015978967,-0.059855044,-0.016759412,-9.593566,956.01074,11.832275,473977508,85456073,488164,-0.01,0.01,-0.01,0.006754142,-0.21408153,0.43193358,
105,-0.0026631611,0.0005326322,0.004261058,0.009576807,-0.090979666,-9.67018,956.0343,11.832275,473977508,85456072,488163,0.01,-0.01,0.02,0.007765944,-0.21214336,0.42917332,
106,0.0010652645,-0.0010652645,-0.002130529,-0.016759412,-0.09816227,-9.746795,956.0254,11.832275,473977508,85456073,488176,0.0,0.0,-0.01,0.0063133584,-0.21146572,0.42544767,
107,0.0053263223,0.00958738,-0.0005326322,-0.059855044,-0.011971008,-9.689334,956.0254,11.832275,473977508,85456073,488171,-0.01,0.0,0.02,0.0076413183,-0.21645305,0.42314604,
108,0.0005326322,0.0037284256,0.0015978967,0.021547815,-0.023942016,-9.68694,956.0092,11.832275,473977508,85456073,488164,0.0,0.0,0.04,0.006511914,-0.21466887,0.43374246,
109,0.0015978967,0.0,0.006924219,0.0047884034,-0.04070143,-9.619903,956.03326,11.832275,473977508,85456073,488165,0.0,-0.01,0.0,0.0099931955,-0.21790238,0.43272904,
110,0.0026631611,-0.0005326322,-0.0010652645,0.045489833,0.007182605,-9.617508,956.03326,11.832275,473977508,85456073,488174,0.0,-0.01,0.0,0.010852973,-0.22260042,0.42755368,
111,0.0005326322,0.0053263223,-0.006924219,0.06703765,0.009576807,-9.653421,956.01154,11.832275,473977508,85456072,488167,0.0,0.01,0.01,0.006664177,-0.21643996,0.4297396,
112,0.0058589545,0.008522116,-0.00479369,0.0047884034,-0.059855044,-9.598354,956.01514,11.832275,473977508,85456073,488169,0.0,-0.01,-0.06,0.007309774,-0.2158288,0.42991453,
113,0.0015978967,0.0005326322,0.0037284256,-0.05746084,0.04309563,-9.737218,956.01514,11.832275,473977508,85456073,488169,0.0,-0.02,0.0,0.010230652,-0.21464838,0.43021765,
114,0.0015978967,0.007989483,0.0037284256,1.7597382,0.05267244,-9.679757,956.01965,11.832275,473977508,85456073,488174,0.0,-0.02,-0.01,0.0064995894,-0.21703137,0.4281192,22.0
115,0.025033714,0.06018744,-0.05752428,21.557392,0.079008654,-12.200851,956.00977,11.831818,473977507,85456541,488192,-0.13,11.88,-0.13,0.017863126,-0.20744304,0.43341956,
116,-0.0015978967,0.096939065,-0.009054748,3.4572272,-0.016759412,-11.171345,955.5682,11.807556,473977482,85458304,489892,-0.41,17.77,-4.8199997,-0.11032904,-0.2101298,0.41402942,
117,-0.015446335,-0.009054748,-0.029294772,-0.4405331,0.023942016,-8.865729,954.8195,11.76413,473977440,85461178,497416,-0.14999999,18.09,-6.8199997,-0.1195103,-0.24376008,0.4020271,
118,0.028229509,-0.05219796,-0.0314253,-1.3192052,-0.021547815,-8.078036,954.1337,11.725403,473977442,85463007,502552,0.19999999,15.929999,-5.72,-0.10280579,-0.23296684,0.40735054,
119,0.025566347,-0.033023197,-0.02396845,0.51954174,-0.047884032,-8.889671,953.686,11.69989,473977480,85465254,507951,0.45,12.469999,-3.5,-0.083259754,-0.22809948,0.4245084,
120,0.011717909,-0.0005326322,-0.006924219,1.3000516,-0.04070143,-9.323022,953.31793,11.679779,473977515,85466519,510511,0.48999998,11.469999,-3.04,-0.07125337,-0.22095373,0.43069103,
121,-0.0026631611,0.004261058,0.0031957934,1.6639702,-0.11492168,-9.483433,953.0183,11.661438,473977573,85468294,513936,0.55,10.76,-2.75,-0.07449056,-0.21689032,0.42416042,
122,-0.0026631611,0.012250541,-0.006924219,1.9680338,0.02873042,-9.528923,953.0183,11.661438,473977613,85469421,516135,0.53999996,10.53,-2.74,-0.07197446,-0.21830082,0.42146286,
123,-0.028229509,0.007989483,-0.020772656,2.0614076,-0.07182605,-9.576807,952.35016,11.625549,473977674,85471096,519484,0.59,10.37,-2.78,-0.075741574,-0.21854274,0.41778004,
124,-0.27057716,0.29294774,-0.28336033,2.2002714,-0.7254431,-11.69807,952.0519,11.606781,473977728,85472190,521721,1.3299999,10.19,-2.8899999,0.024875753,-0.3833196,0.28465757,
125,0.06178534,0.4016047,-0.6562029,2.4468741,0.11492168,-11.575965,952.0519,11.606781,473978223,85473598,525229,7.71,6.79,-2.6699998,0.079028696,-0.39193308,0.2748155,
126,0.16298546,0.22903186,-0.5656554,2.6144683,0.40701428,-11.293449,951.44403,11.572174,473978910,85474059,527260,10.74,1.3,-2.48,0.12150626,-0.29463005,0.35834554,16.0
127,-0.098004326,0.5789712,-0.3930826,1.1851299,-0.23463176,-14.611813,951.3556,11.567413,473980107,85473595,528920,10.719999,-7.19,0.04,0.18184532,-0.18625775,0.40607393,
128,-0.02609898,0.7451525,-0.44101948,0.7086837,-0.10055647,-17.07784,951.3556,11.567413,473980695,85472457,529056,4.5499997,-13.42,-0.58,-0.032296356,-0.1738411,0.4451915,
129,0.17150758,0.62264705,-0.42290998,1.0342951,0.34476504,-15.5359745,951.101,11.552582,473980390,85470296,530786,-9.719999,-11.0199995,-2.1599998,-0.23058614,-0.20607992,0.3629157,
130,0.36272255,0.3387541,-0.33182988,1.1971009,0.7302315,-12.727576,950.7882,11.535431,473979484,85469507,532767,-14.32,-3.59,-2.6799998,-0.29535052,-0.22867028,0.28623864,
131,0.37284255,-0.0644485,-0.23116238,0.23702596,0.45489833,-8.248025,950.4961,11.518066,473977926,85469655,536133,-13.74,3.98,-2.29,-0.25197545,-0.21083514,0.34456092,
132,0.23648871,-0.056459017,-0.09960223,-0.076614454,0.40222588,-8.978256,950.36804,11.510529,473976961,85470176,537396,-13.03,5.45,-0.93,-0.20314422,-0.11714928,0.4238502,
133,0.10066749,-0.00958738,0.0314253,-0.2657564,0.25139117,-9.540894,950.339,11.508331,473975560,85471073,537973,-13.11,5.48,-0.25,-0.17786343,-0.048340864,0.44239226,
134,0.002130529,0.010120012,0.06018744,-0.30645782,-0.06464344,-9.665392,950.3085,11.507507,473974597,85471621,538092,-13.49,4.68,-0.11,-0.1889302,-0.012596069,0.4345472,
135,-0.036218993,0.00479369,0.06977482,-0.37110126,-0.04070143,-9.593566,950.3061,11.507233,473973113,85472255,538170,-13.969999,3.32,0.01,-0.18757248,-0.017518897,0.4434622,
136,-0.033023197,0.002130529,0.04261058,-0.47644615,-0.08619126,-9.727641,950.3011,11.50705,473972093,85472572,538192,-14.17,2.6499999,-0.01,-0.1905711,-0.017779756,0.43762398,
137,-0.02609898,0.0015978967,0.010120012,-0.4237737,0.01436521,-9.52174,950.28546,11.506775,473970557,85472945,538238,-14.24,2.11,-0.07,-0.19404678,-0.024300782,0.44571635,
138,-0.017044231,0.0063915867,0.007989483,-0.5530606,-0.110133275,-9.67018,950.3086,11.506653,473969523,85473162,538258,-14.259999,1.9599999,0.049999997,-0.1910748,-0.0341463,0.43650922,
139,0.0,0.0026631611,-0.0031957934,-0.5530606,0.0047884034,-9.622296,950.30524,11.506683,473967983,85473472,538276,-14.28,1.91,-0.03,-0.18791233,-0.032427672,0.43613198,
140,0.0031957934,-0.0053263223,0.0010652645,-0.5410896,0.016759412,-9.52174,950.30524,11.506683,473966946,85473682,538272,-14.28,1.9599999,-0.02,-0.19454035,-0.04134002,0.4372669,
141,0.0026631611,-0.0037284256,0.0026631611,-0.45010993,0.019153614,-9.667787,950.2836,11.506561,473965405,85473999,538278,-14.299999,2.0,0.01,-0.194383,-0.039848235,0.44072142,
142,0.0010652645,0.0015978967,-0.0037284256,-0.5554548,-0.031124622,-9.617508,950.287,11.506439,473964366,85474214,538284,-14.33,2.01,0.02,-0.19624361,-0.032894984,0.43028393,
143,-0.0037284256,-0.0015978967,-0.0031957934,-0.46447513,0.011971008,-9.519346,950.2831,11.506256,473962826,85474528,538322,-14.259999,1.9599999,0.03,-0.19139118,-0.03215735,0.4360918,
144,-0.0037284256,0.0015978967,-0.002130529,-0.45968673,0.021547815,-9.598354,950.2917,11.506348,473961790,85474738,538320,-14.259999,1.9599999,-0.02,-0.18694296,-0.038097993,0.44300348,
145,-0.624245,0.11611383,-0.22583607,-0.6536171,-0.7038953,-11.046846,950.31195,11.5061035,473960257,85475076,538313,-13.78,3.1399999,-0.14,-0.16473301,-0.28598338,0.34485918,16.0
146,-0.18588865,0.48203218,-0.41864893,-0.545878,-0.17717093,-13.6254015,950.31195,11.5061035,473959331,85475669,538332,-11.33,8.33,0.22999999,-0.08967723,-0.44038332,0.18048218,
147,-0.090014845,0.64182186,-0.48682585,-0.8690952,-0.06464344,-15.380352,950.35834,11.511078,473958608,85477597,537708,-0.71,14.49,0.65999997,0.06023668,-0.4676047,0.09934311,
148,0.066046394,0.56938386,-0.4293016,-0.80684596,0.021547815,-14.798561,950.4404,11.514893,473958899,85479077,537205,8.44,12.08,0.59,0.18932591,-0.40676332,0.17541711,
149,0.386691,0.2545982,-0.27803403,-0.59855044,0.7302315,-12.210428,950.49976,11.5173645,473960258,85480210,536659,14.88,1.9399999,0.29999998,0.20828207,-0.2783147,0.3402494,
150,0.45859635,0.029294772,-0.11025487,-0.5506664,0.7182605,-10.69011,950.45715,11.5159,473961342,85480150,536647,14.7,-2.4299998,-0.35999998,0.20226339,-0.045645878,0.44042814,
151,0.19441076,-0.037284255,0.056991648,-0.17717093,0.39743748,-9.167398,950.36316,11.510284,473962879,85479652,537561,14.0199995,-2.87,-0.83,0.21639308,0.101029135,0.42586315,
152,0.023435818,0.012250541,0.1272991,-0.31124622,0.02873042,-9.516952,950.3073,11.507721,473963898,85479421,538024,14.139999,-1.3399999,-0.26,0.23717028,0.1171596,0.39875385,
153,-0.056991648,0.03355583,0.11984225,-0.3854665,-0.05267244,-9.854534,950.3114,11.507751,473965436,85479432,538111,14.2699995,1.41,0.08,0.24043283,0.07788847,0.404906,
154,-0.072970614,0.0127831735,0.084155895,-0.51235914,-0.08140286,-9.840169,950.31854,11.507843,473966469,85479668,538071,14.16,2.87,-0.02,0.23178259,0.017754225,0.42611095,
155,-0.058589544,-0.0015978967,0.042077947,-0.47884035,-0.093373865,-9.660604,950.33417,11.507477,473967981,85480235,538128,13.87,4.0499997,-0.08,0.2263056,-0.02942356,0.41969106,
156,-0.029294772,-0.006924219,0.015978966,-0.50038815,-0.093373865,-9.581595,950.28973,11.506989,473968982,85480687,538189,13.74,4.3199997,-0.049999997,0.22525914,-0.056932487,0.41811782,
157,-0.01438107,-0.0031957934,-0.0010652645,-0.46447513,0.0047884034,-9.545682,950.3112,11.506897,473970461,85481381,538234,13.7,4.3399997,0.049999997,0.22275978,-0.06278716,0.41660726,
158,-0.0026631611,0.0053263223,0.002130529,-0.51954174,0.093373865,-9.706094,950.30365,11.507141,473971458,85481845,538208,13.759999,4.31,0.06,0.23288967,-0.064402394,0.41867825,
159,0.0005326322,0.009054748,-0.00479369,-0.5482722,0.06943185,-9.763555,950.31433,11.507263,473972949,85482521,538173,13.87,4.2,0.02,0.2325655,-0.06443942,0.4181307,
160,-0.0015978967,0.0026631611,-0.0031957934,-0.5315128,0.062249243,-9.682152,950.3097,11.507324,473973953,85482968,538168,13.84,4.18,0.03,0.2281686,-0.057445906,0.41222593,
161,0.007989483,0.007989483,0.0053263223,-0.5746084,0.095768064,-9.665392,950.32086,11.507507,473975448,85483629,538148,13.86,4.14,-0.02,0.22510818,-0.055080447,0.41343063,
162,-0.00479369,-0.0010652645,0.0015978967,-0.62728083,0.11971009,-9.734824,950.3283,11.50766,473976452,85484073,538120,13.849999,4.15,-0.04,0.23271017,-0.05929028,0.41436037,
163,-0.0026631611,0.009054748,-0.0005326322,-0.50278234,0.045489833,-9.76116,950.3189,11.507935,473977944,85484736,538082,13.82,4.16,0.07,0.22623286,-0.053508233,0.41413516,
164,0.0037284256,0.0037284256,0.0015978967,-0.5770026,0.035913024,-9.746795,950.31006,11.508209,473978947,85485186,538038,13.84,4.2,0.049999997,0.23221089,-0.060152207,0.41636822,
165,0.0010652645,0.0026631611,0.0010652645,-0.5506664,-0.011971008,-9.653421,950.30914,11.508179,473980442,85485860,538029,13.82,4.25,0.0,0.23311849,-0.061662555,0.418093,
166,-0.0005326322,0.0,0.0010652645,-0.5793968,0.06703765,-9.682152,950.32965,11.508148,473981447,85486313,538033,13.849999,4.22,-0.04,0.22777332,-0.061115373,0.41866168,
167,0.00479369,0.002130529,0.0026631611,-0.521936,-0.0023942017,-9.672575,950.3028,11.508209,473982940,85486984,538037,13.86,4.21,-0.02,0.22837202,-0.056884218,0.41820422,
168,-0.0015978967,0.010652645,-0.0015978967,-0.49799395,0.062249243,-9.751583,950.3315,11.508362,473983944,85487435,538001,13.86,4.2,0.02,0.2283359,-0.05118749,0.414941,
169,0.002130529,-0.008522116,0.0,-0.5315128,0.10534488,-9.679757,950.321,11.508392,473985440,85488107,537997,13.87,4.23,0.04,0.23201756,-0.06351668,0.42532995,
170,0.002130529,-0.004261058,-0.00479369,-0.533907,0.1388637,-9.782708,950.321,11.508392,473986445,85488560,537998,13.86,4.24,0.0,0.22908337,-0.053526264,0.41326228,
171,0.00479369,-0.00479369,-0.004261058,-0.533907,-0.021547815,-9.677363,950.30646,11.508301,473987942,85489235,538017,13.86,4.24,-0.01,0.23496178,-0.056088053,0.42536688,
172,0.009054748,-0.0037284256,0.0037284256,-0.45489833,-0.023942016,-9.5385,950.32214,11.508209,473988948,85489689,538026,13.86,4.24,0.0,0.2290581,-0.055847436,0.4174396,
173,0.8202536,0.015978966,0.4213121,-1.2521675,0.8523358,-10.907983,950.34375,11.508148,473990445,85490359,538016,13.849999,4.29,0.01,0.22984637,0.0034178398,0.42405882,16.0
174,0.294013,0.3882889,0.39734364,-0.48123455,0.58897364,-12.94066,950.3154,11.50708,473991391,85490948,538187,11.88,7.3999996,-0.19999999,0.19988918,0.15978552,0.4083291,
175,0.11930962,0.58696073,0.4910869,-0.7278373,0.15322891,-14.870387,950.34546,11.509277,473992266,85492716,537948,2.99,13.99,0.48999998,0.06727989,0.18358156,0.44733092,
176,0.00479369,0.588026,0.4607269,-0.7757214,-0.095768064,-14.882358,950.34546,11.509277,473992156,85494230,537542,-6.0099998,13.2699995,0.48999998,-0.102137886,0.22552116,0.41754207,
177,-0.25513083,0.36218992,0.3355583,-0.59615624,-0.5626374,-12.8832,950.4333,11.515045,473990964,85495670,537037,-14.34,3.99,0.35,-0.1993903,0.2456443,0.3635636,
178,-0.4564658,0.06870956,0.22849922,-0.6488287,-0.7613561,-10.84334,950.44586,11.514984,473989889,85495768,536896,-14.86,-1.5899999,-0.04,-0.22692347,0.15608421,0.40358177,
179,-0.27164245,-0.027164243,0.015446335,-0.29448682,-0.40701428,-9.454702,950.44586,11.514984,473988341,85495249,537529,-13.96,-3.77,-0.82,-0.21148409,0.012145202,0.42772374,
180,-0.07190535,-0.0063915867,-0.10865697,-0.22744916,-0.090979666,-9.363723,950.28296,11.507233,473987328,85494888,538051,-14.03,-2.76,-0.47,-0.19746143,-0.059032217,0.4317604,
181,0.029827405,0.02130529,-0.120907515,-0.45489833,0.1388637,-9.907207,950.2995,11.506836,473985794,85494637,538254,-14.4,-0.32,0.04,-0.1941818,-0.10112168,0.42166406,
182,0.07882957,0.017044231,-0.08948222,-0.44532153,0.15322891,-9.900024,950.2995,11.506836,473984747,85494688,538216,-14.41,1.1899999,0.01,-0.1999087,-0.10131008,0.4286858,
183,0.07084008,0.0015978967,-0.05539375,-0.47165772,0.12449849,-9.679757,950.3003,11.506592,473983198,85495005,538245,-14.23,2.59,-0.089999996,-0.20286399,-0.07962799,0.43153176,
184,0.041545313,-0.011717909,-0.015978966,-0.46686932,0.011971008,-9.61272,950.2752,11.506195,473982171,85495307,538315,-14.12,3.0,-0.049999997,-0.18881199,-0.06783229,0.4349575,
185,0.015446335,-0.0053263223,-0.00479369,-0.4381389,0.02633622,-9.646238,950.2752,11.506195,473980652,85495799,538349,-14.07,3.1299999,0.03,-0.18961091,-0.055197652,0.4339834,
186,0.0026631611,0.009054748,0.007456851,-0.5746084,0.10055647,-9.674969,950.2706,11.506256,473979631,85496131,538333,-14.07,3.06,0.0,-0.18772198,-0.04427444,0.44593754,
187,-0.0037284256,0.0015978967,0.008522116,-0.61291564,0.007182605,-9.667787,950.30334,11.506348,473978109,85496613,538327,-14.11,2.96,0.0,-0.18786354,-0.04905675,0.43770224,
188,-0.0015978967,-0.0053263223,0.008522116,-0.4357447,0.045489833,-9.591172,950.30334,11.506348,473977083,85496929,538296,-14.139999,2.9299998,-0.03,-0.18561722,-0.05125927,0.4410547,
189,0.002130529,-0.0005326322,-0.0026631611,-0.56982,0.035913024,-9.7563715,950.2896,11.506805,473975555,85497397,538262,-14.2,2.95,0.02,-0.19176146,-0.04561423,0.44380978,
190,0.0026631611,-0.0010652645,-0.002130529,-0.5243302,0.095768064,-9.533711,950.3109,11.5069275,473974525,85497714,538240,-14.17,2.95,0.01,-0.18527906,-0.048508424,0.43987966,
191,0.0015978967,0.0031957934,0.002130529,-0.48362875,-0.011971008,-9.770737,950.3109,11.5069275,473972996,85498186,538218,-14.179999,2.99,0.0,-0.18817881,-0.053721815,0.4364561,
192,-0.0005326322,0.0010652645,0.0015978967,-0.46686932,-0.031124622,-9.67018,950.33264,11.506989,473971968,85498509,538220,-14.16,3.0,0.0,-0.18661402,-0.05846596,0.4432041,
193,-0.0015978967,-0.0037284256,0.007456851,-0.5602432,-0.007182605,-9.588778,950.29974,11.50705,473970439,85498989,538206,-14.15,3.04,0.0,-0.18782227,-0.055707354,0.4397465,
194,0.00479369,0.0053263223,0.0053263223,-0.59855044,-0.059855044,-9.703699,950.29974,11.50705,473969411,85499314,538193,-14.21,3.04,0.03,-0.18444507,-0.057275485,0.43991196,
195,-0.002130529,0.011185277,-0.006924219,-0.5291186,-0.055066638,-9.720459,950.2974,11.5069275,473967880,85499795,538238,-14.15,3.02,-0.03,-0.18044715,-0.053247076,0.43381637,
196,-0.8202536,0.041545313,-0.27324033,-1.292869,-1.0175357,-10.955867,950.3122,11.506683,473966854,85500115,538243,-14.12,3.02,0.0,-0.16736063,-0.22003281,0.3952816,16.0
197,-0.2082592,0.4245079,-0.35260254,-0.47644615,-0.48123455,-13.10586,950.3122,11.506683,473965452,85500951,538290,-11.03,8.79,0.24,-0.11279895,-0.42273208,0.21462107,
198,0.007456851,0.48043427,-0.40533313,-0.56982,0.076614454,-13.855246,950.3633,11.510376,473964850,85502172,537929,-5.06,13.5199995,0.57,0.008837751,-0.46009144,0.14576408,
199,0.21837921,0.330232,-0.3174488,-0.62488663,0.40222588,-12.677298,950.42554,11.51416,473964922,85504456,537198,5.96,13.67,0.48999998,0.109354414,-0.41378096,0.21331318,
200,0.33609092,0.08681905,-0.20293288,-0.58897364,0.6991069,-10.848128,950.4152,11.514374,473965538,85505768,537004,10.41,10.76,-0.049999997,0.15508007,-0.3001782,0.34044346,
201,0.21891184,-0.019707393,-0.07829694,-0.45010993,0.4309563,-9.634268,950.3544,11.510681,473966788,85507226,537530,12.09,8.09,-0.62,0.17575333,-0.1612115,0.42443034,
202,0.07403588,-0.022903185,0.030360037,-0.33997664,0.062249243,-9.267955,950.3195,11.507355,473967663,85508079,538003,11.95,7.95,-0.48,0.19156466,-0.08878132,0.42941988,
203,0.0026631611,0.0015978967,0.05752428,-0.4381389,0.019153614,-9.593566,950.3195,11.507355,473968924,85509403,538279,11.38,8.73,-0.08,0.19349557,-0.08100006,0.43329155,
204,-0.025566347,0.0031957934,0.049002163,-0.4405331,0.0023942017,-9.651027,950.29865,11.5065,473969735,85510377,538282,10.95,9.38,0.0,0.19250423,-0.092966065,0.4302797,
205,-0.025566347,0.0,0.026631612,-0.5363012,-0.10055647,-9.672575,950.3028,11.506531,473970890,85511923,538276,10.5,9.94,0.02,0.18633471,-0.12506968,0.42784095,
206,-0.015446335,0.0031957934,0.0127831735,-0.59615624,-0.009576807,-9.775525,950.28906,11.506531,473971644,85512997,538293,10.349999,10.099999,0.03,0.18542013,-0.1438889,0.42707425,
207,-0.004261058,-0.007989483,0.0063915867,-0.47405192,-0.0047884034,-9.49301,950.2958,11.5065,473972753,85514614,538293,10.25,10.15,-0.01,0.17706822,-0.15090749,0.41811112,
208,0.14966966,0.008522116,0.049534798,-0.49559975,0.33997664,-9.916783,950.30255,11.506622,473973496,85515704,538269,10.2,10.23,0.03,0.17256242,-0.11924679,0.43623605,16.0
209,0.07084008,0.013848438,0.101200126,-0.49320555,0.016759412,-9.787497,950.2917,11.506348,473974541,85517407,538305,8.98,11.28,-0.03,0.1567442,-0.08898279,0.45221114,
210,-0.019707393,0.033023197,0.12197278,-0.44771573,-0.055066638,-9.919178,950.2884,11.506256,473975143,85518672,538325,7.6,12.2699995,-0.01,0.1350105,-0.088460095,0.4559331,
211,-0.061252706,0.017576864,0.113983296,-0.50517654,-0.17717093,-9.80665,950.28687,11.506256,473975845,85520725,538329,5.5099998,13.36,-0.02,0.1162958,-0.12503141,0.45832896,
212,-0.058589544,-0.0005326322,0.068176925,-0.5386954,-0.20829555,-9.677363,950.28687,11.506256,473976203,85522179,538332,4.43,13.73,-0.03,0.08502632,-0.16071907,0.44446304,
213,-0.03888215,0.0026631611,0.03568636,-0.48602295,-0.12928689,-9.639056,950.30554,11.506073,473976628,85524391,538357,3.57,13.99,0.0,0.08179101,-0.18755493,0.43598753,
214,-0.020240024,0.00958738,0.0127831735,-0.49799395,0.0023942017,-9.660604,950.283,11.5060425,473976877,85525894,538350,3.36,14.09,0.02,0.065566085,-0.20399763,0.43119285,
215,-0.009054748,-0.004261058,0.00479369,-0.47884035,-0.009576807,-9.55047,950.2916,11.505798,473977234,85528139,538391,3.27,14.09,-0.049999997,0.07355157,-0.20767333,0.4203247,
216,-0.0010652645,-0.0015978967,0.002130529,-0.34476504,-0.021547815,-9.593566,950.27496,11.505646,473977472,85529646,538416,3.27,14.04,-0.01,0.084405005,-0.21027638,0.42756683,
217,0.008522116,0.0037284256,-0.0058589545,-0.521936,-0.062249243,-9.639056,950.2967,11.505737,473977834,85531888,538406,3.37,14.07,-0.02,0.074504524,-0.20988487,0.42098042,
218,0.0037284256,-0.007456851,0.0063915867,-0.46926352,0.007182605,-9.562442,950.2882,11.505676,473978078,85533396,538410,3.37,14.049999,-0.02,0.07976398,-0.20581664,0.42434442,
219,-0.0015978967,-0.0015978967,0.0037284256,-0.50517654,-0.10295067,-9.576807,950.26996,11.505798,473978441,85535636,538409,3.35,14.07,0.06,0.07758309,-0.20703144,0.42785227,
220,0.11611383,0.0015978967,0.07137272,-0.49320555,-0.02873042,-9.595961,950.2896,11.505829,473978684,85537144,538396,3.33,14.07,0.0,0.07698303,-0.20586513,0.42794046,16.0
221,0.18748654,0.020240024,0.10546118,-0.46447513,0.21308395,-9.758766,950.2896,11.505829,473979020,85539395,538416,2.37,14.219999,-0.08,0.05517319,-0.12809996,0.46646404,
222,0.0479369,0.05912218,0.17736652,-0.45010993,-0.016759412,-10.06283,950.2727,11.505341,473979121,85540932,538467,0.26,14.42,0.0,0.015458372,-0.07114161,0.47555554,
223,-0.051665325,0.053263225,0.17257284,-0.49559975,-0.1604115,-9.976639,950.2792,11.505585,473978943,85543209,538442,-3.51,14.009999,0.049999997,-0.025291495,-0.07248918,0.47236887,
224,-0.087884314,0.035153728,0.13369069,-0.59855044,-0.18674773,-9.945514,950.2792,11.505585,473978609,85544678,538380,-5.6,13.38,0.089999996,-0.060849726,-0.103180945,0.46681634,
225,-0.08948222,0.013315806,0.080960095,-0.49799395,-0.24420857,-9.811439,950.2883,11.506165,473977895,85546730,538343,-7.3999996,12.469999,0.02,-0.08566597,-0.1406871,0.44913772,
226,-0.05273059,0.0005326322,0.027164243,-0.6464345,-0.11971009,-9.579201,950.293,11.506134,473977335,85548042,538346,-7.96,12.09,-0.02,-0.10164885,-0.1641088,0.44462222,
227,-0.025566347,-0.0026631611,0.00958738,-0.50038815,-0.11971009,-9.662998,950.293,11.506134,473976459,85549949,538349,-8.179999,11.91,0.03,-0.09476505,-0.17827994,0.43743473,
228,-0.01438107,-0.004261058,-0.0058589545,-0.49559975,-0.11971009,-9.629479,950.28503,11.506409,473975864,85551225,538327,-8.179999,11.92,0.04,-0.09418783,-0.18880348,0.43388405,
229,0.002130529,0.0,-0.007456851,-0.6703765,-0.06703765,-9.7084875,950.28546,11.506714,473974985,85553133,538266,-8.08,12.03,0.06,-0.095528014,-0.1880271,0.42895877,
230,0.004261058,0.0005326322,-0.0015978967,-0.5363012,0.007182605,-9.655815,950.28546,11.506714,473974401,85554421,538239,-8.0199995,12.04,0.0,-0.09166161,-0.18464611,0.4415474,
231,0.0005326322,0.011185277,0.0031957934,-0.5626374,-0.04309563,-9.816227,950.31683,11.507172,473973538,85556344,538182,-8.0,12.11,0.0,-0.09103095,-0.18706715,0.4392672,
232,0.08681905,-0.0015978967,0.07243799,-0.5674258,0.01436521,-9.64145,950.3087,11.507385,473972959,85557639,538176,-7.96,12.07,0.02,-0.09266007,-0.17818066,0.4340876,16.0
233,0.12942964,0.008522116,0.080960095,-0.5482722,0.14844051,-9.856929,950.31067,11.507538,473972080,85559548,538132,-8.559999,11.679999,-0.01,-0.09956447,-0.11386562,0.45848054,
234,0.033023197,0.027164243,0.120907515,-0.533907,0.01436521,-9.856929,950.31195,11.50769,473971422,85560755,538129,-9.65,10.78,0.07,-0.12970056,-0.06044415,0.45173585,
235,-0.039947417,0.028229509,0.12942964,-0.5793968,-0.033518825,-9.902418,950.3441,11.5078125,473970281,85562330,538091,-11.4,8.929999,0.049999997,-0.14655542,-0.045548808,0.45371065,
236,-0.061252706,0.00958738,0.08681905,-0.533907,-0.18914193,-9.710882,950.3441,11.5078125,473969421,85563221,538059,-12.25,7.75,0.01,-0.15818125,-0.05405677,0.45047808,
237,-0.053795855,0.0058589545,0.056991648,-0.641646,-0.12449849,-9.847352,950.3562,11.508362,473968054,85564355,538018,-12.95,6.58,0.01,-0.16364534,-0.06988584,0.44580775,
238,-0.040480047,0.013848438,0.025033714,-0.6344634,-0.06943185,-9.77792,950.32886,11.508514,473967106,85565036,537986,-13.16,6.18,0.01,-0.1659791,-0.0824338,0.44142222,
239,-0.01438107,-0.009054748,0.006924219,-0.7086837,-0.059855044,-9.629479,950.31726,11.508667,473965681,85565999,537965,-13.21,5.96,0.049999997,-0.17107779,-0.097124286,0.43648517,
240,-0.82611257,0.056991648,-0.23861924,-1.2904748,-0.9816227,-11.145009,950.3151,11.5086975,473964723,85566636,537938,-13.15,6.0299997,0.04,-0.14435835,-0.27268964,0.37336192,16.0
241,-0.21678132,0.4511395,-0.36325517,-0.51475334,-0.4333505,-13.496115,950.3439,11.509338,473963491,85567933,537928,-8.53,11.309999,0.32999998,-0.059754763,-0.43827012,0.18100533,
242,-0.098004326,0.6295713,-0.4809669,-0.830788,-0.17717093,-15.437813,950.3439,11.509338,473963127,85569348,537527,-1.05,14.429999,0.64,0.08715023,-0.46380693,0.11105594,
243,-0.0026631611,0.63702816,-0.46179214,-0.8595184,-0.0047884034,-15.71554,950.48553,11.516937,473963748,85571404,536775,11.759999,9.099999,0.48999998,0.20349279,-0.38888627,0.18281072,
244,0.28229508,0.386691,-0.32437304,-0.58897364,0.5243302,-13.340492,950.52795,11.519318,473964756,85571921,536425,15.009999,0.5,0.31,0.20989019,-0.26806518,0.33620143,
245,0.5278385,0.0644485,-0.22264028,-0.7781156,0.7517793,-11.159374,950.52795,11.519318,473966286,85571201,536317,12.7699995,-7.93,-0.31,0.17794864,-0.03682465,0.4461438,
246,0.28229508,-0.0479369,0.023435818,-0.24420857,0.48123455,-9.40203,950.4006,11.513031,473967157,85570274,536888,11.559999,-8.82,-1.01,0.17791052,0.15307377,0.42314416,
247,0.070307456,0.0037284256,0.1470065,-0.24899697,0.15083471,-9.473856,950.3263,11.508789,473968433,85568991,537871,12.37,-7.02,-0.39,0.21281455,0.20045696,0.3844647,
248,-0.05539375,0.03781689,0.14274544,-0.40462008,-0.1604115,-9.92636,950.3263,11.508789,473969367,85568336,538029,13.309999,-5.22,-0.06,0.22195424,0.17195153,0.39024907,
249,-0.08522116,0.025566347,0.10013486,-0.5386954,-0.18674773,-10.0269165,950.32904,11.50827,473970860,85567713,538016,14.2,-2.71,-0.02,0.23262914,0.104222946,0.40564722,
250,-0.06870956,0.00479369,0.05486112,-0.59136784,-0.09816227,-9.7803135,950.3338,11.507874,473971897,85567480,538047,14.349999,-1.68,-0.08,0.23157676,0.059001684,0.4165065,
251,-0.03568636,0.0005326322,0.023435818,-0.5363012,-0.045489833,-9.524135,950.29156,11.507446,473973448,85567275,538133,14.38,-1.01,-0.02,0.23913574,0.03345237,0.4165173,
252,-0.021837922,-0.0058589545,0.0010652645,-0.5674258,-0.050278235,-9.689334,950.3111,11.507263,473974492,85567173,538172,14.41,-0.9,-0.04,0.23758654,0.024910064,0.41747254,
253,0.0026631611,-0.0037284256,-0.007989483,-0.47644615,0.023942016,-9.739613,950.3103,11.507172,473976046,85567024,538177,14.4,-1.01,0.0,0.23437053,0.01583235,0.42288572,
254,0.007456851,0.007456851,-0.006924219,-0.6991069,-0.016759412,-9.785102,950.3103,11.507172,473977092,85566914,538196,14.42,-1.0799999,0.01,0.2362688,0.01382742,0.41655034,
255,0.0010652645,-0.0037284256,-0.0063915867,-0.5674258,0.1412579,-9.691729,950.29425,11.506775,473978647,85566736,538246,14.41,-1.16,-0.02,0.24017036,0.01939862,0.41352192,
256,0.0031957934,-0.0058589545,-0.0005326322,-0.5315128,0.0047884034,-9.581595,950.3107,11.506622,473979693,85566609,538256,14.42,-1.1899999,-0.03,0.23576042,0.020131228,0.41577402,
257,0.002130529,-0.00479369,0.0005326322,-0.533907,-0.05746084,-9.543288,950.2763,11.506439,473981247,85566423,538292,14.38,-1.16,0.0,0.22626223,0.024442745,0.41418064,
258,0.0026631611,0.0005326322,0.006924219,-0.51235914,-0.05267244,-9.67018,950.2939,11.506592,473982290,85566300,538289,14.42,-1.13,0.02,0.23251088,0.0215328,0.41664594,
259,0.0037284256,0.0031957934,0.0015978967,-0.62249243,-0.02873042,-9.7563715,950.30206,11.506805,473983846,85566123,538251,14.44,-1.1,0.03,0.23349704,0.019757668,0.41376194,
260,-0.0005326322,-0.006924219,0.004261058,-0.581791,-0.031124622,-9.624691,950.3008,11.506897,473984893,85566006,538237,14.41,-1.09,-0.03,0.23553129,0.019679239,0.42330077,
261,0.0,-0.0026631611,0.0,-0.5674258,-0.047884032,-9.706094,950.3097,11.507172,473986448,85565833,538189,14.42,-1.0799999,0.02,0.23600891,0.017015798,0.418202,
262,0.008522116,0.0010652645,0.0053263223,-0.5482722,-0.011971008,-9.727641,950.32965,11.507568,473987492,85565714,538153,14.389999,-1.12,0.04,0.2311288,0.015615666,0.41820252,
263,-0.004261058,0.0015978967,0.004261058,-0.58897364,-0.02873042,-9.727641,950.3026,11.507935,473989049,85565536,538082,14.44,-1.13,0.06,0.2328128,0.024839206,0.4198033,
264,-0.0058589545,-0.002130529,0.0,-0.5530606,-0.01436521,-9.775525,950.3241,11.50827,473990096,85565416,538038,14.42,-1.12,0.04,0.24139716,0.019408477,0.41582116,
265,0.7749799,0.0015978967,0.45540056,-1.2425907,0.7422025,-10.517728,950.3198,11.508606,473991652,85565239,537969,14.45,-1.0799999,0.06,0.24213272,0.06094879,0.41473475,16.0
266,0.2545982,0.30200246,0.376571,-0.45250413,0.5434838,-12.196063,950.3162,11.507782,473992682,85565252,538062,13.87,2.1399999,-0.19999999,0.24679106,0.19865325,0.3633902,
267,0.00479369,0.38615838,0.4048005,-0.545878,0.011971008,-12.856863,950.3562,11.509766,473994005,85566284,537883,9.599999,10.69,0.47,0.16445324,0.15402672,0.41593194,
268,-0.16245283,0.28708878,0.33502567,-0.7685388,-0.33279404,-12.25113,950.4265,11.513153,473994497,85567644,537459,3.86,14.139999,0.55,0.06243147,0.076279856,0.47474578,
269,-0.2609898,0.10439592,0.21944448,-0.6584055,-0.5554548,-10.884041,950.4265,11.513153,473994484,85569979,537097,-3.37,14.46,0.02,-0.031211458,-0.043234266,0.48271647,
270,-0.1949434,0.0,0.09853696,-0.5410896,-0.45250413,-9.648633,950.39996,11.512268,473994148,85571478,537266,-5.5299997,13.599999,-0.34,-0.060482074,-0.14809267,0.4542601,
271,-0.0974717,-0.02130529,0.0005326322,-0.40940848,-0.12210429,-9.49301,950.35565,11.510254,473993498,85573593,537665,-6.18,13.099999,-0.28,-0.06463867,-0.19948627,0.42608804,
272,-0.020772656,-0.0005326322,-0.027164243,-0.50278234,-0.04309563,-9.799467,950.35565,11.510254,473993059,85575004,537801,-5.89,13.25,-0.08,-0.064850226,-0.22928792,0.416798,
273,0.015446335,-0.002130529,-0.0314253,-0.545878,-0.04309563,-9.78989,950.334,11.509491,473992461,85577140,537830,-5.18,13.53,0.02,-0.051613543,-0.22493541,0.4193511,
274,0.018642128,-0.00479369,-0.027164243,-0.5746084,-0.011971008,-9.871294,950.34753,11.509491,473992100,85578603,537833,-4.7999997,13.71,0.01,-0.040002268,-0.22344553,0.41879076,
275,0.018109497,-0.0010652645,-0.004261058,-0.51954174,-0.088585466,-9.792285,950.34753,11.509491,473991601,85580797,537816,-4.5099998,13.84,0.0,-0.03430568,-0.21625377,0.42626286,
276,0.007989483,-0.00958738,-0.004261058,-0.5770026,-0.059855044,-9.67018,950.33716,11.5095825,473991277,85582279,537819,-4.39,13.83,0.0,-0.036042575,-0.21259014,0.4305848,
277,0.0031957934,-0.0026631611,0.0063915867,-0.58897364,0.01436521,-9.825804,950.3427,11.509705,473990799,85584485,537805,-4.43,13.849999,0.01,-0.038939685,-0.20904055,0.43291208,
278,0.00479369,-0.0015978967,-0.0005326322,-0.60573304,-0.1412579,-9.698911,950.3427,11.509705,473990475,85585969,537777,-4.45,13.83,-0.03,-0.034503035,-0.21133411,0.43601364,
279,0.004261058,0.0031957934,-0.0010652645,-0.5650316,0.055066638,-9.722853,950.3443,11.509918,473989991,85588169,537783,-4.49,13.78,0.04,-0.03589485,-0.21315,0.42753598,
280,-0.1304949,0.004261058,-0.03781689,-0.56982,-0.29927522,-9.950302,950.3642,11.510193,473989666,85589648,537735,-4.35,13.849999,0.04,-0.022583546,-0.24952158,0.406297,16.0
281,-0.0628506,0.024501082,-0.103863284,-0.5770026,-0.15322891,-9.969456,950.3642,11.510193,473989271,85591885,537702,-2.71,14.259999,0.03,-0.004297802,-0.29872695,0.3756568,
282,0.025566347,0.025033714,-0.11132014,-0.5530606,-0.01436521,-10.089166,950.3806,11.510834,473989133,85593428,537655,-1.06,14.5199995,0.049999997,0.020710373,-0.30336845,0.37406573,
283,0.06711166,0.015978966,-0.0958738,-0.61770403,0.074220255,-9.92636,950.36176,11.511047,473989144,85595749,537591,1.16,14.53,0.08,0.036270823,-0.27817202,0.39254272,
284,0.048469532,0.0031957934,-0.051132694,-0.5770026,0.08619126,-9.945514,950.36176,11.511047,473989268,85597301,537594,2.1699998,14.42,0.01,0.06082756,-0.24635488,0.40860152,
285,0.04261058,-0.0010652645,-0.03089267,-0.47644615,0.0023942017,-9.809045,950.36755,11.510681,473989553,85599582,537640,2.97,14.25,0.0,0.06998696,-0.22997303,0.4182601,
286,0.015978966,-0.007989483,-0.00479369,-0.5793968,-0.011971008,-9.775525,950.36,11.510345,473989778,85601106,537663,3.1499999,14.19,-0.07,0.073446244,-0.21503466,0.41971624,
287,0.002130529,0.002130529,0.0031957934,-0.59615624,0.011971008,-9.816227,950.36,11.510345,473990123,85603365,537739,3.22,14.179999,-0.049999997,0.072936095,-0.2058313,0.4261015,
288,0.0,0.0,0.007456851,-0.6440403,-0.11492168,-9.742006,950.36676,11.509827,473990355,85604884,537774,3.1599998,14.19,-0.06,0.07782927,-0.20724645,0.42384896,
289,0.008522116,0.002130529,0.0,-0.5793968,-0.033518825,-9.730036,950.3332,11.509552,473990694,85607145,537813,3.09,14.21,-0.03,0.073528685,-0.21322235,0.42184666,
290,-0.16298546,0.0037284256,-0.053263225,-0.5482722,-0.29209262,-9.797073,950.3332,11.509552,473990919,85608665,537857,3.24,14.13,-0.08,0.07984403,-0.24846119,0.40082058,16.0
291,-0.070307456,0.036218993,-0.128897,-0.5770026,-0.22026655,-9.983821,950.33484,11.508972,473991352,85610882,537913,5.06,13.59,-0.02,0.10250935,-0.29164416,0.36347196,
292,0.020240024,0.04261058,-0.13315806,-0.59855044,-0.031124622,-10.156203,950.34296,11.509155,473991788,85612295,537893,6.94,12.759999,0.02,0.13607174,-0.283641,0.35741082,
293,0.07084008,0.02396845,-0.113983296,-0.581791,0.15083471,-9.892841,950.3324,11.509277,473992669,85614209,537871,9.24,11.24,0.04,0.15933028,-0.24164018,0.37685472,
294,0.06870956,0.006924219,-0.068176925,-0.5386954,0.08619126,-9.85214,950.3495,11.509094,473993377,85615364,537875,10.179999,10.37,-0.07,0.17304605,-0.19502291,0.40362024,
295,0.05006743,-0.0031957934,-0.042077947,-0.48602295,0.0023942017,-9.775525,950.3425,11.508514,473994520,85616948,537962,10.87,9.61,-0.099999994,0.1853543,-0.16234055,0.421194,
296,0.027164243,-0.0058589545,-0.010120012,-0.47884035,-0.016759412,-9.720459,950.3425,11.508514,473995313,85617966,538025,11.01,9.4,-0.06,0.18590721,-0.1394695,0.42502576,
297,0.007989483,0.0005326322,-0.004261058,-0.5650316,-0.016759412,-9.78989,950.3187,11.507782,473996503,85619463,538088,11.04,9.38,-0.07,0.19458346,-0.13986258,0.42163816,
298,-0.58962387,0.060720075,-0.20985709,-0.78529817,-1.0414777,-10.915166,950.30676,11.507294,473997301,85620471,538122,11.0199995,9.29,-0.089999996,0.21951212,-0.24430673,0.35962206,16.0
299,-0.12623383,0.2743056,-0.36432046,-0.5386954,-0.2705448,-11.815386,950.3003,11.507568,473998618,85621594,538170,13.679999,3.9099998,0.26999998,0.23947664,-0.2752652,0.3156188,
300,0.07243799,0.28708878,-0.34674358,-0.6584055,0.088585466,-12.107478,950.3681,11.5104065,473999652,85621705,537876,14.42,-1.92,0.45,0.22069064,-0.19987068,0.3782555,
301,0.21252026,0.16937704,-0.2593919,-0.7086837,0.4429273,-11.305421,950.3888,11.512634,474001085,85620764,537387,11.599999,-9.21,0.22999999,0.17787069,-0.072286196,0.4448983,
302,0.21198763,0.037284255,-0.16085494,-0.48362875,0.46447513,-10.307038,950.3888,11.512634,474001835,85619633,537358,9.179999,-11.58,-0.16,0.1339044,0.06010563,0.4621137,
303,0.13688648,-0.0010652645,-0.06498113,-0.50278234,0.22026655,-9.703699,950.3602,11.509644,474002703,85617686,537743,7.2799997,-12.55,-0.39,0.12613605,0.15239255,0.44657078,
304,0.051132694,-0.015446335,0.00479369,-0.49799395,0.031124622,-9.581595,950.3262,11.507965,474003221,85616337,538001,7.0699997,-12.599999,-0.22999999,0.12065383,0.19346015,0.4203804,
305,-0.0026631611,0.0005326322,0.017576864,-0.45729253,0.05267244,-9.718064,950.30255,11.507446,474003993,85614340,538136,7.31,-12.46,-0.03,0.12722932,0.20827755,0.42282757,
306,-0.010120012,0.0053263223,0.0127831735,-0.5602432,-0.090979666,-9.892841,950.30304,11.507202,474004533,85613010,538163,7.54,-12.33,-0.01,0.1326548,0.20277862,0.42210007,
307,-0.017044231,-0.0005326322,0.012250541,-0.5386954,-0.11731588,-9.653421,950.30414,11.506805,474005363,85611057,538241,7.7799997,-12.17,-0.04,0.1336776,0.19268782,0.42254218,
308,-0.00479369,0.0053263223,0.008522116,-0.5363012,-0.02633622,-9.68694,950.30414,11.506805,474005930,85609754,538263,7.85,-12.139999,-0.02,0.13557126,0.18471205,0.4252198,
309,0.0015978967,0.0063915867,0.0058589545,-0.46447513,-0.06464344,-9.775525,950.3049,11.506592,474006778,85607822,538268,7.8399997,-12.15,-0.01,0.13762645,0.1832583,0.416086,
310,0.0015978967,0.002130529,-0.002130529,-0.62009823,-0.1436521,-9.734824,950.29694,11.506561,474007348,85606519,538275,7.85,-12.179999,0.01,0.1365204,0.18519194,0.4281283,
311,0.007989483,-0.00479369,0.0,-0.60573304,-0.01436521,-9.775525,950.29694,11.506561,474008194,85604583,538309,7.7999997,-12.15,-0.04,0.13737954,0.1822631,0.42642614,
312,-0.002130529,-0.0037284256,-0.0015978967,-0.60094464,-0.016759412,-9.737218,950.28534,11.506409,474008761,85603282,538323,7.8199997,-12.16,0.02,0.13082609,0.18602277,0.42394868,
313,0.04527374,-0.004261058,0.0010652645,-0.5267244,-0.062249243,-9.718064,950.28644,11.506348,474009606,85601345,538310,7.85,-12.139999,-0.02,0.12941681,0.18268996,0.41933626,16.0
314,0.49321744,0.19441076,0.38083205,-0.35194764,0.50517654,-11.437101,950.28644,11.506348,474010185,85600068,538377,8.61,-11.139999,-0.22999999,0.1980204,0.35629404,0.2658591,
315,0.14221281,0.50653327,0.4825648,-0.5267244,0.023942016,-13.924677,950.2897,11.505737,474011398,85598818,538456,13.7,-3.26,0.24,0.24850537,0.32252756,0.25593483,
316,-0.017576864,0.5203817,0.44208476,-0.6823475,-0.16759412,-14.089877,950.33826,11.508759,474012412,85598912,538140,13.42,5.0899997,0.47,0.21190467,0.22832271,0.3730167,
317,-0.2396845,0.31052458,0.3334278,-0.7445967,-0.6512229,-12.555194,950.33826,11.508759,474013494,85600517,537512,5.8199997,13.62,0.42,0.0975251,0.09655845,0.45768037,
318,-0.36911413,0.07137272,0.1949434,-0.61530983,-0.8810662,-10.7116585,950.3877,11.51236,474013720,85602066,537330,0.82,14.839999,-0.03,0.018381359,-0.06254548,0.4767417,
319,-0.22210763,-0.021837922,0.046339005,-0.39983168,-0.39983168,-9.476251,950.32855,11.509033,474013624,85604404,537786,-1.67,14.42,-0.59999996,-0.00377744,-0.20388834,0.4390856,
320,-0.07084008,-0.011717909,-0.06338324,-0.3184288,-0.17717093,-9.380483,950.32855,11.509033,474013513,85605940,538180,-1.2099999,14.29,-0.29999998,0.007153903,-0.2643119,0.40022948,
321,0.012250541,0.015446335,-0.07243799,-0.5267244,-0.047884032,-9.859323,950.27545,11.506256,474013464,85608230,538326,0.37,14.41,-0.01,0.035200518,-0.27818698,0.38704652,
322,0.05965481,-0.0010652645,-0.06657903,-0.5410896,0.038307227,-9.746795,950.2814,11.506378,474013533,85609773,538312,1.4699999,14.349999,-0.02,0.056785222,-0.25542483,0.40556327,
323,0.044208474,0.0010652645,-0.034088463,-0.5267244,0.0,-9.758766,950.2814,11.506378,474013752,85612055,538307,2.47,14.25,-0.089999996,0.059669472,-0.23629403,0.41265,
324,0.029827405,0.0,-0.011185277,-0.5602432,-0.011971008,-9.890448,950.30206,11.506073,474013945,85613579,538334,2.8,14.21,-0.03,0.06582807,-0.21932667,0.42653623,
325,0.015446335,-0.01438107,-0.0037284256,-0.49081135,-0.059855044,-9.651027,950.26886,11.505707,474014253,85615832,538405,2.8999999,14.11,-0.08,0.068768375,-0.2159133,0.42282775,
326,0.0010652645,0.0,0.0015978967,-0.49320555,-0.009576807,-9.744401,950.26886,11.505707,474014463,85617345,538392,2.87,14.13,0.01,0.07586937,-0.20571262,0.43106648,
327,-0.0026631611,-0.0015978967,-0.0005326322,-0.60094464,-0.031124622,-9.775525,950.28094,11.505981,474014768,85619604,538380,2.75,14.179999,0.0,0.06813462,-0.20902784,0.43218645,
328,-0.0015978967,0.004261058,0.0026631611,-0.5770026,-0.05746084,-9.816227,950.2813,11.506073,474014970,85621123,538364,2.78,14.179999,0.02,0.071373075,-0.21107835,0.421708,
329,0.0015978967,-0.0031957934,0.0010652645,-0.5386954,-0.02873042,-9.734824,950.2813,11.506073,474015270,85623387,538347,2.8,14.19,0.08,0.07413037,-0.21221708,0.42391956,
330,0.0005326322,-0.007456851,0.0015978967,-0.5770026,-0.04070143,-9.742006,950.2902,11.506195,474015474,85624911,538328,2.8,14.219999,0.0,0.067269444,-0.21112405,0.42727822,
331,0.0,0.002130529,0.0,-0.5770026,-0.04070143,-9.720459,950.29395,11.506195,474015778,85627171,538337,2.8,14.15,0.049999997,0.07021166,-0.21161513,0.4252727,
332,-0.0010652645,0.0031957934,0.0026631611,-0.5793968,-0.06703765,-9.715671,950.2914,11.506348,474015982,85628688,538313,2.81,14.15,0.049999997,0.06955872,-0.21605812,0.42350054,
333,0.007456851,0.0037284256,-0.006924219,-0.6655881,-0.088585466,-9.835381,950.3087,11.506622,474016286,85630947,538279,2.83,14.19,0.0,0.06674159,-0.20788895,0.43199354,
334,0.0026631611,-0.00479369,0.0005326322,-0.581791,-0.02633622,-9.734824,950.30914,11.506683,474016489,85632468,538270,2.78,14.2,0.0,0.06750485,-0.20789436,0.42549762,
335,0.0058589545,0.0010652645,0.00958738,-0.557849,-0.107739076,-9.856929,950.30914,11.506683,474016789,85634730,538229,2.78,14.21,0.04,0.06774409,-0.21600498,0.42832726,
336,0.19387813,-0.006924219,0.050600063,-0.40462008,-0.045489833,-9.696517,950.30005,11.50705,474016989,85636252,538218,2.77,14.2,0.0,0.06446059,-0.20923412,0.42723677,16.0
337,0.31851408,0.16618125,0.26738137,-0.37349546,0.44532153,-11.159374,950.29,11.506256,474017222,85638511,538302,0.13,14.11,-0.17,0.019598255,0.031213839,0.47627744,
338,0.034088463,0.3089267,0.36485308,-0.49081135,-0.090979666,-12.152967,950.29,11.506256,474017045,85639994,538305,-5.14,13.25,0.21,-0.07249425,0.1250248,0.4583336,
339,-0.120907515,0.25406557,0.31957933,-0.6679823,-0.37588966,-11.882423,950.3432,11.509735,474016077,85641745,537871,-12.15,8.13,0.41,-0.16207418,0.14057912,0.4330322,
340,-0.21837921,0.11664646,0.2247708,-0.62728083,-0.6440403,-10.848128,950.3563,11.511017,474015107,85642386,537606,-14.24,3.9299998,0.14,-0.20001103,0.117255256,0.41910434,
341,-0.19121496,0.011717909,0.12357068,-0.46926352,-0.39025488,-9.921572,950.3563,11.511017,474013534,85642662,537746,-14.62,0.11,-0.29,-0.20735608,0.061266277,0.4301632,
342,-0.08841695,-0.0127831735,0.03781689,-0.51954174,-0.17717093,-9.624691,950.30975,11.508026,474012477,85642620,537967,-14.49,-0.74,-0.25,-0.19786426,0.013125652,0.4440041,
343,-0.028229509,-0.007456851,-0.0026631611,-0.46686932,-0.15801731,-9.653421,950.29974,11.507324,474010919,85642484,538163,-14.41,-0.82,-0.04,-0.19420385,-0.00742852,0.44052708,
344,-0.004261058,-0.0037284256,-0.019707393,-0.47405192,-0.02873042,-9.7084875,950.2988,11.507477,474009873,85642408,538162,-14.44,-0.56,0.01,-0.19767515,-0.016882973,0.4385539,
345,0.012250541,0.0026631611,-0.006924219,-0.60333884,-0.11492168,-9.82341,950.3135,11.507935,474008312,85642348,538080,-14.5199995,-0.19999999,0.049999997,-0.20386706,-0.017913591,0.43381447,
346,0.020772656,-0.002130529,-0.00479369,-0.58657944,-0.06464344,-9.861717,950.35004,11.50827,474007260,85642336,538041,-14.5,-0.049999997,0.03,-0.19728538,-0.012697555,0.43885833,
347,0.0053263223,0.0037284256,-0.0026631611,-0.581791,0.06943185,-9.832987,950.3397,11.508606,474005697,85642338,537974,-14.5,0.049999997,0.049999997,-0.18641557,-0.008070755,0.44298962,
348,0.0053263223,0.0053263223,-0.0031957934,-0.6775591,-0.095768064,-9.864111,950.3438,11.508972,474004645,85642346,537940,-14.5199995,0.099999994,0.01,-0.19503315,-0.008288012,0.44108638,
349,0.0031957934,-0.0005326322,0.0031957934,-0.51714754,-0.08379706,-9.813833,950.3486,11.509155,474003078,85642360,537884,-14.5,0.089999996,0.01,-0.18518922,-0.005997749,0.4458145,
350,-0.0053263223,0.007456851,0.0026631611,-0.48841715,-0.050278235,-9.801862,950.3486,11.509155,474002025,85642370,537869,-14.53,0.089999996,-0.02,-0.1944021,-0.011374078,0.44214132,
351,0.004261058,0.0026631611,-0.0026631611,-0.49081135,0.0023942017,-9.799467,950.339,11.509186,474000461,85642384,537879,-14.509999,0.07,0.0,-0.19731909,-0.012151064,0.43935195,
352,-0.0058589545,0.006924219,-0.006924219,-0.56982,-0.05267244,-9.907207,950.3532,11.509216,473999410,85642394,537872,-14.5,0.08,0.02,-0.19595084,-0.015516175,0.44230887,
353,0.0031957934,0.0031957934,-0.0037284256,-0.46926352,-0.05746084,-9.76116,950.3532,11.509216,473997844,85642411,537898,-14.5,0.12,-0.089999996,-0.19382429,-0.0070481356,0.44228372,
354,0.0031957934,0.002130529,-0.002130529,-0.46208093,-0.047884032,-9.763555,950.33026,11.509003,473996791,85642424,537893,-14.5,0.13,-0.02,-0.19262213,-0.012523863,0.43503112,
355,0.0026631611,-0.0010652645,0.0,-0.48841715,-0.090979666,-9.830592,950.33826,11.508942,473995225,85642445,537916,-14.509999,0.13,0.01,-0.19567959,-0.014646964,0.44230962,
356,0.0031957934,-0.0010652645,-0.0005326322,-0.5434838,-0.033518825,-9.844957,950.33826,11.508942,473994172,85642461,537905,-14.5199995,0.13,-0.01,-0.19257617,-0.016981827,0.43745995,
357,-0.0010652645,-0.014913702,-0.0026631611,-0.4429273,0.021547815,-9.691729,950.3288,11.509064,473992604,85642483,537896,-14.53,0.13,-0.03,-0.19422796,-0.012775337,0.43772686,
358,0.0037284256,0.0058589545,0.002130529,-0.59615624,-0.021547815,-9.866506,950.3343,11.509125,473991550,85642499,537889,-14.549999,0.099999994,-0.01,-0.18886043,-0.009721779,0.44395554,
359,-0.0015978967,0.0037284256,-0.0031957934,-0.5410896,-0.033518825,-9.849746,950.3343,11.509125,473989981,85642521,537898,-14.5199995,0.14,0.03,-0.19875926,-0.016076067,0.43632156,
360,-0.0015978967,-0.00958738,-0.002130529,-0.48362875,0.009576807,-9.797073,950.3315,11.509033,473988927,85642535,537889,-14.53,0.13,0.02,-0.1987128,-0.008293738,0.433704,
361,0.0,-0.0015978967,0.0005326322,-0.47405192,-0.016759412,-9.725247,950.33795,11.509003,473987359,85642554,537906,-14.53,0.099999994,-0.02,-0.20468234,-0.0025197896,0.43765453,
362,-0.0015978967,-0.0037284256,-0.0005326322,-0.45968673,-0.09816227,-9.770737,950.33795,11.509003,473986305,85642565,537904,-14.549999,0.12,-0.04,-0.20242538,-0.0057916045,0.44235113,
363,0.0005326322,-0.0005326322,0.0010652645,-0.48123455,0.0047884034,-9.77792,950.3468,11.508911,473984735,85642582,537925,-14.54,0.11,0.0,-0.19707774,-0.00804234,0.43519375,
364,-0.15286545,0.004261058,-0.026631612,-0.4357447,-0.06703765,-9.811439,950.3206,11.50885,473983681,85642594,537929,-14.54,0.099999994,0.01,-0.19831118,-0.010465259,0.43980074,16.0
365,-0.4644553,0.22050974,-0.4133226,-0.32321724,-0.6751649,-11.566388,950.3206,11.50885,473982130,85642697,538019,-13.83,2.57,-0.16,-0.17029835,-0.32282105,0.32663253,
366,-0.1454086,0.525708,-0.51026165,-0.5482722,-0.16998832,-14.178462,950.3445,11.5095215,473981199,85643283,537972,-11.259999,8.61,0.32,-0.094836585,-0.44434902,0.16726068,
367,0.0,0.57311225,-0.4527374,-0.6847417,-0.016759412,-14.966155,950.40826,11.513062,473980516,85645260,537389,-0.14999999,14.65,0.53,0.056681767,-0.46280122,0.113896914,
368,0.23435818,0.38242993,-0.34940675,-0.6512229,0.4237737,-13.292608,950.4421,11.516022,473980824,85646754,536965,8.2,12.44,0.44,0.15517634,-0.39492264,0.20722269,
369,0.4282363,0.08894958,-0.21038973,-0.521936,0.830788,-11.212047,950.4414,11.516083,473982092,85648176,536760,13.84,5.72,-0.19999999,0.1893678,-0.24686277,0.3687015,
370,0.27324033,-0.03195793,-0.05912218,-0.35673606,0.4381389,-9.6845455,950.3879,11.511505,473983115,85648656,537197,14.15,3.6999998,-0.79999995,0.19885877,-0.07023725,0.43419462,
371,0.08468852,-0.024501082,0.07137272,-0.20829555,0.1364695,-9.3661175,950.3879,11.511505,473984614,85649260,538081,13.58,4.33,-0.44,0.21848504,-0.000657789,0.43149358,
372,-0.008522116,0.00958738,0.0974717,-0.37110126,-0.093373865,-9.794679,950.296,11.50647,473985583,85649789,538279,13.15,5.5899997,-0.08,0.21436279,-0.006318218,0.42481932,
373,-0.053795855,0.015446335,0.08362326,-0.51475334,-0.12928689,-9.902418,950.2754,11.506622,473986960,85650834,538271,12.38,7.39,0.0,0.2185184,-0.048571214,0.4213582,
374,-0.05219796,0.0,0.05273059,-0.50517654,-0.1604115,-9.842564,950.2754,11.506622,473987841,85651670,538272,11.94,8.099999,-0.03,0.20345226,-0.09094644,0.42435813,
375,-0.027696876,0.002130529,0.024501082,-0.47644615,-0.038307227,-9.873688,950.2834,11.506378,473989109,85653010,538308,11.61,8.59,0.01,0.20289433,-0.11379187,0.4215134,
376,-0.015446335,0.0005326322,0.0058589545,-0.58657944,-0.17238252,-9.727641,950.30206,11.506378,473989949,85653936,538311,11.559999,8.679999,-0.04,0.1901084,-0.1263777,0.42288426,
377,-0.0005326322,0.002130529,-0.0053263223,-0.49081135,-0.074220255,-9.832987,950.29266,11.506439,473991197,85655317,538304,11.58,8.639999,0.06,0.19579077,-0.122661605,0.41710386,
378,-0.0010652645,0.0037284256,-0.00958738,-0.4381389,-0.04070143,-9.801862,950.3033,11.506531,473992039,85656240,538290,11.62,8.599999,0.0,0.20161085,-0.1283466,0.41808453,
379,0.010120012,-0.0037284256,-0.0053263223,-0.48362875,0.035913024,-9.809045,950.29694,11.506531,473993295,85657606,538284,11.66,8.53,0.0,0.20150685,-0.12818901,0.4176605,
380,-0.00479369,-0.0026631611,-0.0026631611,-0.5793968,0.11252748,-9.856929,950.29694,11.506531,473994141,85658521,538267,11.65,8.55,0.0,0.19617496,-0.122117594,0.42332366,
381,0.21038973,0.0031957934,0.09427591,-0.49320555,0.46208093,-9.97185,950.3122,11.506683,473995397,85659886,538252,11.509999,8.71,-0.01,0.18226993,-0.09717677,0.43003565,16.0
382,0.10918961,0.04527374,0.15339808,-0.50038815,0.1436521,-10.196905,950.2948,11.506683,473996200,85660875,538264,10.55,9.84,0.01,0.17335989,-0.04250594,0.4407157,
383,-0.01438107,0.05273059,0.175236,-0.5243302,-0.04309563,-10.189722,950.2948,11.506683,473997204,85662626,538239,7.91,12.099999,0.049999997,0.14986286,-0.04875981,0.45057338,
384,-0.07456851,0.041012682,0.14008227,-0.49559975,-0.260968,-10.0508585,950.31006,11.507416,473997705,85663986,538183,5.96,13.219999,0.12,0.11362432,-0.09202472,0.46816579,
385,-0.08735169,0.016511599,0.09374327,-0.5267244,-0.19632454,-9.931149,950.31964,11.507568,473998220,85666171,538122,3.75,14.0199995,0.01,0.08817287,-0.14801608,0.44701633,
386,-0.06178534,0.0058589545,0.04474111,-0.557849,-0.10295067,-9.866506,950.31647,11.507477,473998456,85667685,538130,2.86,14.219999,-0.02,0.074673824,-0.1806125,0.43730566,
387,-0.023435818,-0.0005326322,0.022903185,-0.50278234,-0.088585466,-9.765948,950.2969,11.507446,473998732,85669960,538137,2.36,14.309999,-0.03,0.06223607,-0.20506406,0.42821684,
388,-0.007456851,0.00958738,0.0053263223,-0.47165772,0.062249243,-9.847352,950.3192,11.507629,473998899,85671493,538139,2.3,14.32,0.06,0.06442589,-0.2088953,0.42739502,
389,-0.0010652645,0.011185277,-0.0037284256,-0.5243302,-0.062249243,-9.868899,950.3192,11.507629,473999149,85673781,538090,2.34,14.33,0.0,0.06165412,-0.21390802,0.422474,
390,0.0063915867,0.0026631611,0.0,-0.5530606,0.016759412,-9.835381,950.3205,11.50766,473999322,85675314,538119,2.4299998,14.299999,0.01,0.056247324,-0.21440707,0.43466815,
391,0.4362258,0.108124346,0.2050634,-0.38307226,0.7685388,-11.020511,950.29834,11.5069275,473999563,85677583,538181,1.09,14.09,-0.25,0.02933065,-0.007715336,0.48315984,16.0
392,0.094808534,0.29987195,0.37284255,-0.35434186,0.055066638,-12.064383,950.29834,11.5069275,473999473,85679080,538273,-3.76,13.599999,0.08,-0.054847814,0.1134824,0.4654136,
393,-0.099069595,0.2743056,0.33981937,-0.6536171,-0.30406362,-12.112267,950.34216,11.509644,473998636,85680954,537886,-11.28,9.17,0.44,-0.14351054,0.14758511,0.43352386,
394,-0.2066613,0.14913702,0.25193503,-0.6584055,-0.44532153,-11.171345,950.3912,11.511475,473997708,85681700,537590,-13.94,4.81,0.26,-0.19293366,0.13041706,0.42052695,
395,-0.2034655,0.029294772,0.1555286,-0.44532153,-0.36631286,-10.251971,950.3912,11.511475,473996144,85682051,537618,-14.65,0.22,-0.24,-0.21030733,0.08132656,0.43752104,
396,-0.12516858,-0.010652645,0.0479369,-0.521936,-0.25378537,-9.713276,950.32513,11.5086975,473995086,85682001,537833,-14.5199995,-0.97999996,-0.26999998,-0.20693614,0.032851804,0.43256587,
397,-0.040480047,-0.012250541,-0.0031957934,-0.47644615,-0.110133275,-9.744401,950.32336,11.507568,473993530,85681809,538111,-14.41,-1.27,-0.089999996,-0.1929451,-0.010117573,0.44115737,
398,-0.0010652645,0.0053263223,-0.01438107,-0.59376204,-0.007182605,-9.880871,950.3097,11.507385,473992483,85681684,538145,-14.46,-1.02,0.0,-0.19218402,-0.009230556,0.4439079,
399,0.01438107,-0.008522116,-0.0127831735,-0.533907,0.011971008,-9.67018,950.3006,11.507233,473990925,85681553,538175,-14.429999,-0.62,-0.01,-0.19917355,-0.0125936195,0.44618553,
400,-0.032490566,-0.0005326322,-0.011185277,-0.51475334,0.033518825,-9.797073,950.30774,11.507324,473989877,85681497,538167,-14.46,-0.42999998,0.01,-0.19331668,-0.005791763,0.44284713,16.0
401,-0.1965413,0.041545313,-0.05219796,-0.4189853,0.019153614,-9.945514,950.30774,11.507324,473988322,85681503,538191,-14.2699995,1.41,-0.14,-0.19759135,-0.17269993,0.40529323,
402,-0.04580637,0.12783173,-0.20240025,-0.5363012,0.047884032,-10.699687,950.3142,11.507477,473987300,85681802,538167,-13.73,4.39,0.11,-0.17243257,-0.26825294,0.35888708,
403,0.0777643,0.10759171,-0.21358553,-0.5315128,0.20590134,-10.704475,950.3256,11.508545,473985942,85682907,538006,-11.21,9.25,0.17,-0.13896784,-0.3082297,0.33547375,
404,0.13156016,0.056459017,-0.16724652,-0.49799395,0.39504328,-10.216059,950.3256,11.508545,473985209,85684026,537895,-9.0199995,11.469999,0.089999996,-0.10194353,-0.29390284,0.35622168,
405,0.11930962,0.023435818,-0.10066749,-0.5674258,0.31364042,-10.067618,950.3298,11.508881,473984384,85686000,537910,-6.5099998,13.04,-0.099999994,-0.07954424,-0.27064157,0.391992,
406,0.06870956,-0.0015978967,-0.032490566,-0.49081135,0.14844051,-9.770737,950.3164,11.507935,473983947,85687417,538011,-5.6299996,13.34,-0.13,-0.06750667,-0.2280341,0.42435148,
407,0.03568636,-0.014913702,-0.006924219,-0.49081135,0.033518825,-9.646238,950.3164,11.507935,473983367,85689552,538153,-5.21,13.42,-0.099999994,-0.045280173,-0.21150029,0.43024775,
408,-0.22264028,0.0058589545,-0.17789917,-0.4309563,-0.34715924,-10.055647,950.2985,11.507446,473982986,85690990,538163,-5.31,13.429999,0.03,-0.037874557,-0.23852605,0.41643763,16.0
409,-0.16138756,0.043675844,-0.18162759,-0.61052144,-0.2873042,-10.204087,950.30005,11.507324,473982476,85693166,538146,-3.6299999,13.95,-0.04,-0.012015303,-0.3192655,0.35996184,
410,-0.015446335,0.07882957,-0.19973709,-0.45010993,-0.02633622,-10.3453455,950.305,11.507385,473982299,85694689,538165,-1.11,14.38,0.03,0.02879788,-0.34181306,0.33524895,
411,0.08149273,0.06498113,-0.17789917,-0.50517654,0.16998832,-10.309433,950.31793,11.507935,473982400,85696983,538089,2.8999999,14.21,0.08,0.06869307,-0.33145413,0.34454864,
412,0.099069595,0.029827405,-0.128897,-0.5434838,0.11731588,-10.146626,950.3162,11.508209,473982688,85698478,538034,4.94,13.66,0.04,0.10242943,-0.2808139,0.3746771,
413,0.0777643,0.0058589545,-0.06338324,-0.5482722,0.11252748,-9.859323,950.3162,11.508209,473983325,85700591,538065,6.6299996,12.88,-0.07,0.11515963,-0.23062445,0.39811778,
414,0.039947417,0.0010652645,-0.0314253,-0.545878,0.1340753,-9.828198,950.3079,11.507599,473983826,85701956,538106,7.12,12.59,-0.049999997,0.13056633,-0.19774117,0.41377488,
415,0.015978966,-0.0005326322,0.002130529,-0.5363012,0.12210429,-9.868899,950.3085,11.507507,473984606,85703952,538141,7.29,12.5,0.03,0.13985597,-0.17942593,0.42610556,
416,-0.00479369,0.006924219,0.0005326322,-0.5506664,-0.045489833,-9.911995,950.3085,11.507507,473985134,85705295,538126,7.25,12.55,-0.02,0.13888724,-0.183495,0.41845164,
417,0.0005326322,0.004261058,0.00958738,-0.48841715,-0.0023942017,-9.907207,950.30505,11.507477,473985910,85707296,538147,7.1499996,12.59,-0.02,0.13802205,-0.17943302,0.42359543,
418,0.0,-0.0005326322,-0.00479369,-0.46686932,0.045489833,-9.653421,950.30597,11.507568,473986426,85708646,538142,7.08,12.58,0.02,0.13488913,-0.1854349,0.4173675,
419,-0.002130529,-0.0058589545,-0.0037284256,-0.46208093,-0.021547815,-9.837775,950.3322,11.507721,473987192,85710660,538104,7.1,12.639999,-0.03,0.1350013,-0.19659498,0.42776304,
420,0.051665325,-0.0015978967,0.034621093,-0.39504328,0.24181437,-9.938332,950.30347,11.507599,473987706,85712016,538121,7.0699997,12.67,-0.02,0.12616001,-0.17655472,0.43341845,31.0
421,-0.015978966,0.00958738,0.03089267,-0.5410896,-0.007182605,-9.861717,950.31903,11.507538,473988444,85714053,538132,6.6099997,12.9,0.02,0.1252004,-0.1708043,0.4261594,
422,-0.025566347,-0.007989483,0.015978966,-0.37828386,-0.093373865,-9.77792,950.3177,11.507477,473988913,85715446,538134,6.3399997,13.0199995,-0.01,0.11977937,-0.18888302,0.42689353,
423,-0.012250541,-0.002130529,0.0026631611,-0.5363012,-0.05746084,-9.758766,950.3098,11.507355,473989588,85717531,538157,6.22,13.09,-0.02,0.122432426,-0.1884191,0.42067367,
424,-0.004261058,-0.0037284256,-0.0031957934,-0.45968673,0.0023942017,-9.835381,950.30115,11.507294,473990040,85718934,538182,6.22,13.07,-0.03,0.12221575,-0.19811028,0.42442203,
425,0.0037284256,-0.007989483,0.0010652645,-0.4381389,-0.074220255,-9.679757,950.30115,11.507294,473990714,85721022,538170,6.27,13.099999,0.01,0.12146455,-0.19929492,0.420159,
426,0.0063915867,0.0010652645,0.0026631611,-0.59615624,0.02873042,-9.900024,950.326,11.507385,473991170,85722426,538154,6.3199997,13.139999,0.06,0.12090794,-0.19292282,0.42290172,
427,-0.0031957934,-0.0005326322,0.0037284256,-0.5363012,0.02873042,-9.691729,950.3049,11.50705,473991850,85724513,538193,6.31,13.059999,-0.07,0.11479959,-0.19633059,0.42826247,
428,-0.0026631611,0.0026631611,-0.0026631611,-0.46208093,-0.0047884034,-9.768343,950.3049,11.50705,473992307,85725915,538229,6.29,13.059999,0.0,0.12214278,-0.18965554,0.42395407,
429,0.0026631611,-0.004261058,-0.0031957934,-0.4381389,-0.009576807,-9.725247,950.3084,11.506683,473992985,85727998,538260,6.2799997,13.07,0.0,0.1235877,-0.19926035,0.42195648,
430,-0.0005326322,-0.0037284256,-0.0015978967,-0.49559975,0.009576807,-9.792285,950.2948,11.506561,473993441,85729399,538274,6.3199997,13.04,-0.03,0.11853525,-0.19608024,0.4258503,
431,0.004261058,0.0005326322,0.006924219,-0.581791,-0.007182605,-9.794679,950.2946,11.506409,473994121,85731478,538300,6.2999997,13.049999,-0.01,0.123693414,-0.19080853,0.4205093,
432,-0.004261058,0.0037284256,-0.0037284256,-0.39743748,0.0023942017,-9.830592,950.2882,11.506287,473994577,85732875,538322,6.31,13.03,0.02,0.11926178,-0.1919204,0.41851914,
433,0.0026631611,0.002130529,0.002130529,-0.49081135,-0.035913024,-9.7084875,950.28534,11.506195,473995258,85734951,538342,6.31,12.99,-0.03,0.12165894,-0.1914118,0.4266465,
434,0.0005326322,-0.0063915867,0.002130529,-0.44771573,-0.07182605,-9.763555,950.28534,11.506195,473995714,85736346,538357,6.27,13.0199995,-0.04,0.12217199,-0.19109127,0.42187354,
435,-0.0037284256,0.0015978967,-0.0010652645,-0.5267244,-0.07182605,-9.765948,950.2685,11.505829,473996389,85738420,538399,6.24,12.98,-0.01,0.117263176,-0.19655894,0.4167634,
436,-0.00479369,0.0026631611,-0.007989483,-0.521936,0.023942016,-9.744401,950.28076,11.505829,473996843,85739812,538403,6.24,13.0199995,0.049999997,0.12225764,-0.19218898,0.42560104,
437,0.002130529,0.0053263223,-0.006924219,-0.5554548,-0.0023942017,-9.835381,950.28076,11.505829,473997520,85741887,538397,6.27,13.0199995,0.0,0.12176867,-0.18547651,0.42564932,
438,-0.002130529,-0.0063915867,0.0,-0.5434838,-0.031124622,-9.7084875,950.3011,11.505615,473997975,85743281,538410,6.29,12.99,-0.06,0.12134581,-0.18815444,0.4183851,
439,-0.0010652645,-0.0031957934,-0.0005326322,-0.533907,-0.076614454,-9.813833,950.26605,11.505646,473998654,85745350,538427,6.29,12.969999,0.07,0.115257375,-0.19034348,0.42281413,
440,0.002130529,-0.0058589545,0.0015978967,-0.45010993,-0.021547815,-9.734824,950.26605,11.505646,473999110,85746742,538419,6.31,13.0,0.01,0.11664155,-0.19641802,0.42406625,
441,-0.0010652645,-0.00479369,0.0010652645,-0.47644615,-0.10055647,-9.782708,950.28394,11.50592,473999788,85748814,538378,6.2999997,13.0,0.0,0.12075327,-0.19332893,0.42079687,
442,-0.00479369,-0.006924219,0.0,-0.45250413,-0.110133275,-9.718064,950.2896,11.506073,474000244,85750206,538377,6.2999997,12.98,0.02,0.11936573,-0.19544941,0.42145962,
443,-0.0005326322,0.007989483,-0.0010652645,-0.59855044,0.05746084,-9.782708,950.2896,11.506073,474000922,85752277,538314,6.3199997,12.98,0.08,0.11620303,-0.19364686,0.419338,
444,-0.0005326322,0.004261058,0.0010652645,-0.50517654,-0.08379706,-9.742006,950.3126,11.506683,474001380,85753669,538288,6.33,12.98,0.04,0.12373821,-0.19367093,0.42167395,
445,-0.0026631611,-0.0015978967,0.0053263223,-0.5410896,-0.095768064,-9.809045,950.3017,11.506866,474002064,85755739,538234,6.3399997,12.94,0.0,0.11686787,-0.19704674,0.42065415,
446,0.002130529,0.0010652645,0.002130529,-0.50517654,-0.009576807,-9.7803135,950.3017,11.506866,474002524,85757128,538224,6.3399997,12.969999,0.06,0.121669464,-0.18854383,0.41680455,
447,0.006924219,0.0015978967,-0.0031957934,-0.58897364,-0.047884032,-9.909601,950.3121,11.507355,474003211,85759200,538155,6.39,12.99,0.049999997,0.12251885,-0.18393679,0.4228143,
448,0.0031957934,0.006924219,0.0058589545,-0.5243302,0.0023942017,-9.794679,950.32635,11.507385,474003675,85760594,538158,6.3999996,12.99,0.02,0.121942386,-0.18414538,0.424637,
449,0.0031957934,-0.0031957934,0.002130529,-0.45489833,0.0,-9.660604,950.30444,11.507446,474004364,85762665,538145,6.35,13.0,0.01,0.12669772,-0.20115426,0.41740415,
450,-0.00958738,0.0015978967,0.0031957934,-0.48602295,-0.021547815,-9.792285,950.3215,11.507477,474004826,85764057,538139,6.3599997,12.99,0.0,0.115819134,-0.19362715,0.42074823,
451,-0.18855181,-0.14274544,-0.18748654,-1.2617443,-0.24660277,-7.785944,950.3173,11.50824,474005511,85766127,538121,6.31,12.87,0.24,0.14209346,-0.20350827,0.41200623,
452,-0.3339604,0.021837922,-0.25086978,-1.6950948,-0.50996494,-9.773131,950.3173,11.50824,474005985,85767469,537317,7.02,12.12,1.5,0.21310781,-0.28089908,0.3307425,
453,-0.19867182,0.19973709,-0.304133,-1.8555063,-0.33279404,-11.166556,950.71857,11.529907,474006922,85769197,535084,10.73,8.94,2.1299999,0.27215993,-0.29711077,0.27618775,
454,0.18216023,0.13209279,-0.20612867,-1.8555063,0.39264908,-10.577583,950.9747,11.544525,474007800,85769945,533334,13.259999,4.8599997,2.25,0.286888,-0.22913769,0.31025302,
455,0.35579833,0.03781689,-0.10013486,-1.8363527,0.6488287,-10.620679,950.9747,11.544525,474009314,85770301,530614,14.38,0.35,2.08,0.2788593,-0.074605584,0.38220003,
456,0.23009712,0.11984225,0.08841695,-1.0462662,0.44771573,-11.602302,951.39874,11.568848,474010355,85770307,529182,14.32,0.07,1.56,0.26768982,0.041905656,0.4124898,
457,0.099069595,0.07350325,0.18642128,-0.545878,0.15322891,-10.58716,951.4258,11.571381,474011902,85770518,528337,14.139999,2.8799999,0.19,0.23898385,0.06514841,0.40864217,
458,0.02609898,0.076166406,0.2130529,-0.50996494,0.02633622,-10.386047,951.45294,11.571655,474012904,85770959,528284,13.4,5.35,0.02,0.22257653,0.047752228,0.41952536,
459,-0.0053263223,0.06924219,0.21252026,-0.5267244,-0.031124622,-10.283096,951.4521,11.57193,474014253,85772101,528230,11.45,8.86,0.06,0.18996583,0.0003349449,0.4398119,
460,-0.00479369,0.0628506,0.1965413,-0.50517654,-0.06943185,-10.2974615,951.46594,11.572205,474015021,85773158,528186,9.66,10.8,0.049999997,0.16312708,-0.031714983,0.4464103,
461,-0.0015978967,0.056991648,0.19813919,-0.5506664,-0.02873042,-10.180145,951.4298,11.572266,474015907,85775058,528164,6.69,12.87,-0.04,0.12124041,-0.0631477,0.46270004,
462,0.00479369,0.05273059,0.19867182,-0.5674258,-0.093373865,-10.125079,951.45953,11.572144,474016316,85776489,528189,4.54,13.7699995,0.0,0.08643135,-0.076734714,0.46335214,
463,0.012250541,0.053263225,0.19281286,-0.4333505,-0.038307227,-10.206482,951.4556,11.5720825,474016630,85778745,528203,1.26,14.429999,-0.03,0.041704684,-0.08554957,0.47830957,
464,0.010652645,0.05273059,0.1933455,-0.56982,-0.02873042,-10.177752,951.4556,11.5720825,474016638,85780296,528196,-1.0,14.45,0.02,-0.0003685274,-0.08310776,0.4709637,
465,0.012250541,0.053263225,0.18908444,-0.4333505,-0.05267244,-10.146626,951.4599,11.572144,474016349,85782560,528203,-4.33,13.83,0.01,-0.0433921,-0.078087606,0.4775479,
466,0.0053263223,0.061252706,0.18908444,-0.47165772,-0.076614454,-10.216059,951.46234,11.572144,474015957,85784000,528180,-6.47,12.98,0.02,-0.07877832,-0.061725795,0.46941435,
467,0.017576864,0.053263225,0.18429075,-0.5291186,-0.047884032,-10.15381,951.46234,11.572144,474015104,85785932,528198,-9.25,11.15,-0.01,-0.1143678,-0.036773708,0.4683869,
468,0.012250541,0.05486112,0.18216023,-0.44532153,-0.10055647,-10.21127,951.4286,11.571991,474014372,85787043,528216,-10.87,9.57,0.01,-0.15013464,-0.017179953,0.45766506,
469,0.010652645,0.04527374,0.18375812,-0.50757074,-0.038307227,-10.089166,951.4437,11.571991,474013089,85788353,528201,-12.7699995,6.79,-0.01,-0.16475625,0.024939626,0.45188197,
470,0.01438107,0.05912218,0.18748654,-0.5746084,-0.047884032,-10.261548,951.44257,11.5720825,474012128,85788973,528204,-13.7,4.74,0.01,-0.18711635,0.052735593,0.43610936,
471,0.017044231,0.049534798,0.18642128,-0.48841715,0.06943185,-10.16578,951.4517,11.572113,474010603,85789472,528194,-14.42,1.49,0.01,-0.19212082,0.103686154,0.43010315,
472,0.00479369,0.05752428,0.18695392,-0.51954174,-0.0047884034,-10.180145,951.45795,11.572205,474009553,85789509,528196,-14.509999,-0.76,0.049999997,-0.19951324,0.13858074,0.41379198,
473,0.0026631611,0.05539375,0.18748654,-0.44771573,-0.079008654,-10.199299,951.45795,11.572205,474008015,85789118,528178,-13.92,-4.0899997,0.02,-0.19078311,0.18298282,0.40664583,
474,0.0058589545,0.049002163,0.18855181,-0.44771573,-0.031124622,-10.196905,951.44226,11.572357,474007033,85788562,528178,-13.099999,-6.22,0.04,-0.16614503,0.21281125,0.39408147,
475,0.007989483,0.05273059,0.19014971,-0.46926352,-0.09816227,-10.220847,951.4487,11.572479,474005712,85787334,528142,-11.29,-9.09,0.11,-0.14631106,0.24804382,0.3804408,
476,0.00958738,0.048469532,0.18961707,-0.4237737,-0.033518825,-10.125079,951.4487,11.572479,474004950,85786269,528126,-9.71,-10.719999,0.07,-0.12234883,0.27045763,0.37510318,
477,-0.15659387,0.10972224,0.049002163,-0.6512229,-0.36391866,-12.052411,951.4482,11.572571,474004043,85784393,528092,-6.96,-12.66,-0.06,-0.101373374,0.28658676,0.38084352,21.0
478,-0.13635385,-0.029827405,-0.029827405,-1.8626889,0.05267244,-9.165004,951.37054,11.566956,474003618,85783024,528622,-4.7599998,-12.55,-0.98999995,-0.06716588,0.2411371,0.40971714,
479,-0.049002163,-0.048469532,-0.07669904,-1.2808979,0.021547815,-9.184157,951.37054,11.566956,474003202,85781152,529442,-3.35,-11.04,-0.26,-0.046331756,0.20162022,0.43983263,
480,0.0015978967,-0.017044231,-0.027164243,-0.8882488,-0.059855044,-9.548077,951.30975,11.564178,474002964,85780005,529493,-3.31,-10.49,0.12,-0.024785778,0.19333716,0.44003573,
481,0.017044231,0.029294772,-0.013315806,-0.8331822,-0.1604115,-10.101137,951.33136,11.565857,474002591,85778347,529190,-3.61,-10.37,0.19999999,-0.04920905,0.1994364,0.4403065,
482,0.009054748,-0.007989483,0.006924219,-0.7422025,-0.079008654,-9.689334,951.33136,11.565857,474002324,85777241,529115,-3.6899998,-10.2699995,-0.01,-0.05560175,0.20444235,0.431189,
483,0.00479369,0.0037284256,0.017576864,-0.6943185,-0.035913024,-9.689334,951.3645,11.5660095,474001928,85775613,529127,-3.61,-10.17,-0.04,-0.056640837,0.21006753,0.43336222,
484,-0.006924219,0.0031957934,0.018642128,-0.6344634,0.0047884034,-9.710882,951.3322,11.565887,474001670,85774525,529152,-3.5,-10.15,-0.01,-0.04888989,0.20765184,0.4346366,
485,-0.0031957934,-0.0015978967,0.004261058,-0.61052144,-0.05746084,-9.811439,951.3322,11.565887,474001299,85772905,529157,-3.3899999,-10.179999,0.0,-0.04518421,0.1975741,0.42918572,
486,-0.00958738,0.0063915867,0.0053263223,-0.8690952,-0.016759412,-9.969456,951.3206,11.5651245,474001055,85771813,529169,-3.36,-10.219999,-0.02,-0.06508399,0.20523767,0.42678016,
487,0.00958738,-0.098004326,-0.009054748,-1.0534488,0.01436521,-8.623915,951.3039,11.56369,474000689,85770171,529533,-3.3,-9.969999,0.13,-0.02997244,0.19965407,0.4349353,
488,0.006924219,-0.02130529,0.0031957934,-1.1228806,-0.17717093,-9.466674,951.3039,11.56369,474000450,85769108,529125,-3.32,-9.94,0.81,-0.0032583873,0.2013286,0.43436933,
489,-0.0031957934,0.015446335,0.0005326322,-1.283292,-0.023942016,-9.801862,951.505,11.574982,474000081,85767489,527941,-3.53,-10.41,1.0,-0.012619618,0.19903551,0.435446,
490,0.002130529,-0.016511599,-0.0005326322,-1.3910311,-0.090979666,-9.490616,951.579,11.580902,473999823,85766364,527203,-3.56,-10.559999,0.84999996,-0.014639793,0.20356728,0.43690932,
491,0.007456851,-0.022903185,-0.0005326322,-1.4030021,-0.1340753,-9.600749,951.579,11.580902,473999435,85764669,526027,-3.62,-10.719999,1.1,0.0020775863,0.20782255,0.4330574,
492,-0.0031957934,-0.010652645,0.0058589545,-1.5394717,0.007182605,-9.516952,951.87415,11.595367,473999172,85763513,525096,-3.6399999,-10.87,1.23,0.00036277954,0.20298849,0.4337884,
493,-0.0005326322,0.0026631611,0.004261058,-1.6639702,-0.07182605,-9.603143,951.9986,11.604218,473998774,85761757,523525,-3.6999998,-11.15,1.36,0.0051644635,0.20116559,0.4290004,
494,0.0010652645,0.0010652645,0.0,-1.673547,-0.045489833,-9.679757,952.1641,11.6128845,473998504,85760553,522436,-3.74,-11.3,1.3199999,0.0063055693,0.20146513,0.44319808,
495,0.0031957934,-0.00479369,-0.004261058,-1.7070658,-0.06464344,-9.615114,952.30865,11.621735,473998098,85758743,520815,-3.79,-11.389999,1.3399999,0.006430022,0.1982101,0.4367854,
496,0.0015978967,0.0026631611,0.013848438,-1.6400281,-0.062249243,-9.540894,952.49615,11.630829,473997823,85757518,519710,-3.78,-11.44,1.4,0.007862106,0.19823126,0.43884954,
497,0.0015978967,0.0005326322,-0.0053263223,-1.721431,-0.02873042,-9.634268,952.49615,11.630829,473997414,85755685,518032,-3.81,-11.5199995,1.43,0.0042700805,0.20786467,0.42810485,
498,0.0010652645,-0.002130529,0.0,-1.7836803,-0.062249243,-9.516952,952.80945,11.649048,473997139,85754449,516905,-3.79,-11.55,1.42,0.00053724536,0.20897308,0.44253007,
499,-0.008522116,-0.002130529,-0.0010652645,-1.7717092,-0.059855044,-9.622296,952.9826,11.658478,473996727,85752605,515183,-3.81,-11.58,1.4399999,0.012474456,0.20066513,0.4344605,
500,0.004261058,0.0015978967,-0.0015978967,-1.8004397,-0.11971009,-9.526528,952.9826,11.658478,473996449,85751361,514013,-3.83,-11.59,1.52,0.00040954506,0.2049202,0.4413917,
501,0.0031957934,-0.0053263223,-0.0005326322,-1.8148049,-0.110133275,-9.615114,953.3008,11.677429,473996033,85749509,512274,-3.87,-11.63,1.49,0.009748878,0.1999948,0.43905813,
502,-0.0026631611,-0.002130529,0.0005326322,-1.7884687,-0.04309563,-9.672575,953.47046,11.687073,473995749,85748262,511083,-3.9199998,-11.65,1.4399999,0.0053784503,0.20615801,0.4366883,
503,0.0005326322,-0.0037284256,0.0058589545,-1.757344,-0.08379706,-9.593566,953.6513,11.696533,473995325,85746406,509317,-3.9499998,-11.679999,1.5,0.0070665902,0.19212344,0.4360953,
504,0.0031957934,-0.007456851,0.0037284256,-1.7525556,-0.074220255,-9.667787,953.82104,11.706268,473995038,85745156,508122,-3.98,-11.66,1.43,0.0043229787,0.20166923,0.43007362,
505,0.0,0.0031957934,0.002130529,-1.8339585,-0.14604631,-9.636662,953.99536,11.716034,473994613,85743297,506342,-3.9399998,-11.67,1.4699999,0.004747729,0.20328176,0.44287103,
506,0.0026631611,-0.0005326322,0.0031957934,-1.7836803,-0.05746084,-9.591172,953.99536,11.716034,473994328,85742045,505141,-3.9199998,-11.679999,1.52,0.0056690327,0.20205203,0.43171778,
507,0.0053263223,0.0031957934,-0.0005326322,-1.8890251,-0.076614454,-9.572019,954.3234,11.735474,473993906,85740181,503348,-3.9099998,-11.69,1.52,0.009057134,0.20157474,0.4383607,
508,-0.0005326322,-0.0063915867,0.0015978967,-1.769315,-0.12689269,-9.615114,954.497,11.745361,473993623,85738927,502136,-3.9199998,-11.71,1.54,0.005099761,0.20195547,0.43483922,
509,0.002130529,-0.004261058,0.0005326322,-1.8028339,-0.088585466,-9.713276,954.66864,11.755035,473993200,85737060,500335,-3.9399998,-11.719999,1.49,0.011277241,0.19748813,0.4345671,
510,-0.004261058,-0.006924219,-0.07084008,-1.8483237,-0.08619126,-9.5385,954.8514,11.764984,473992915,85735804,499102,-3.9599998,-11.69,1.55,0.0047895014,0.19294585,0.43863887,
511,0.010652645,-0.0005326322,0.017044231,-1.8842367,-0.12210429,-9.56723,955.0347,11.775024,473992477,85733943,497267,-4.16,-11.639999,1.51,0.0018876422,0.19724531,0.43173394,
512,0.007456851,-0.0031957934,-0.0031957934,-1.8770541,-0.10295067,-9.610326,955.0347,11.775024,473992173,85732695,496045,-4.2,-11.63,1.49,0.0053209937,0.20413373,0.43806818,
513,0.0015978967,0.0005326322,-0.0010652645,-1.9009962,-0.1340753,-9.622296,955.3813,11.794739,473991718,85730841,494235,-4.25,-11.61,1.53,0.0045504253,0.20124756,0.4434101,
514,-0.0010652645,0.039414786,0.009054748,-1.7645266,-0.12210429,-10.144233,955.5304,11.804321,473991410,85729594,493007,-4.2599998,-11.65,1.4399999,-0.010128451,0.2019673,0.43322736,
515,0.0026631611,0.023435818,0.0010652645,-1.6807296,-0.10534488,-10.0029745,955.65765,11.810699,473990953,85727741,491635,-4.2,-11.49,0.77,-0.028144,0.19938694,0.43309614,
516,0.016511599,0.070307456,0.0026631611,-1.4508862,-0.22266077,-10.508151,955.7034,11.813202,473990652,85726526,491101,-4.0899997,-11.219999,0.29999998,-0.066650614,0.20328371,0.4300516,
517,-0.0026631611,-0.0010652645,-0.009054748,-1.0462662,-0.17956513,-9.636662,955.65216,11.810669,473990230,85724819,491419,-3.6999998,-10.139999,-0.39,-0.062767886,0.19469664,0.43279964,
518,-0.00958738,-0.009054748,0.00479369,-0.8523358,-0.16519992,-9.773131,955.65216,11.810669,473989971,85723767,491715,-3.47,-9.53,-0.31,-0.06703693,0.20510148,0.43210807,
519,0.0005326322,0.0010652645,0.0063915867,-0.6751649,-0.18435353,-9.794679,955.5861,11.807007,473989609,85722296,492027,-3.28,-8.99,-0.22999999,-0.06788886,0.19422139,0.43327847,
520,0.0127831735,0.007989483,-0.0058589545,-0.58897364,-0.18674773,-9.801862,955.5698,11.805634,473989375,85721346,492184,-3.1899998,-8.76,-0.17999999,-0.069984764,0.2010127,0.43323123,
521,-0.0015978967,-0.0063915867,-0.0015978967,-0.7302315,-0.21787235,-9.749189,955.5698,11.805634,473989036,85719983,492446,-3.09,-8.33,-0.19,-0.07248671,0.2011959,0.43944538,
522,-0.0026631611,-0.07669904,-0.002130529,-0.62728083,-0.21787235,-9.107543,955.5278,11.803741,473988816,85719108,492575,-2.97,-8.0199995,-0.049999997,-0.04769458,0.19674821,0.43678865,
523,0.007456851,-0.027696876,0.0,-0.61052144,-0.1340753,-9.555259,955.5879,11.806976,473988494,85717829,492200,-3.06,-8.17,0.66999996,-0.019819558,0.19024143,0.44154745,
524,0.00479369,0.10333065,0.0,-0.6823475,-0.15083471,-10.675745,955.5879,11.806976,473988265,85716928,491603,-3.25,-8.66,0.7,-0.04042773,0.2025311,0.43687478,
525,-0.0010652645,0.015446335,0.0026631611,-0.59615624,-0.15083471,-9.938332,955.65936,11.811035,473987911,85715527,491380,-3.27,-8.7,-0.28,-0.07040721,0.20301457,0.43501142,
526,0.0010652645,-0.010120012,0.002130529,-0.7134721,-0.1604115,-9.665392,955.62366,11.809143,473987679,85714612,491624,-3.1499999,-8.37,-0.28,-0.06957508,0.19998863,0.43727785,
527,-0.0010652645,-0.08681905,0.0063915867,-0.6584055,-0.1340753,-8.980651,955.62366,11.809143,473987349,85713322,491809,-2.98,-7.8799996,0.14,-0.037020925,0.20261727,0.43624988,
528,0.0031957934,-0.021837922,-0.004261058,-0.61052144,-0.1436521,-9.631873,955.67285,11.812653,473987130,85712469,491483,-3.07,-8.09,0.65,-0.015817001,0.20396604,0.43718514,
529,0.002130529,0.12942964,0.00479369,-0.7517793,-0.11252748,-10.960655,955.7741,11.817169,473986783,85711116,490578,-3.35,-8.86,0.5,-0.04699282,0.20085377,0.43685102,
530,-0.0031957934,0.01438107,0.0058589545,-0.6512229,-0.12689269,-9.856929,955.74396,11.81604,473986540,85710166,490536,-3.32,-8.74,-0.26999998,-0.07599839,0.203598,0.43237072,
531,-0.007456851,-0.02396845,-0.0005326322,-0.6895301,-0.12689269,-9.528923,955.7083,11.81366,473986193,85708814,490983,-3.11,-8.17,-0.35,-0.07915222,0.19698082,0.43038073,
532,0.00479369,-0.11025487,0.0010652645,-0.58897364,-0.10055647,-8.848969,955.69714,11.813599,473985974,85707959,491127,-2.99,-7.8399997,0.07,-0.03304579,0.19559179,0.4400447,
533,0.0015978967,0.018642128,0.004261058,-0.59615624,-0.093373865,-9.85214,955.78015,11.818481,473985647,85706686,490456,-3.1399999,-8.33,0.96,-0.022326358,0.21096373,0.4376957,
534,0.002130529,0.16298546,-0.0026631611,-0.7757214,-0.007182605,-11.252748,955.856,11.822662,473985411,85705757,489763,-3.36,-8.97,0.62,-0.05648402,0.19436194,0.4315305,
535,-0.0010652645,0.006924219,-0.0010652645,-0.581791,-0.076614454,-9.782708,955.82965,11.82019,473985051,85704340,489937,-3.22,-8.62,-0.53,-0.0830588,0.19784926,0.43186098,
536,0.0,-0.07403588,0.008522116,-0.6560113,-0.11252748,-9.248801,955.82965,11.82019,473984824,85703444,490332,-3.03,-8.09,-0.44,-0.06836432,0.20141084,0.4290232,
537,-0.0010652645,-0.11611383,0.0010652645,-0.5434838,-0.16280572,-8.7292595,955.78436,11.818665,473984506,85702196,490386,-2.9399998,-7.75,0.48999998,-0.022277463,0.20365833,0.44306692,
538,0.002130529,0.09054748,0.0015978967,-0.7278373,-0.090979666,-10.496181,955.92535,11.825653,473984286,85701336,489650,-3.1599998,-8.37,1.17,-0.006618993,0.20266177,0.4358833,
539,0.0037284256,0.11025487,0.002130529,-0.7015011,-0.01436521,-10.81461,955.98285,11.8284,473983925,85699915,488727,-3.4499998,-9.179999,-0.07,-0.07595283,0.19963455,0.43181664,
540,-0.0053263223,-0.0010652645,0.0010652645,-0.6368576,-0.095768064,-9.574412,955.8775,11.824463,473983680,85698956,489127,-3.26,-8.67,-0.66999996,-0.08637061,0.20112425,0.4237522,
541,0.0,-0.11345066,0.004261058,-0.7110779,-0.11252748,-8.825027,955.829,11.82135,473983346,85697646,489804,-2.9299998,-7.7799997,-0.34,-0.07033305,0.2024473,0.4347124,
542,0.010652645,-0.11451593,-0.0010652645,-0.49081135,-0.047884032,-8.738836,955.829,11.82135,473983135,85696826,489732,-2.9099998,-7.64,0.56,0.0057141567,0.20176896,0.43790954,
543,0.002130529,0.4000068,0.015446335,-38.15639,15.629349,0.05267244,956.03485,11.832336,473982801,85695523,488361,-3.35,-8.86,1.28,-0.009112588,0.20036688,0.4402526,
544,0.0026631611,-0.0026631611,0.0015978967,-6.8162923,-3.1723173,-9.758766,956.0168,11.832581,473982714,85694815,488130,0.11,-4.91,0.02,-0.09050104,0.19146305,0.4295449,
545,-0.004261058,0.0026631611,0.0037284256,0.15801731,0.031124622,-9.744401,956.0168,11.832581,473982716,85694544,488121,0.01,-0.01,-0.02,-0.091650024,0.19299605,0.42708266,
546,0.0,-0.0005326322,0.00479369,0.090979666,-0.06943185,-9.7803135,956.0372,11.832581,473982715,85694544,488133,-0.01,0.01,0.04,-0.10294827,0.19084753,0.43339446,
547,-0.0015978967,0.006924219,-0.0010652645,0.04070143,-0.079008654,-9.727641,956.0336,11.832581,473982716,85694544,488129,-0.01,-0.01,0.0,-0.09207167,0.20112874,0.42988256,0.0
548,0.0,-0.0053263223,0.0005326322,0.05746084,-0.06703765,-9.78989,956.0336,11.832581,473982715,85694545,488132,0.0,0.01,-0.04,-0.09930946,0.19271338,0.42797282,
549,-0.004261058,0.0005326322,0.00479369,0.050278235,-0.050278235,-9.706094,956.0353,11.832581,473982715,85694544,488125,0.01,0.0,0.0,-0.09615376,0.19955872,0.42915013,
