timestamp,time_utc_usec,device_id,lat,lon,alt,alt_ellipsoid,s_variance_m_s,c_variance_rad,eph,epv,hdop,vdop,noise_per_ms,jamming_indicator,vel_m_s,vel_n_m_s,vel_e_m_s,vel_d_m_s,cog_rad,timestamp_time_relative,heading,heading_offset,automatic_gain_control,fix_type,jamming_state,vel_ned_valid,satellites_used
696000,1655588184065886,0,473977508,85456073,488180,488180,0.25,0.5,1.0,1.0,0.0,0.0,0,0,0.0,0.0,0.0,-0.02,0.84648466,0,nan,nan,0,3,0,1,10
1896000,1655588185265886,0,473977508,85456073,488170,488170,0.25,0.5,1.0,1.0,0.0,0.0,0,0,0.0,0.01,0.0,-0.03,5.82556,0,nan,nan,0,3,0,1,10
2696000,1655588186069886,0,473977508,85456073,488171,488171,0.25,0.5,1.0,1.0,0.0,0.0,0,0,0.0,0.0,0.0,-0.04,0.9723229,0,nan,nan,0,3,0,1,10
3892000,1655588187265886,0,473977508,85456073,488178,488178,0.25,0.5,1.0,1.0,0.0,0.0,0,0,0.0,0.0,0.01,0.02,1.3622293,0,nan,nan,0,3,0,1,10
4696000,1655588188069886,0,473977508,85456073,488170,488170,0.25,0.5,1.0,1.0,0.0,0.0,0,0,0.0,-0.01,-0.01,0.03,4.115137,0,nan,nan,0,3,0,1,10
5896000,1655588189265886,0,473977508,85456073,488174,488174,0.25,0.5,1.0,1.0,0.0,0.0,0,0,0.0,0.0,0.0,0.0,4.5748568,0,nan,nan,0,3,0,1,10
6696000,1655588190065886,0,473977508,85456072,488160,488160,0.25,0.5,1.0,1.0,0.0,0.0,0,0,0.0,-0.02,0.01,-0.03,2.5195572,0,nan,nan,0,3,0,1,10
7896000,1655588191265886,0,473977508,85456073,488165,488165,0.25,0.5,1.0,1.0,0.0,0.0,0,0,0.0,0.0,0.0,-0.01,0.5794493,0,nan,nan,0,3,0,1,10
8696000,1655588192065886,0,473977507,85456073,488178,488178,0.25,0.5,1.0,1.0,0.0,0.0,0,0,0.0,0.0,0.0,0.0,2.555162,0,nan,nan,0,3,0,1,10
9892000,1655588193265886,0,473977508,85456073,488172,488172,0.25,0.5,1.0,1.0,0.0,0.0,0,0,0.0,0.0,-0.02,0.0,4.865105,0,nan,nan,0,3,0,1,10
10696000,1655588194065886,0,473977508,85456073,488178,488178,0.25,0.5,1.0,1.0,0.0,0.0,0,0,0.0,-0.01,0.0,-0.01,2.727077,0,nan,nan,0,3,0,1,10
11896000,1655588195265886,0,473977508,85456073,488177,488177,0.25,0.5,1.0,1.0,0.0,0.0,0,0,0.0,-0.01,-0.01,-0.03,3.7936475,0,nan,nan,0,3,0,1,10
12692000,1655588196065886,0,473977508,85456072,488167,488167,0.25,0.5,1.0,1.0,0.0,0.0,0,0,0.0,0.0,0.0,-0.01,0.9061749,0,nan,nan,0,3,0,1,10
13896000,1655588197269886,0,473977508,85456072,488169,488169,0.25,0.5,1.0,1.0,0.0,0.0,0,0,0.0,0.0,0.0,0.01,5.136853,0,nan,nan,0,3,0,1,10
14696000,1655588198065886,0,473977508,85456072,488173,488173,0.25,0.5,1.0,1.0,0.0,0.0,0,0,0.0,-0.01,-0.01,-0.049999997,3.827856,0,nan,nan,0,3,0,1,10
15892000,1655588199269886,0,473977508,85456073,488168,488168,0.25,0.5,1.0,1.0,0.0,0.0,0,0,0.0,0.01,0.0,0.01,6.0327306,0,nan,nan,0,3,0,1,10
16696000,1655588200065886,0,473977508,85456073,488166,488166,0.25,0.5,1.0,1.0,0.0,0.0,0,0,0.0,0.02,0.0,-0.03,5.969026,0,nan,nan,0,3,0,1,10
17896000,1655588201269886,0,473977508,85456073,488175,488175,0.25,0.5,1.0,1.0,0.0,0.0,0,0,0.0,-0.01,0.0,0.02,3.3213615,0,nan,nan,0,3,0,1,10
18696000,1655588202065886,0,473977508,85456073,488168,488168,0.25,0.5,1.0,1.0,0.0,0.0,0,0,0.0,0.0,0.0,-0.01,3.552443,0,nan,nan,0,3,0,1,10
19896000,1655588203269886,0,473977508,85456073,488175,488175,0.25,0.5,1.0,1.0,0.0,0.0,0,0,0.0,0.0,0.0,0.01,3.9034288,0,nan,nan,0,3,0,1,10
20696000,1655588204065886,0,473977508,85456072,488173,488173,0.25,0.5,1.0,1.0,0.0,0.0,0,0,0.0,0.01,0.02,-0.01,0.97424275,0,nan,nan,0,3,0,1,10
21892000,1655588205269886,0,473977508,85456073,488162,488162,0.25,0.5,1.0,1.0,0.0,0.0,0,0,0.0,0.0,0.01,0.0,2.105216,0,nan,nan,0,3,0,1,10
22692000,1655588206065886,0,473977508,85456072,488174,488174,0.25,0.5,1.0,1.0,0.0,0.0,0,0,0.0,0.0,-0.01,-0.02,4.525115,0,nan,nan,0,3,0,1,10
23896000,1655588207269886,0,473977508,85456073,488174,488174,0.25,0.5,1.0,1.0,0.0,0.0,0,0,0.0,0.0,0.0,-0.02,1.2817698,0,nan,nan,0,3,0,1,10
24696000,1655588208065886,0,473977509,85456072,488160,488160,0.25,0.5,1.0,1.0,0.0,0.0,0,0,0.0,0.0,0.02,0.01,1.2442452,0,nan,nan,0,3,0,1,10
25896000,1655588209269886,0,473977508,85456073,488175,488175,0.25,0.5,1.0,1.0,0.0,0.0,0,0,0.0,0.01,0.0,-0.04,0.19024087,0,nan,nan,0,3,0,1,10
26696000,1655588210065886,0,473977508,85456073,488168,488168,0.25,0.5,1.0,1.0,0.0,0.0,0,0,0.0,0.0,0.0,0.01,6.051231,0,nan,nan,0,3,0,1,10
27896000,1655588211269886,0,473977508,85456073,488177,488177,0.25,0.5,1.0,1.0,0.0,0.0,0,0,0.0,0.0,-0.01,-0.07,4.2615705,0,nan,nan,0,3,0,1,10
28692000,1655588212065886,0,473977508,85456073,488170,488170,0.25,0.5,1.0,1.0,0.0,0.0,0,0,0.0,0.0,0.01,0.02,1.844813,0,nan,nan,0,3,0,1,10
29892000,1655588213265886,0,473977508,85456073,488160,488160,0.25,0.5,1.0,1.0,0.0,0.0,0,0,0.0,0.01,0.0,0.04,5.8112483,0,nan,nan,0,3,0,1,10
30692000,1655588214065886,0,473977508,85456073,488156,488156,0.25,0.5,1.0,1.0,0.0,0.0,0,0,0.0,0.0,-0.02,-0.099999994,5.1106734,0,nan,nan,0,3,0,1,10
31896000,1655588215265886,0,473977508,85456073,488164,488164,0.25,0.5,1.0,1.0,0.0,0.0,0,0,0.0,0.01,-0.01,0.04,5.5559063,0,nan,nan,0,3,0,1,10
32692000,1655588216065886,0,473977508,85456073,488170,488170,0.25,0.5,1.0,1.0,0.0,0.0,0,0,0.0,0.02,0.01,-0.03,0.5237733,0,nan,nan,0,3,0,1,10
33892000,1655588217265886,0,473977508,85456072,488170,488170,0.25,0.5,1.0,1.0,0.0,0.0,0,0,0.0,-0.01,0.0,0.0,3.5800192,0,nan,nan,0,3,0,1,10
34692000,1655588218065886,0,473977508,85456073,488168,488168,0.25,0.5,1.0,1.0,0.0,0.0,0,0,0.0,0.0,0.02,-0.01,1.2850859,0,nan,nan,0,3,0,1,10
35896000,1655588219265886,0,473977508,85456073,488183,488183,0.25,0.5,1.0,1.0,0.0,0.0,0,0,0.0,0.01,0.0,-0.01,5.8058376,0,nan,nan,0,3,0,1,10
36692000,1655588220065886,0,473977508,85456073,488177,488177,0.25,0.5,1.0,1.0,0.0,0.0,0,0,0.0,0.01,0.0,-0.01,5.8644805,0,nan,nan,0,3,0,1,10
37892000,1655588221265886,0,473977508,85456073,488164,488164,0.25,0.5,1.0,1.0,0.0,0.0,0,0,0.0,0.01,0.0,0.0,0.44401175,0,nan,nan,0,3,0,1,10
38696000,1655588222065886,0,473977508,85456072,488178,488178,0.25,0.5,1.0,1.0,0.0,0.0,0,0,0.0,0.0,0.0,0.0,1.1487757,0,nan,nan,0,3,0,1,10
39896000,1655588223265886,0,473977508,85456072,488176,488176,0.25,0.5,1.0,1.0,0.0,0.0,0,0,0.0,0.0,0.0,0.0,1.3107423,0,nan,nan,0,3,0,1,10
40696000,1655588224065886,0,473977508,85456073,488164,488164,0.25,0.5,1.0,1.0,0.0,0.0,0,0,0.0,0.01,-0.01,-0.01,5.5412455,0,nan,nan,0,3,0,1,10
41896000,1655588225265886,0,473977508,85456073,488164,488164,0.25,0.5,1.0,1.0,0.0,0.0,0,0,0.0,0.0,0.01,-0.01,1.4014993,0,nan,nan,0,3,0,1,10
42696000,1655588226065886,0,473977508,85456073,488166,488166,0.25,0.5,1.0,1.0,0.0,0.0,0,0,0.0,-0.01,0.0,0.0,2.8710666,0,nan,nan,0,3,0,1,10
43892000,1655588227265886,0,473977508,85456073,488165,488165,0.25,0.5,1.0,1.0,0.0,0.0,0,0,0.0,0.0,0.01,0.04,1.3119639,0,nan,nan,0,3,0,1,10
44692000,1655588228065886,0,473977508,85456073,488176,488176,0.25,0.5,1.0,1.0,0.0,0.0,0,0,0.0,0.0,0.0,-0.03,2.0837486,0,nan,nan,0,3,0,1,10
45892000,1655588229265886,0,473977508,85456073,488165,488165,0.25,0.5,1.0,1.0,0.0,0.0,0,0,0.0,0.01,0.0,0.0,0.15236723,0,nan,nan,0,3,0,1,10
46696000,1655588230065886,0,473977508,85456073,488172,488172,0.25,0.5,1.0,1.0,0.0,0.0,0,0,0.0,0.0,0.0,0.0,4.6106358,0,nan,nan,0,3,0,1,10
47896000,1655588231265886,0,473977508,85456073,488171,488171,0.25,0.5,1.0,1.0,0.0,0.0,0,0,0.0,0.0,0.01,0.03,1.3079497,0,nan,nan,0,3,0,1,10
48696000,1655588232065886,0,473977508,85456073,488182,488182,0.25,0.5,1.0,1.0,0.0,0.0,0,0,0.0,0.0,0.0,0.0,1.778665,0,nan,nan,0,3,0,1,10
49896000,1655588233265886,0,473977508,85456073,488179,488179,0.25,0.5,1.0,1.0,0.0,0.0,0,0,0.0,-0.01,0.0,0.04,3.446327,0,nan,nan,0,3,0,1,10
50692000,1655588234065886,0,473977508,85456073,488174,488174,0.25,0.5,1.0,1.0,0.0,0.0,0,0,0.0,0.01,0.0,0.0,5.832716,0,nan,nan,0,3,0,1,10
51896000,1655588235265886,0,473977508,85456073,488175,488175,0.25,0.5,1.0,1.0,0.0,0.0,0,0,0.0,0.0,0.0,-0.04,6.0304613,0,nan,nan,0,3,0,1,10
52696000,1655588236065886,0,473977508,85456073,488178,488178,0.25,0.5,1.0,1.0,0.0,0.0,0,0,0.0,-0.02,0.0,0.0,2.964267,0,nan,nan,0,3,0,1,10
53896000,1655588237265886,0,473977508,85456072,488169,488169,0.25,0.5,1.0,1.0,0.0,0.0,0,0,0.0,0.02,0.0,-0.01,6.245661,0,nan,nan,0,3,0,1,10
54696000,1655588238065886,0,473977508,85456073,488165,488165,0.25,0.5,1.0,1.0,0.0,0.0,0,0,0.0,0.0,0.01,0.03,1.6837192,0,nan,nan,0,3,0,1,10
55892000,1655588239265886,0,473977508,85456073,488174,488174,0.25,0.5,1.0,1.0,0.0,0.0,0,0,0.0,0.0,0.02,0.02,1.6105897,0,nan,nan,0,3,0,1,10
56696000,1655588240065886,0,473977508,85456073,488175,488175,0.25,0.5,1.0,1.0,0.0,0.0,0,0,0.0,0.02,0.0,0.0,6.05699,0,nan,nan,0,3,0,1,10
57892000,1655588241265886,0,473977508,85456074,488173,488173,0.25,0.5,1.0,1.0,0.0,0.0,0,0,0.0,0.0,0.02,0.02,1.824218,0,nan,nan,0,3,0,1,10
58696000,1655588242065886,0,473977508,85456073,488166,488166,0.25,0.5,1.0,1.0,0.0,0.0,0,0,0.0,-0.01,0.0,0.01,2.941927,0,nan,nan,0,3,0,1,10
59896000,1655588243265886,0,473977508,85456073,488171,488171,0.25,0.5,1.0,1.0,0.0,0.0,0,0,0.0,0.01,0.01,0.0,0.59515727,0,nan,nan,0,3,0,1,10
60696000,1655588244065886,0,473977508,85456073,488179,488179,0.25,0.5,1.0,1.0,0.0,0.0,0,0,0.0,0.0,-0.02,0.0,4.3647194,0,nan,nan,0,3,0,1,10
61896000,1655588245269886,0,473977508,85456073,488173,488173,0.25,0.5,1.0,1.0,0.0,0.0,0,0,0.0,0.01,0.03,0.0,1.2124802,0,nan,nan,0,3,0,1,10
62692000,1655588246065886,0,473977508,85456073,488168,488168,0.25,0.5,1.0,1.0,0.0,0.0,0,0,0.0,0.0,0.01,0.03,1.8465582,0,nan,nan,0,3,0,1,10
63892000,1655588247269886,0,473977508,85456072,488167,488167,0.25,0.5,1.0,1.0,0.0,0.0,0,0,0.0,0.0,0.0,0.04,1.635548,0,nan,nan,0,3,0,1,10
64692000,1655588248065886,0,473977508,85456073,488165,488165,0.25,0.5,1.0,1.0,0.0,0.0,0,0,0.0,0.0,0.0,-0.049999997,6.1751494,0,nan,nan,0,3,0,1,10
65896000,1655588249269886,0,473977508,85456072,488168,488168,0.25,0.5,1.0,1.0,0.0,0.0,0,0,0.0,0.0,0.0,0.0,2.2813196,0,nan,nan,0,3,0,1,10
66696000,1655588250065886,0,473977508,85456073,488172,488172,0.25,0.5,1.0,1.0,0.0,0.0,0,0,0.0,0.0,-0.01,-0.06,4.329813,0,nan,nan,0,3,0,1,10
67896000,1655588251269886,0,473977508,85456073,488181,488181,0.25,0.5,1.0,1.0,0.0,0.0,0,0,0.0,0.01,0.02,0.0,1.0787879,0,nan,nan,0,3,0,1,10
68696000,1655588252065886,0,473977508,85456073,488180,488180,0.25,0.5,1.0,1.0,0.0,0.0,0,0,0.0,0.0,0.02,0.0,1.1889182,0,nan,nan,0,3,0,1,10
69896000,1655588253269886,0,473977508,85456073,488177,488177,0.25,0.5,1.0,1.0,0.0,0.0,0,0,0.0,0.0,0.0,0.02,3.7651987,0,nan,nan,0,3,0,1,10
70692000,1655588254065886,0,473977508,85456073,488176,488176,0.25,0.5,1.0,1.0,0.0,0.0,0,0,0.0,0.0,0.01,0.0,1.9997982,0,nan,nan,0,3,0,1,10
71892000,1655588255269886,0,473977508,85456073,488175,488175,0.25,0.5,1.0,1.0,0.0,0.0,0,0,0.0,-0.01,0.01,-0.03,2.174331,0,nan,nan,0,3,0,1,10
72692000,1655588256065886,0,473977508,85456074,488169,488169,0.25,0.5,1.0,1.0,0.0,0.0,0,0,0.0,0.0,0.01,0.0,1.0836749,0,nan,nan,0,3,0,1,10
73896000,1655588257269886,0,473977508,85456073,488169,488169,0.25,0.5,1.0,1.0,0.0,0.0,0,0,0.0,0.0,0.0,-0.01,0.8049458,0,nan,nan,0,3,0,1,10
74696000,1655588258065886,0,473977508,85456073,488172,488172,0.25,0.5,1.0,1.0,0.0,0.0,0,0,0.0,0.0,-0.01,0.03,4.9218283,0,nan,nan,0,3,0,1,10
75896000,1655588259269886,0,473977509,85456073,488169,488169,0.25,0.5,1.0,1.0,0.0,0.0,0,0,0.0,-0.01,0.0,-0.04,3.5676272,0,nan,nan,0,3,0,1,10
76696000,1655588260065886,0,473977508,85456073,488172,488172,0.25,0.5,1.0,1.0,0.0,0.0,0,0,0.0,0.01,0.0,0.0,0.26494098,0,nan,nan,0,3,0,1,10
77892000,1655588261269886,0,473977508,85456073,488160,488160,0.25,0.5,1.0,1.0,0.0,0.0,0,0,0.0,-0.01,-0.01,0.0,3.833092,0,nan,nan,0,3,0,1,10
78696000,1655588262065886,0,473977508,85456073,488175,488175,0.25,0.5,1.0,1.0,0.0,0.0,0,0,0.0,0.0,0.0,0.01,1.7481217,0,nan,nan,0,3,0,1,10
79896000,1655588263269886,0,473977508,85456073,488176,488176,0.25,0.5,1.0,1.0,0.0,0.0,0,0,0.0,0.0,0.0,0.02,3.1232667,0,nan,nan,0,3,0,1,10
80696000,1655588264065886,0,473977508,85456072,488165,488165,0.25,0.5,1.0,1.0,0.0,0.0,0,0,0.0,0.01,0.02,-0.01,1.0524335,0,nan,nan,0,3,0,1,10
81892000,1655588265269886,0,473977508,85456073,488165,488165,0.25,0.5,1.0,1.0,0.0,0.0,0,0,0.0,0.01,-0.03,-0.01,5.198987,0,nan,nan,0,3,0,1,10
82692000,1655588266065886,0,473977508,85456073,488163,488163,0.25,0.5,1.0,1.0,0.0,0.0,0,0,0.0,0.0,-0.01,0.02,5.315051,0,nan,nan,0,3,0,1,10
83896000,1655588267269886,0,473977508,85456072,488161,488161,0.25,0.5,1.0,1.0,0.0,0.0,0,0,0.0,0.0,-0.02,0.0,4.4191737,0,nan,nan,0,3,0,1,10
84696000,1655588268065886,0,473977507,85456073,488171,488171,0.25,0.5,1.0,1.0,0.0,0.0,0,0,0.0,0.0,-0.01,0.0,4.619014,0,nan,nan,0,3,0,1,10
85896000,1655588269269886,0,473977508,85456073,488173,488173,0.25,0.5,1.0,1.0,0.0,0.0,0,0,0.0,-0.01,-0.01,-0.02,4.105887,0,nan,nan,0,3,0,1,10
86696000,1655588270065886,0,473977508,85456073,488159,488159,0.25,0.5,1.0,1.0,0.0,0.0,0,0,0.0,0.01,0.02,0.01,0.8801695,0,nan,nan,0,3,0,1,10
87892000,1655588271269886,0,473977507,85456073,488175,488175,0.25,0.5,1.0,1.0,0.0,0.0,0,0,0.0,-0.01,-0.01,0.01,4.0071015,0,nan,nan,0,3,0,1,10
88696000,1655588272065886,0,473977508,85456073,488164,488164,0.25,0.5,1.0,1.0,0.0,0.0,0,0,0.0,0.0,0.0,0.01,1.9418532,0,nan,nan,0,3,0,1,10
89892000,1655588273269886,0,473977508,85456073,488172,488172,0.25,0.5,1.0,1.0,0.0,0.0,0,0,0.0,0.0,0.0,0.02,0.19617501,0,nan,nan,0,3,0,1,10
90692000,1655588274065886,0,473977508,85456073,488163,488163,0.25,0.5,1.0,1.0,0.0,0.0,0,0,0.0,0.0,0.0,-0.01,4.0315356,0,nan,nan,0,3,0,1,10
91896000,1655588275269886,0,473977508,85456072,488168,488168,0.25,0.5,1.0,1.0,0.0,0.0,0,0,0.0,0.01,0.0,0.0,0.18517943,0,nan,nan,0,3,0,1,10
92696000,1655588276065886,0,473977508,85456072,488176,488176,0.25,0.5,1.0,1.0,0.0,0.0,0,0,0.0,0.0,0.01,0.0,0.9707521,0,nan,nan,0,3,0,1,10
93892000,1655588277269886,0,473977508,85456073,488173,488173,0.25,0.5,1.0,1.0,0.0,0.0,0,0,0.0,0.0,0.01,-0.01,1.365022,0,nan,nan,0,3,0,1,10
94692000,1655588278065886,0,473977508,85456072,488171,488171,0.25,0.5,1.0,1.0,0.0,0.0,0,0,0.0,0.01,0.0,0.04,0.6021386,0,nan,nan,0,3,0,1,10
95896000,1655588279269886,0,473977508,85456073,488173,488173,0.25,0.5,1.0,1.0,0.0,0.0,0,0,0.0,0.0,0.0,0.049999997,1.2594295,0,nan,nan,0,3,0,1,10
96696000,1655588280065886,0,473977508,85456073,488163,488163,0.25,0.5,1.0,1.0,0.0,0.0,0,0,0.0,-0.01,0.0,0.0,3.68055,0,nan,nan,0,3,0,1,10
97896000,1655588281269886,0,473977507,85456073,488173,488173,0.25,0.5,1.0,1.0,0.0,0.0,0,0,0.0,0.0,0.01,0.0,1.6322318,0,nan,nan,0,3,0,1,10
98696000,1655588282065886,0,473977508,85456073,488168,488168,0.25,0.5,1.0,1.0,0.0,0.0,0,0,0.0,-0.02,0.01,0.02,2.6056018,0,nan,nan,0,3,0,1,10
99896000,1655588283269886,0,473977508,85456073,488166,488166,0.25,0.5,1.0,1.0,0.0,0.0,0,0,0.0,0.0,0.0,-0.04,4.782551,0,nan,nan,0,3,0,1,10
100696000,1655588284065886,0,473977508,85456073,488171,488171,0.25,0.5,1.0,1.0,0.0,0.0,0,0,0.0,-0.01,0.0,0.0,2.8934069,0,nan,nan,0,3,0,1,10
101892000,1655588285269886,0,473977508,85456073,488174,488174,0.25,0.5,1.0,1.0,0.0,0.0,0,0,0.0,0.0,0.0,-0.03,2.4767969,0,nan,nan,0,3,0,1,10
102696000,1655588286065886,0,473977508,85456073,488177,488177,0.25,0.5,1.0,1.0,0.0,0.0,0,0,0.0,0.0,-0.01,0.02,4.8244386,0,nan,nan,0,3,0,1,10
103892000,1655588287269886,0,473977508,85456073,488172,488172,0.25,0.5,1.0,1.0,0.0,0.0,0,0,0.0,-0.01,0.0,0.02,3.625398,0,nan,nan,0,3,0,1,10
104696000,1655588288065886,0,473977508,85456073,488164,488164,0.25,0.5,1.0,1.0,0.0,0.0,0,0,0.0,-0.01,0.01,-0.01,2.3420575,0,nan,nan,0,3,0,1,10
105896000,1655588289269886,0,473977508,85456072,488163,488163,0.25,0.5,1.0,1.0,0.0,0.0,0,0,0.0,0.01,-0.01,0.02,5.2792716,0,nan,nan,0,3,0,1,10
106696000,1655588290065886,0,473977508,85456073,488176,488176,0.25,0.5,1.0,1.0,0.0,0.0,0,0,0.0,0.0,0.0,-0.01,6.063972,0,nan,nan,0,3,0,1,10
107892000,1655588291269886,0,473977508,85456073,488171,488171,0.25,0.5,1.0,1.0,0.0,0.0,0,0,0.0,-0.01,0.0,0.02,3.3150785,0,nan,nan,0,3,0,1,10
108692000,1655588292065886,0,473977508,85456073,488164,488164,0.25,0.5,1.0,1.0,0.0,0.0,0,0,0.0,0.0,0.0,0.04,1.5973252,0,nan,nan,0,3,0,1,10
109896000,1655588293269886,0,473977508,85456073,488165,488165,0.25,0.5,1.0,1.0,0.0,0.0,0,0,0.0,0.0,-0.01,0.0,5.2660074,0,nan,nan,0,3,0,1,10
110696000,1655588294065886,0,473977508,85456073,488174,488174,0.25,0.5,1.0,1.0,0.0,0.0,0,0,0.0,0.0,-0.01,0.0,4.2990947,0,nan,nan,0,3,0,1,10
111892000,1655588295269886,0,473977508,85456072,488167,488167,0.25,0.5,1.0,1.0,0.0,0.0,0,0,0.0,0.0,0.01,0.01,2.1197023,0,nan,nan,0,3,0,1,10
112696000,1655588296065886,0,473977508,85456073,488169,488169,0.25,0.5,1.0,1.0,0.0,0.0,0,0,0.0,0.0,-0.01,-0.06,4.872261,0,nan,nan,0,3,0,1,10
113892000,1655588297269886,0,473977508,85456073,488169,488169,0.25,0.5,1.0,1.0,0.0,0.0,0,0,0.0,0.0,-0.02,0.0,5.079955,0,nan,nan,0,3,0,1,10
114696000,1655588298065886,0,473977508,85456073,488174,488174,0.25,0.5,1.0,1.0,0.0,0.0,0,0,0.0,0.0,-0.02,-0.01,4.6560144,0,nan,nan,0,3,0,1,10
115896000,1655588299269886,0,473977507,85456541,488192,488192,0.25,0.5,1.0,1.0,0.0,0.0,0,0,11.9,-0.13,11.88,-0.13,1.58249,0,nan,nan,0,3,0,1,10
116692000,1655588300065886,0,473977482,85458304,489892,489892,0.25,0.5,1.0,1.0,0.0,0.0,0,0,17.77,-0.41,17.77,-4.8199997,1.5938346,0,nan,nan,0,3,0,1,10
117896000,1655588301269886,0,473977440,85461178,497416,497416,0.25,0.5,1.0,1.0,0.0,0.0,0,0,18.09,-0.14999999,18.09,-6.8199997,1.5793484,0,nan,nan,0,3,0,1,10
118696000,1655588302065886,0,473977442,85463007,502552,502552,0.25,0.5,1.0,1.0,0.0,0.0,0,0,15.94,0.19999999,15.929999,-5.72,1.5578808,0,nan,nan,0,3,0,1,10
119896000,1655588303269886,0,473977480,85465254,507951,507951,0.25,0.5,1.0,1.0,0.0,0.0,0,0,12.5,0.45,12.469999,-3.5,1.5339699,0,nan,nan,0,3,0,1,10
120692000,1655588304065886,0,473977515,85466519,510511,510511,0.25,0.5,1.0,1.0,0.0,0.0,0,0,11.48,0.48999998,11.469999,-3.04,1.5273376,0,nan,nan,0,3,0,1,10
121896000,1655588305269886,0,473977573,85468294,513936,513936,0.25,0.5,1.0,1.0,0.0,0.0,0,0,10.76,0.55,10.76,-2.75,1.5191346,0,nan,nan,0,3,0,1,10
122696000,1655588306065886,0,473977613,85469421,516135,516135,0.25,0.5,1.0,1.0,0.0,0.0,0,0,10.55,0.53999996,10.53,-2.74,1.519309,0,nan,nan,0,3,0,1,10
123896000,1655588307269886,0,473977674,85471096,519484,519484,0.25,0.5,1.0,1.0,0.0,0.0,0,0,10.38,0.59,10.37,-2.78,1.513724,0,nan,nan,0,3,0,1,10
124696000,1655588308065886,0,473977728,85472190,521721,521721,0.25,0.5,1.0,1.0,0.0,0.0,0,0,10.25,1.3299999,10.19,-2.8899999,1.4402456,0,nan,nan,0,3,0,1,10
125896000,1655588309265886,0,473978223,85473598,525229,525229,0.25,0.5,1.0,1.0,0.0,0.0,0,0,10.3,7.71,6.79,-2.6699998,0.72186816,0,nan,nan,0,3,0,1,10
126692000,1655588310069886,0,473978910,85474059,527260,527260,0.25,0.5,1.0,1.0,0.0,0.0,0,0,10.79,10.74,1.3,-2.48,0.12095131,0,nan,nan,0,3,0,1,10
127892000,1655588311265886,0,473980107,85473595,528920,528920,0.25,0.5,1.0,1.0,0.0,0.0,0,0,12.92,10.719999,-7.19,0.04,5.691868,0,nan,nan,0,3,0,1,10
128696000,1655588312069886,0,473980695,85472457,529056,529056,0.25,0.5,1.0,1.0,0.0,0.0,0,0,14.16,4.5499997,-13.42,-0.58,5.0391145,0,nan,nan,0,3,0,1,10
129896000,1655588313265886,0,473980390,85470296,530786,530786,0.25,0.5,1.0,1.0,0.0,0.0,0,0,14.679999,-9.719999,-11.0199995,-2.1599998,3.9898224,0,nan,nan,0,3,0,1,10
130696000,1655588314069886,0,473979484,85469507,532767,532767,0.25,0.5,1.0,1.0,0.0,0.0,0,0,14.759999,-14.32,-3.59,-2.6799998,3.387335,0,nan,nan,0,3,0,1,10
131896000,1655588315265886,0,473977926,85469655,536133,536133,0.25,0.5,1.0,1.0,0.0,0.0,0,0,14.309999,-13.74,3.98,-2.29,2.8593729,0,nan,nan,0,3,0,1,10
132696000,1655588316069886,0,473976961,85470176,537396,537396,0.25,0.5,1.0,1.0,0.0,0.0,0,0,14.11,-13.03,5.45,-0.93,2.745403,0,nan,nan,0,3,0,1,10
133896000,1655588317265886,0,473975560,85471073,537973,537973,0.25,0.5,1.0,1.0,0.0,0.0,0,0,14.2,-13.11,5.48,-0.25,2.7452283,0,nan,nan,0,3,0,1,10
134696000,1655588318069886,0,473974597,85471621,538092,538092,0.25,0.5,1.0,1.0,0.0,0.0,0,0,14.259999,-13.49,4.68,-0.11,2.8075366,0,nan,nan,0,3,0,1,10
135896000,1655588319265886,0,473973113,85472255,538170,538170,0.25,0.5,1.0,1.0,0.0,0.0,0,0,14.36,-13.969999,3.32,0.01,2.9077184,0,nan,nan,0,3,0,1,10
136696000,1655588320069886,0,473972093,85472572,538192,538192,0.25,0.5,1.0,1.0,0.0,0.0,0,0,14.41,-14.17,2.6499999,-0.01,2.9564133,0,nan,nan,0,3,0,1,10
137896000,1655588321265886,0,473970557,85472945,538238,538238,0.25,0.5,1.0,1.0,0.0,0.0,0,0,14.41,-14.24,2.11,-0.07,2.9942868,0,nan,nan,0,3,0,1,10
138692000,1655588322069886,0,473969523,85473162,538258,538258,0.25,0.5,1.0,1.0,0.0,0.0,0,0,14.4,-14.259999,1.9599999,0.049999997,3.004584,0,nan,nan,0,3,0,1,10
139892000,1655588323265886,0,473967983,85473472,538276,538276,0.25,0.5,1.0,1.0,0.0,0.0,0,0,14.42,-14.28,1.91,-0.03,3.0080748,0,nan,nan,0,3,0,1,10
140696000,1655588324069886,0,473966946,85473682,538272,538272,0.25,0.5,1.0,1.0,0.0,0.0,0,0,14.42,-14.28,1.9599999,-0.02,3.004584,0,nan,nan,0,3,0,1,10
141892000,1655588325265886,0,473965405,85473999,538278,538278,0.25,0.5,1.0,1.0,0.0,0.0,0,0,14.45,-14.299999,2.0,0.01,3.0019662,0,nan,nan,0,3,0,1,10
142696000,1655588326069886,0,473964366,85474214,538284,538284,0.25,0.5,1.0,1.0,0.0,0.0,0,0,14.45,-14.33,2.01,0.02,3.0021408,0,nan,nan,0,3,0,1,10
143896000,1655588327265886,0,473962826,85474528,538322,538322,0.25,0.5,1.0,1.0,0.0,0.0,0,0,14.4,-14.259999,1.9599999,0.03,3.0044098,0,nan,nan,0,3,0,1,10
144696000,1655588328069886,0,473961790,85474738,538320,538320,0.25,0.5,1.0,1.0,0.0,0.0,0,0,14.41,-14.259999,1.9599999,-0.02,3.004584,0,nan,nan,0,3,0,1,10
145896000,1655588329265886,0,473960257,85475076,538313,538313,0.25,0.5,1.0,1.0,0.0,0.0,0,0,14.12,-13.78,3.1399999,-0.14,2.9171433,0,nan,nan,0,3,0,1,10
146696000,1655588330069886,0,473959331,85475669,538332,538332,0.25,0.5,1.0,1.0,0.0,0.0,0,0,14.059999,-11.33,8.33,0.22999999,2.507689,0,nan,nan,0,3,0,1,10
147892000,1655588331265886,0,473958608,85477597,537708,537708,0.25,0.5,1.0,1.0,0.0,0.0,0,0,14.53,-0.71,14.49,0.65999997,1.6200145,0,nan,nan,0,3,0,1,10
148696000,1655588332069886,0,473958899,85479077,537205,537205,0.25,0.5,1.0,1.0,0.0,0.0,0,0,14.759999,8.44,12.08,0.59,0.96080375,0,nan,nan,0,3,0,1,10
149892000,1655588333265886,0,473960258,85480210,536659,536659,0.25,0.5,1.0,1.0,0.0,0.0,0,0,15.009999,14.88,1.9399999,0.29999998,0.12967797,0,nan,nan,0,3,0,1,10
150692000,1655588334069886,0,473961342,85480150,536647,536647,0.25,0.5,1.0,1.0,0.0,0.0,0,0,14.91,14.7,-2.4299998,-0.35999998,6.11895,0,nan,nan,0,3,0,1,10
151892000,1655588335265886,0,473962879,85479652,537561,537561,0.25,0.5,1.0,1.0,0.0,0.0,0,0,14.299999,14.0199995,-2.87,-0.83,6.0812507,0,nan,nan,0,3,0,1,10
152692000,1655588336069886,0,473963898,85479421,538024,538024,0.25,0.5,1.0,1.0,0.0,0.0,0,0,14.2,14.139999,-1.3399999,-0.26,6.1880646,0,nan,nan,0,3,0,1,10
153896000,1655588337265886,0,473965436,85479432,538111,538111,0.25,0.5,1.0,1.0,0.0,0.0,0,0,14.36,14.2699995,1.41,0.08,0.0986111,0,nan,nan,0,3,0,1,10
154696000,1655588338069886,0,473966469,85479668,538071,538071,0.25,0.5,1.0,1.0,0.0,0.0,0,0,14.45,14.16,2.87,-0.02,0.19984019,0,nan,nan,0,3,0,1,10
155896000,1655588339265886,0,473967981,85480235,538128,538128,0.25,0.5,1.0,1.0,0.0,0.0,0,0,14.46,13.87,4.0499997,-0.08,0.28431413,0,nan,nan,0,3,0,1,10
156692000,1655588340069886,0,473968982,85480687,538189,538189,0.25,0.5,1.0,1.0,0.0,0.0,0,0,14.41,13.74,4.3199997,-0.049999997,0.30508354,0,nan,nan,0,3,0,1,10
157892000,1655588341265886,0,473970461,85481381,538234,538234,0.25,0.5,1.0,1.0,0.0,0.0,0,0,14.38,13.7,4.3399997,0.049999997,0.3070034,0,nan,nan,0,3,0,1,10
158696000,1655588342069886,0,473971458,85481845,538208,538208,0.25,0.5,1.0,1.0,0.0,0.0,0,0,14.429999,13.759999,4.31,0.06,0.30368727,0,nan,nan,0,3,0,1,10
159896000,1655588343265886,0,473972949,85482521,538173,538173,0.25,0.5,1.0,1.0,0.0,0.0,0,0,14.469999,13.87,4.2,0.02,0.29443702,0,nan,nan,0,3,0,1,10
160696000,1655588344069886,0,473973953,85482968,538168,538168,0.25,0.5,1.0,1.0,0.0,0.0,0,0,14.45,13.84,4.18,0.03,0.29338983,0,nan,nan,0,3,0,1,10
161896000,1655588345265886,0,473975448,85483629,538148,538148,0.25,0.5,1.0,1.0,0.0,0.0,0,0,14.46,13.86,4.14,-0.02,0.29059732,0,nan,nan,0,3,0,1,10
162696000,1655588346069886,0,473976452,85484073,538120,538120,0.25,0.5,1.0,1.0,0.0,0.0,0,0,14.45,13.849999,4.15,-0.04,0.29112092,0,nan,nan,0,3,0,1,10
163896000,1655588347265886,0,473977944,85484736,538082,538082,0.25,0.5,1.0,1.0,0.0,0.0,0,0,14.45,13.82,4.16,0.07,0.2926917,0,nan,nan,0,3,0,1,10
164696000,1655588348069886,0,473978947,85485186,538038,538038,0.25,0.5,1.0,1.0,0.0,0.0,0,0,14.48,13.84,4.2,0.049999997,0.29461157,0,nan,nan,0,3,0,1,10
165892000,1655588349265886,0,473980442,85485860,538029,538029,0.25,0.5,1.0,1.0,0.0,0.0,0,0,14.48,13.82,4.25,0.0,0.2984513,0,nan,nan,0,3,0,1,10
166692000,1655588350069886,0,473981447,85486313,538033,538033,0.25,0.5,1.0,1.0,0.0,0.0,0,0,14.48,13.849999,4.22,-0.04,0.2960078,0,nan,nan,0,3,0,1,10
167896000,1655588351265886,0,473982940,85486984,538037,538037,0.25,0.5,1.0,1.0,0.0,0.0,0,0,14.469999,13.86,4.21,-0.02,0.29496065,0,nan,nan,0,3,0,1,10
168696000,1655588352069886,0,473983944,85487435,538001,538001,0.25,0.5,1.0,1.0,0.0,0.0,0,0,14.49,13.86,4.2,0.02,0.29443702,0,nan,nan,0,3,0,1,10
169896000,1655588353265886,0,473985440,85488107,537997,537997,0.25,0.5,1.0,1.0,0.0,0.0,0,0,14.49,13.87,4.23,0.04,0.29653144,0,nan,nan,0,3,0,1,10
170696000,1655588354069886,0,473986445,85488560,537998,537998,0.25,0.5,1.0,1.0,0.0,0.0,0,0,14.5,13.86,4.24,0.0,0.29705504,0,nan,nan,0,3,0,1,10
171896000,1655588355265886,0,473987942,85489235,538017,538017,0.25,0.5,1.0,1.0,0.0,0.0,0,0,14.509999,13.86,4.24,-0.01,0.29722956,0,nan,nan,0,3,0,1,10
172696000,1655588356069886,0,473988948,85489689,538026,538026,0.25,0.5,1.0,1.0,0.0,0.0,0,0,14.49,13.86,4.24,0.0,0.29670596,0,nan,nan,0,3,0,1,10
173896000,1655588357265886,0,473990445,85490359,538016,538016,0.25,0.5,1.0,1.0,0.0,0.0,0,0,14.49,13.849999,4.29,0.01,0.30037114,0,nan,nan,0,3,0,1,10
174696000,1655588358069886,0,473991391,85490948,538187,538187,0.25,0.5,1.0,1.0,0.0,0.0,0,0,14.009999,11.88,7.3999996,-0.19999999,0.5571091,0,nan,nan,0,3,0,1,10
175896000,1655588359265886,0,473992266,85492716,537948,537948,0.25,0.5,1.0,1.0,0.0,0.0,0,0,14.309999,2.99,13.99,0.48999998,1.3599606,0,nan,nan,0,3,0,1,10
176692000,1655588360069886,0,473992156,85494230,537542,537542,0.25,0.5,1.0,1.0,0.0,0.0,0,0,14.589999,-6.0099998,13.2699995,0.48999998,1.9963075,0,nan,nan,0,3,0,1,10
177892000,1655588361265886,0,473990964,85495670,537037,537037,0.25,0.5,1.0,1.0,0.0,0.0,0,0,14.889999,-14.34,3.99,0.35,2.870194,0,nan,nan,0,3,0,1,10
178692000,1655588362069886,0,473989889,85495768,536896,536896,0.25,0.5,1.0,1.0,0.0,0.0,0,0,14.95,-14.86,-1.5899999,-0.04,3.2485812,0,nan,nan,0,3,0,1,10
179896000,1655588363265886,0,473988341,85495249,537529,537529,0.25,0.5,1.0,1.0,0.0,0.0,0,0,14.469999,-13.96,-3.77,-0.82,3.4056609,0,nan,nan,0,3,0,1,10
180692000,1655588364069886,0,473987328,85494888,538051,538051,0.25,0.5,1.0,1.0,0.0,0.0,0,0,14.299999,-14.03,-2.76,-0.47,3.3361967,0,nan,nan,0,3,0,1,10
181896000,1655588365265886,0,473985794,85494637,538254,538254,0.25,0.5,1.0,1.0,0.0,0.0,0,0,14.4,-14.4,-0.32,0.04,3.163758,0,nan,nan,0,3,0,1,10
182696000,1655588366069886,0,473984747,85494688,538216,538216,0.25,0.5,1.0,1.0,0.0,0.0,0,0,14.48,-14.41,1.1899999,0.01,3.0585148,0,nan,nan,0,3,0,1,10
183896000,1655588367265886,0,473983198,85495005,538245,538245,0.25,0.5,1.0,1.0,0.0,0.0,0,0,14.46,-14.23,2.59,-0.089999996,2.9614744,0,nan,nan,0,3,0,1,10
184696000,1655588368069886,0,473982171,85495307,538315,538315,0.25,0.5,1.0,1.0,0.0,0.0,0,0,14.429999,-14.12,3.0,-0.049999997,2.9316297,0,nan,nan,0,3,0,1,10
185896000,1655588369265886,0,473980652,85495799,538349,538349,0.25,0.5,1.0,1.0,0.0,0.0,0,0,14.41,-14.07,3.1299999,0.03,2.9225538,0,nan,nan,0,3,0,1,10
186696000,1655588370069886,0,473979631,85496131,538333,538333,0.25,0.5,1.0,1.0,0.0,0.0,0,0,14.429999,-14.07,3.06,0.0,2.926917,0,nan,nan,0,3,0,1,10
187896000,1655588371265886,0,473978109,85496613,538327,538327,0.25,0.5,1.0,1.0,0.0,0.0,0,0,14.429999,-14.11,2.96,0.0,2.9342475,0,nan,nan,0,3,0,1,10
188696000,1655588372069886,0,473977083,85496929,538296,538296,0.25,0.5,1.0,1.0,0.0,0.0,0,0,14.45,-14.139999,2.9299998,-0.03,2.9366908,0,nan,nan,0,3,0,1,10
189892000,1655588373265886,0,473975555,85497397,538262,538262,0.25,0.5,1.0,1.0,0.0,0.0,0,0,14.49,-14.2,2.95,0.02,2.935993,0,nan,nan,0,3,0,1,10
190696000,1655588374069886,0,473974525,85497714,538240,538240,0.25,0.5,1.0,1.0,0.0,0.0,0,0,14.49,-14.17,2.95,0.01,2.9358182,0,nan,nan,0,3,0,1,10
191896000,1655588375265886,0,473972996,85498186,538218,538218,0.25,0.5,1.0,1.0,0.0,0.0,0,0,14.49,-14.179999,2.99,0.0,2.9335494,0,nan,nan,0,3,0,1,10
192696000,1655588376069886,0,473971968,85498509,538220,538220,0.25,0.5,1.0,1.0,0.0,0.0,0,0,14.469999,-14.16,3.0,0.0,2.9323275,0,nan,nan,0,3,0,1,10
193896000,1655588377265886,0,473970439,85498989,538206,538206,0.25,0.5,1.0,1.0,0.0,0.0,0,0,14.5,-14.15,3.04,0.0,2.929535,0,nan,nan,0,3,0,1,10
194692000,1655588378069886,0,473969411,85499314,538193,538193,0.25,0.5,1.0,1.0,0.0,0.0,0,0,14.5199995,-14.21,3.04,0.03,2.9307568,0,nan,nan,0,3,0,1,10
195896000,1655588379265886,0,473967880,85499795,538238,538238,0.25,0.5,1.0,1.0,0.0,0.0,0,0,14.48,-14.15,3.02,-0.03,2.9307568,0,nan,nan,0,3,0,1,10
196696000,1655588380069886,0,473966854,85500115,538243,538243,0.25,0.5,1.0,1.0,0.0,0.0,0,0,14.45,-14.12,3.02,0.0,2.9304078,0,nan,nan,0,3,0,1,10
197896000,1655588381265886,0,473965452,85500951,538290,538290,0.25,0.5,1.0,1.0,0.0,0.0,0,0,14.11,-11.03,8.79,0.24,2.4682446,0,nan,nan,0,3,0,1,10
198696000,1655588382069886,0,473964850,85502172,537929,537929,0.25,0.5,1.0,1.0,0.0,0.0,0,0,14.44,-5.06,13.5199995,0.57,1.9287633,0,nan,nan,0,3,0,1,10
199896000,1655588383265886,0,473964922,85504456,537198,537198,0.25,0.5,1.0,1.0,0.0,0.0,0,0,14.929999,5.96,13.67,0.48999998,1.1592476,0,nan,nan,0,3,0,1,10
200692000,1655588384069886,0,473965538,85505768,537004,537004,0.25,0.5,1.0,1.0,0.0,0.0,0,0,14.969999,10.41,10.76,-0.049999997,0.80180424,0,nan,nan,0,3,0,1,10
201896000,1655588385265886,0,473966788,85507226,537530,537530,0.25,0.5,1.0,1.0,0.0,0.0,0,0,14.58,12.09,8.09,-0.62,0.5897468,0,nan,nan,0,3,0,1,10
202696000,1655588386069886,0,473967663,85508079,538003,538003,0.25,0.5,1.0,1.0,0.0,0.0,0,0,14.37,11.95,7.95,-0.48,0.58712876,0,nan,nan,0,3,0,1,10
203896000,1655588387265886,0,473968924,85509403,538279,538279,0.25,0.5,1.0,1.0,0.0,0.0,0,0,14.37,11.38,8.73,-0.08,0.65449846,0,nan,nan,0,3,0,1,10
204692000,1655588388069886,0,473969735,85510377,538282,538282,0.25,0.5,1.0,1.0,0.0,0.0,0,0,14.429999,10.95,9.38,0.0,0.7082546,0,nan,nan,0,3,0,1,10
205892000,1655588389265886,0,473970890,85511923,538276,538276,0.25,0.5,1.0,1.0,0.0,0.0,0,0,14.45,10.5,9.94,0.02,0.75834554,0,nan,nan,0,3,0,1,10
206696000,1655588390069886,0,473971644,85512997,538293,538293,0.25,0.5,1.0,1.0,0.0,0.0,0,0,14.46,10.349999,10.099999,0.03,0.77318084,0,nan,nan,0,3,0,1,10
207896000,1655588391265886,0,473972753,85514614,538293,538293,0.25,0.5,1.0,1.0,0.0,0.0,0,0,14.42,10.25,10.15,-0.01,0.78016216,0,nan,nan,0,3,0,1,10
208692000,1655588392069886,0,473973496,85515704,538269,538269,0.25,0.5,1.0,1.0,0.0,0.0,0,0,14.45,10.2,10.23,0.03,0.78679436,0,nan,nan,0,3,0,1,10
209896000,1655588393265886,0,473974541,85517407,538305,538305,0.25,0.5,1.0,1.0,0.0,0.0,0,0,14.42,8.98,11.28,-0.03,0.8981464,0,nan,nan,0,3,0,1,10
210696000,1655588394069886,0,473975143,85518672,538325,538325,0.25,0.5,1.0,1.0,0.0,0.0,0,0,14.44,7.6,12.2699995,-0.01,1.0157815,0,nan,nan,0,3,0,1,10
211896000,1655588395265886,0,473975845,85520725,538329,538329,0.25,0.5,1.0,1.0,0.0,0.0,0,0,14.45,5.5099998,13.36,-0.02,1.179668,0,nan,nan,0,3,0,1,10
212692000,1655588396069886,0,473976203,85522179,538332,538332,0.25,0.5,1.0,1.0,0.0,0.0,0,0,14.429999,4.43,13.73,-0.03,1.2580334,0,nan,nan,0,3,0,1,10
213892000,1655588397265886,0,473976628,85524391,538357,538357,0.25,0.5,1.0,1.0,0.0,0.0,0,0,14.429999,3.57,13.99,0.0,1.3208652,0,nan,nan,0,3,0,1,10
214696000,1655588398069886,0,473976877,85525894,538350,538350,0.25,0.5,1.0,1.0,0.0,0.0,0,0,14.469999,3.36,14.09,0.02,1.3362241,0,nan,nan,0,3,0,1,10
215896000,1655588399265886,0,473977234,85528139,538391,538391,0.25,0.5,1.0,1.0,0.0,0.0,0,0,14.45,3.27,14.09,-0.049999997,1.3425072,0,nan,nan,0,3,0,1,10
216696000,1655588400069886,0,473977472,85529646,538416,538416,0.25,0.5,1.0,1.0,0.0,0.0,0,0,14.44,3.27,14.04,-0.01,1.3414601,0,nan,nan,0,3,0,1,10
217892000,1655588401265886,0,473977834,85531888,538406,538406,0.25,0.5,1.0,1.0,0.0,0.0,0,0,14.48,3.37,14.07,-0.02,1.3357004,0,nan,nan,0,3,0,1,10
218696000,1655588402069886,0,473978078,85533396,538410,538410,0.25,0.5,1.0,1.0,0.0,0.0,0,0,14.45,3.37,14.049999,-0.02,1.3351768,0,nan,nan,0,3,0,1,10
219896000,1655588403265886,0,473978441,85535636,538409,538409,0.25,0.5,1.0,1.0,0.0,0.0,0,0,14.46,3.35,14.07,0.06,1.3367476,0,nan,nan,0,3,0,1,10
220696000,1655588404069886,0,473978684,85537144,538396,538396,0.25,0.5,1.0,1.0,0.0,0.0,0,0,14.469999,3.33,14.07,0.0,1.338144,0,nan,nan,0,3,0,1,10
221896000,1655588405265886,0,473979020,85539395,538416,538416,0.25,0.5,1.0,1.0,0.0,0.0,0,0,14.429999,2.37,14.219999,-0.08,1.4055136,0,nan,nan,0,3,0,1,10
222692000,1655588406069886,0,473979121,85540932,538467,538467,0.25,0.5,1.0,1.0,0.0,0.0,0,0,14.41,0.26,14.42,0.0,1.5524703,0,nan,nan,0,3,0,1,10
223896000,1655588407265886,0,473978943,85543209,538442,538442,0.25,0.5,1.0,1.0,0.0,0.0,0,0,14.45,-3.51,14.009999,0.049999997,1.8163642,0,nan,nan,0,3,0,1,10
224692000,1655588408069886,0,473978609,85544678,538380,538380,0.25,0.5,1.0,1.0,0.0,0.0,0,0,14.5,-5.6,13.38,0.089999996,1.966986,0,nan,nan,0,3,0,1,10
225896000,1655588409265886,0,473977895,85546730,538343,538343,0.25,0.5,1.0,1.0,0.0,0.0,0,0,14.49,-7.3999996,12.469999,0.02,2.1066124,0,nan,nan,0,3,0,1,10
226696000,1655588410069886,0,473977335,85548042,538346,538346,0.25,0.5,1.0,1.0,0.0,0.0,0,0,14.48,-7.96,12.09,-0.02,2.1530383,0,nan,nan,0,3,0,1,10
227896000,1655588411265886,0,473976459,85549949,538349,538349,0.25,0.5,1.0,1.0,0.0,0.0,0,0,14.45,-8.179999,11.91,0.03,2.1725857,0,nan,nan,0,3,0,1,10
228692000,1655588412069886,0,473975864,85551225,538327,538327,0.25,0.5,1.0,1.0,0.0,0.0,0,0,14.46,-8.179999,11.92,0.04,2.1722367,0,nan,nan,0,3,0,1,10
229896000,1655588413265886,0,473974985,85553133,538266,538266,0.25,0.5,1.0,1.0,0.0,0.0,0,0,14.49,-8.08,12.03,0.06,2.162114,0,nan,nan,0,3,0,1,10
230696000,1655588414069886,0,473974401,85554421,538239,538239,0.25,0.5,1.0,1.0,0.0,0.0,0,0,14.469999,-8.0199995,12.04,0.0,2.1584487,0,nan,nan,0,3,0,1,10
231892000,1655588415265886,0,473973538,85556344,538182,538182,0.25,0.5,1.0,1.0,0.0,0.0,0,0,14.48,-8.0,12.11,0.0,2.154609,0,nan,nan,0,3,0,1,10
232692000,1655588416069886,0,473972959,85557639,538176,538176,0.25,0.5,1.0,1.0,0.0,0.0,0,0,14.469999,-7.96,12.07,0.02,2.1540854,0,nan,nan,0,3,0,1,10
233892000,1655588417265886,0,473972080,85559548,538132,538132,0.25,0.5,1.0,1.0,0.0,0.0,0,0,14.48,-8.559999,11.679999,-0.01,2.2033036,0,nan,nan,0,3,0,1,10
234696000,1655588418069886,0,473971422,85560755,538129,538129,0.25,0.5,1.0,1.0,0.0,0.0,0,0,14.48,-9.65,10.78,0.07,2.3008676,0,nan,nan,0,3,0,1,10
235896000,1655588419265886,0,473970281,85562330,538091,538091,0.25,0.5,1.0,1.0,0.0,0.0,0,0,14.49,-11.4,8.929999,0.049999997,2.476622,0,nan,nan,0,3,0,1,10
236696000,1655588420069886,0,473969421,85563221,538059,538059,0.25,0.5,1.0,1.0,0.0,0.0,0,0,14.5,-12.25,7.75,0.01,2.5773277,0,nan,nan,0,3,0,1,10
237896000,1655588421265886,0,473968054,85564355,538018,538018,0.25,0.5,1.0,1.0,0.0,0.0,0,0,14.54,-12.95,6.58,0.01,2.6710517,0,nan,nan,0,3,0,1,10
238692000,1655588422069886,0,473967106,85565036,537986,537986,0.25,0.5,1.0,1.0,0.0,0.0,0,0,14.53,-13.16,6.18,0.01,2.7022934,0,nan,nan,0,3,0,1,10
239892000,1655588423265886,0,473965681,85565999,537965,537965,0.25,0.5,1.0,1.0,0.0,0.0,0,0,14.5,-13.21,5.96,0.049999997,2.7171285,0,nan,nan,0,3,0,1,10
240696000,1655588424069886,0,473964723,85566636,537938,537938,0.25,0.5,1.0,1.0,0.0,0.0,0,0,14.469999,-13.15,6.0299997,0.04,2.7111943,0,nan,nan,0,3,0,1,10
241896000,1655588425265886,0,473963491,85567933,537928,537928,0.25,0.5,1.0,1.0,0.0,0.0,0,0,14.16,-8.53,11.309999,0.32999998,2.2170918,0,nan,nan,0,3,0,1,10
242696000,1655588426069886,0,473963127,85569348,537527,537527,0.25,0.5,1.0,1.0,0.0,0.0,0,0,14.5,-1.05,14.429999,0.64,1.6435765,0,nan,nan,0,3,0,1,10
243896000,1655588427265886,0,473963748,85571404,536775,536775,0.25,0.5,1.0,1.0,0.0,0.0,0,0,14.88,11.759999,9.099999,0.48999998,0.6583381,0,nan,nan,0,3,0,1,10
244696000,1655588428069886,0,473964756,85571921,536425,536425,0.25,0.5,1.0,1.0,0.0,0.0,0,0,15.04,15.009999,0.5,0.31,0.033161256,0,nan,nan,0,3,0,1,10
245892000,1655588429265886,0,473966286,85571201,536317,536317,0.25,0.5,1.0,1.0,0.0,0.0,0,0,15.04,12.7699995,-7.93,-0.31,5.7271233,0,nan,nan,0,3,0,1,10
246692000,1655588430069886,0,473967157,85570274,536888,536888,0.25,0.5,1.0,1.0,0.0,0.0,0,0,14.53,11.559999,-8.82,-1.01,5.6309557,0,nan,nan,0,3,0,1,10
247896000,1655588431265886,0,473968433,85568991,537871,537871,0.25,0.5,1.0,1.0,0.0,0.0,0,0,14.23,12.37,-7.02,-0.39,5.7669168,0,nan,nan,0,3,0,1,10
248696000,1655588432069886,0,473969367,85568336,538029,538029,0.25,0.5,1.0,1.0,0.0,0.0,0,0,14.32,13.309999,-5.22,-0.06,5.90951,0,nan,nan,0,3,0,1,10
249892000,1655588433265886,0,473970860,85567713,538016,538016,0.25,0.5,1.0,1.0,0.0,0.0,0,0,14.46,14.2,-2.71,-0.02,6.0939918,0,nan,nan,0,3,0,1,10
250696000,1655588434069886,0,473971897,85567480,538047,538047,0.25,0.5,1.0,1.0,0.0,0.0,0,0,14.46,14.349999,-1.68,-0.08,6.1658993,0,nan,nan,0,3,0,1,10
251892000,1655588435265886,0,473973448,85567275,538133,538133,0.25,0.5,1.0,1.0,0.0,0.0,0,0,14.41,14.38,-1.01,-0.02,6.212499,0,nan,nan,0,3,0,1,10
252696000,1655588436069886,0,473974492,85567173,538172,538172,0.25,0.5,1.0,1.0,0.0,0.0,0,0,14.42,14.41,-0.9,-0.04,6.220528,0,nan,nan,0,3,0,1,10
253896000,1655588437265886,0,473976046,85567024,538177,538177,0.25,0.5,1.0,1.0,0.0,0.0,0,0,14.44,14.4,-1.01,0.0,6.212499,0,nan,nan,0,3,0,1,10
254696000,1655588438069886,0,473977092,85566914,538196,538196,0.25,0.5,1.0,1.0,0.0,0.0,0,0,14.469999,14.42,-1.0799999,0.01,6.2083106,0,nan,nan,0,3,0,1,10
255892000,1655588439265886,0,473978647,85566736,538246,538246,0.25,0.5,1.0,1.0,0.0,0.0,0,0,14.46,14.41,-1.16,-0.02,6.2027254,0,nan,nan,0,3,0,1,10
256696000,1655588440069886,0,473979693,85566609,538256,538256,0.25,0.5,1.0,1.0,0.0,0.0,0,0,14.469999,14.42,-1.1899999,-0.03,6.2001076,0,nan,nan,0,3,0,1,10
257896000,1655588441265886,0,473981247,85566423,538292,538292,0.25,0.5,1.0,1.0,0.0,0.0,0,0,14.42,14.38,-1.16,0.0,6.2023764,0,nan,nan,0,3,0,1,10
258696000,1655588442069886,0,473982290,85566300,538289,538289,0.25,0.5,1.0,1.0,0.0,0.0,0,0,14.45,14.42,-1.13,0.02,6.2048197,0,nan,nan,0,3,0,1,10
259892000,1655588443265886,0,473983846,85566123,538251,538251,0.25,0.5,1.0,1.0,0.0,0.0,0,0,14.48,14.44,-1.1,0.03,6.2069144,0,nan,nan,0,3,0,1,10
260692000,1655588444069886,0,473984893,85566006,538237,538237,0.25,0.5,1.0,1.0,0.0,0.0,0,0,14.46,14.41,-1.09,-0.03,6.2072635,0,nan,nan,0,3,0,1,10
261892000,1655588445265886,0,473986448,85565833,538189,538189,0.25,0.5,1.0,1.0,0.0,0.0,0,0,14.44,14.42,-1.0799999,0.02,6.2079616,0,nan,nan,0,3,0,1,10
262692000,1655588446069886,0,473987492,85565714,538153,538153,0.25,0.5,1.0,1.0,0.0,0.0,0,0,14.45,14.389999,-1.12,0.04,6.205169,0,nan,nan,0,3,0,1,10
263896000,1655588447265886,0,473989049,85565536,538082,538082,0.25,0.5,1.0,1.0,0.0,0.0,0,0,14.48,14.44,-1.13,0.06,6.204994,0,nan,nan,0,3,0,1,10
264696000,1655588448069886,0,473990096,85565416,538038,538038,0.25,0.5,1.0,1.0,0.0,0.0,0,0,14.469999,14.42,-1.12,0.04,6.204994,0,nan,nan,0,3,0,1,10
265896000,1655588449265886,0,473991652,85565239,537969,537969,0.25,0.5,1.0,1.0,0.0,0.0,0,0,14.48,14.45,-1.0799999,0.06,6.2079616,0,nan,nan,0,3,0,1,10
266696000,1655588450069886,0,473992682,85565252,538062,538062,0.25,0.5,1.0,1.0,0.0,0.0,0,0,14.04,13.87,2.1399999,-0.19999999,0.15358898,0,nan,nan,0,3,0,1,10
267896000,1655588451265886,0,473994005,85566284,537883,537883,0.25,0.5,1.0,1.0,0.0,0.0,0,0,14.34,9.599999,10.69,0.47,0.8389798,0,nan,nan,0,3,0,1,10
268692000,1655588452069886,0,473994497,85567644,537459,537459,0.25,0.5,1.0,1.0,0.0,0.0,0,0,14.67,3.86,14.139999,0.55,1.3039354,0,nan,nan,0,3,0,1,10
269892000,1655588453265886,0,473994484,85569979,537097,537097,0.25,0.5,1.0,1.0,0.0,0.0,0,0,14.83,-3.37,14.46,0.02,1.8001325,0,nan,nan,0,3,0,1,10
270692000,1655588454069886,0,473994148,85571478,537266,537266,0.25,0.5,1.0,1.0,0.0,0.0,0,0,14.679999,-5.5299997,13.599999,-0.34,1.9573866,0,nan,nan,0,3,0,1,10
271892000,1655588455265886,0,473993498,85573593,537665,537665,0.25,0.5,1.0,1.0,0.0,0.0,0,0,14.5,-6.18,13.099999,-0.28,2.011492,0,nan,nan,0,3,0,1,10
272692000,1655588456069886,0,473993059,85575004,537801,537801,0.25,0.5,1.0,1.0,0.0,0.0,0,0,14.49,-5.89,13.25,-0.08,1.9889772,0,nan,nan,0,3,0,1,10
273896000,1655588457265886,0,473992461,85577140,537830,537830,0.25,0.5,1.0,1.0,0.0,0.0,0,0,14.5199995,-5.18,13.53,0.02,1.9367919,0,nan,nan,0,3,0,1,10
274696000,1655588458069886,0,473992100,85578603,537833,537833,0.25,0.5,1.0,1.0,0.0,0.0,0,0,14.53,-4.7999997,13.71,0.01,1.9074703,0,nan,nan,0,3,0,1,10
275896000,1655588459265886,0,473991601,85580797,537816,537816,0.25,0.5,1.0,1.0,0.0,0.0,0,0,14.54,-4.5099998,13.84,0.0,1.8861773,0,nan,nan,0,3,0,1,10
276692000,1655588460069886,0,473991277,85582279,537819,537819,0.25,0.5,1.0,1.0,0.0,0.0,0,0,14.53,-4.39,13.83,0.0,1.8783232,0,nan,nan,0,3,0,1,10
277896000,1655588461265886,0,473990799,85584485,537805,537805,0.25,0.5,1.0,1.0,0.0,0.0,0,0,14.549999,-4.43,13.849999,0.01,1.8804177,0,nan,nan,0,3,0,1,10
278696000,1655588462069886,0,473990475,85585969,537777,537777,0.25,0.5,1.0,1.0,0.0,0.0,0,0,14.53,-4.45,13.83,-0.03,1.8821629,0,nan,nan,0,3,0,1,10
279896000,1655588463265886,0,473989991,85588169,537783,537783,0.25,0.5,1.0,1.0,0.0,0.0,0,0,14.509999,-4.49,13.78,0.04,1.8854792,0,nan,nan,0,3,0,1,10
280692000,1655588464069886,0,473989666,85589648,537735,537735,0.25,0.5,1.0,1.0,0.0,0.0,0,0,14.509999,-4.35,13.849999,0.04,1.8751817,0,nan,nan,0,3,0,1,10
281896000,1655588465265886,0,473989271,85591885,537702,537702,0.25,0.5,1.0,1.0,0.0,0.0,0,0,14.5199995,-2.71,14.259999,0.03,1.7584192,0,nan,nan,0,3,0,1,10
282696000,1655588466069886,0,473989133,85593428,537655,537655,0.25,0.5,1.0,1.0,0.0,0.0,0,0,14.559999,-1.06,14.5199995,0.049999997,1.6439255,0,nan,nan,0,3,0,1,10
283896000,1655588467265886,0,473989144,85595749,537591,537591,0.25,0.5,1.0,1.0,0.0,0.0,0,0,14.58,1.16,14.53,0.08,1.4905112,0,nan,nan,0,3,0,1,10
284696000,1655588468069886,0,473989268,85597301,537594,537594,0.25,0.5,1.0,1.0,0.0,0.0,0,0,14.57,2.1699998,14.42,0.01,1.4208724,0,nan,nan,0,3,0,1,10
285892000,1655588469265886,0,473989553,85599582,537640,537640,0.25,0.5,1.0,1.0,0.0,0.0,0,0,14.549999,2.97,14.25,0.0,1.3651966,0,nan,nan,0,3,0,1,10
286692000,1655588470069886,0,473989778,85601106,537663,537663,0.25,0.5,1.0,1.0,0.0,0.0,0,0,14.54,3.1499999,14.19,-0.07,1.3521066,0,nan,nan,0,3,0,1,10
287892000,1655588471265886,0,473990123,85603365,537739,537739,0.25,0.5,1.0,1.0,0.0,0.0,0,0,14.53,3.22,14.179999,-0.049999997,1.3472196,0,nan,nan,0,3,0,1,10
288692000,1655588472069886,0,473990355,85604884,537774,537774,0.25,0.5,1.0,1.0,0.0,0.0,0,0,14.53,3.1599998,14.19,-0.06,1.3510593,0,nan,nan,0,3,0,1,10
289892000,1655588473265886,0,473990694,85607145,537813,537813,0.25,0.5,1.0,1.0,0.0,0.0,0,0,14.53,3.09,14.21,-0.03,1.3564699,0,nan,nan,0,3,0,1,10
290696000,1655588474069886,0,473990919,85608665,537857,537857,0.25,0.5,1.0,1.0,0.0,0.0,0,0,14.5,3.24,14.13,-0.08,1.3452998,0,nan,nan,0,3,0,1,10
291892000,1655588475265886,0,473991352,85610882,537913,537913,0.25,0.5,1.0,1.0,0.0,0.0,0,0,14.49,5.06,13.59,-0.02,1.2138764,0,nan,nan,0,3,0,1,10
292696000,1655588476069886,0,473991788,85612295,537893,537893,0.25,0.5,1.0,1.0,0.0,0.0,0,0,14.53,6.94,12.759999,0.02,1.0721557,0,nan,nan,0,3,0,1,10
293896000,1655588477265886,0,473992669,85614209,537871,537871,0.25,0.5,1.0,1.0,0.0,0.0,0,0,14.549999,9.24,11.24,0.04,0.8831366,0,nan,nan,0,3,0,1,10
294692000,1655588478069886,0,473993377,85615364,537875,537875,0.25,0.5,1.0,1.0,0.0,0.0,0,0,14.549999,10.179999,10.37,-0.07,0.7944739,0,nan,nan,0,3,0,1,10
295896000,1655588479265886,0,473994520,85616948,537962,537962,0.25,0.5,1.0,1.0,0.0,0.0,0,0,14.5,10.87,9.61,-0.099999994,0.72378796,0,nan,nan,0,3,0,1,10
296696000,1655588480069886,0,473995313,85617966,538025,538025,0.25,0.5,1.0,1.0,0.0,0.0,0,0,14.48,11.01,9.4,-0.06,0.7065093,0,nan,nan,0,3,0,1,10
297892000,1655588481265886,0,473996503,85619463,538088,538088,0.25,0.5,1.0,1.0,0.0,0.0,0,0,14.48,11.04,9.38,-0.07,0.7042403,0,nan,nan,0,3,0,1,10
298696000,1655588482069886,0,473997301,85620471,538122,538122,0.25,0.5,1.0,1.0,0.0,0.0,0,0,14.44,11.0199995,9.29,-0.089999996,0.7005752,0,nan,nan,0,3,0,1,10
299896000,1655588483265886,0,473998618,85621594,538170,538170,0.25,0.5,1.0,1.0,0.0,0.0,0,0,14.25,13.679999,3.9099998,0.26999998,0.27838,0,nan,nan,0,3,0,1,10
300692000,1655588484069886,0,473999652,85621705,537876,537876,0.25,0.5,1.0,1.0,0.0,0.0,0,0,14.54,14.42,-1.92,0.45,6.150715,0,nan,nan,0,3,0,1,10
301896000,1655588485265886,0,474001085,85620764,537387,537387,0.25,0.5,1.0,1.0,0.0,0.0,0,0,14.82,11.599999,-9.21,0.22999999,5.6119313,0,nan,nan,0,3,0,1,10
302692000,1655588486069886,0,474001835,85619633,537358,537358,0.25,0.5,1.0,1.0,0.0,0.0,0,0,14.759999,9.179999,-11.58,-0.16,5.382595,0,nan,nan,0,3,0,1,10
303896000,1655588487265886,0,474002703,85617686,537743,537743,0.25,0.5,1.0,1.0,0.0,0.0,0,0,14.5199995,7.2799997,-12.55,-0.39,5.238257,0,nan,nan,0,3,0,1,10
304692000,1655588488069886,0,474003221,85616337,538001,538001,0.25,0.5,1.0,1.0,0.0,0.0,0,0,14.429999,7.0699997,-12.599999,-0.22999999,5.223596,0,nan,nan,0,3,0,1,10
305896000,1655588489265886,0,474003993,85614340,538136,538136,0.25,0.5,1.0,1.0,0.0,0.0,0,0,14.45,7.31,-12.46,-0.03,5.2431436,0,nan,nan,0,3,0,1,10
306696000,1655588490069886,0,474004533,85613010,538163,538163,0.25,0.5,1.0,1.0,0.0,0.0,0,0,14.48,7.54,-12.33,-0.01,5.2611203,0,nan,nan,0,3,0,1,10
307896000,1655588491265886,0,474005363,85611057,538241,538241,0.25,0.5,1.0,1.0,0.0,0.0,0,0,14.45,7.7799997,-12.17,-0.04,5.2813663,0,nan,nan,0,3,0,1,10
308696000,1655588492069886,0,474005930,85609754,538263,538263,0.25,0.5,1.0,1.0,0.0,0.0,0,0,14.45,7.85,-12.139999,-0.02,5.2864275,0,nan,nan,0,3,0,1,10
309896000,1655588493265886,0,474006778,85607822,538268,538268,0.25,0.5,1.0,1.0,0.0,0.0,0,0,14.46,7.8399997,-12.15,-0.01,5.2852063,0,nan,nan,0,3,0,1,10
310696000,1655588494069886,0,474007348,85606519,538275,538275,0.25,0.5,1.0,1.0,0.0,0.0,0,0,14.48,7.85,-12.179999,0.01,5.284857,0,nan,nan,0,3,0,1,10
311896000,1655588495265886,0,474008194,85604583,538309,538309,0.25,0.5,1.0,1.0,0.0,0.0,0,0,14.429999,7.7999997,-12.15,-0.04,5.283286,0,nan,nan,0,3,0,1,10
312692000,1655588496069886,0,474008761,85603282,538323,538323,0.25,0.5,1.0,1.0,0.0,0.0,0,0,14.45,7.8199997,-12.16,0.02,5.283984,0,nan,nan,0,3,0,1,10
313896000,1655588497265886,0,474009606,85601345,538310,538310,0.25,0.5,1.0,1.0,0.0,0.0,0,0,14.429999,7.85,-12.139999,-0.02,5.286602,0,nan,nan,0,3,0,1,10
314692000,1655588498069886,0,474010185,85600068,538377,538377,0.25,0.5,1.0,1.0,0.0,0.0,0,0,14.099999,8.61,-11.139999,-0.22999999,5.370727,0,nan,nan,0,3,0,1,10
315892000,1655588499265886,0,474011398,85598818,538456,538456,0.25,0.5,1.0,1.0,0.0,0.0,0,0,14.08,13.7,-3.26,0.24,6.049485,0,nan,nan,0,3,0,1,10
316692000,1655588500069886,0,474012412,85598912,538140,538140,0.25,0.5,1.0,1.0,0.0,0.0,0,0,14.37,13.42,5.0899997,0.47,0.36233035,0,nan,nan,0,3,0,1,10
317896000,1655588501265886,0,474013494,85600517,537512,537512,0.25,0.5,1.0,1.0,0.0,0.0,0,0,14.799999,5.8199997,13.62,0.42,1.1664035,0,nan,nan,0,3,0,1,10
318692000,1655588502069886,0,474013720,85602066,537330,537330,0.25,0.5,1.0,1.0,0.0,0.0,0,0,14.86,0.82,14.839999,-0.03,1.5154694,0,nan,nan,0,3,0,1,10
319892000,1655588503265886,0,474013624,85604404,537786,537786,0.25,0.5,1.0,1.0,0.0,0.0,0,0,14.509999,-1.67,14.42,-0.59999996,1.686337,0,nan,nan,0,3,0,1,10
320692000,1655588504069886,0,474013513,85605940,538180,538180,0.25,0.5,1.0,1.0,0.0,0.0,0,0,14.36,-1.2099999,14.29,-0.29999998,1.6556194,0,nan,nan,0,3,0,1,10
321896000,1655588505265886,0,474013464,85608230,538326,538326,0.25,0.5,1.0,1.0,0.0,0.0,0,0,14.42,0.37,14.41,-0.01,1.5447909,0,nan,nan,0,3,0,1,10
322696000,1655588506069886,0,474013533,85609773,538312,538312,0.25,0.5,1.0,1.0,0.0,0.0,0,0,14.45,1.4699999,14.349999,-0.02,1.4681709,0,nan,nan,0,3,0,1,10
323892000,1655588507265886,0,474013752,85612055,538307,538307,0.25,0.5,1.0,1.0,0.0,0.0,0,0,14.469999,2.47,14.25,-0.089999996,1.3987068,0,nan,nan,0,3,0,1,10
324696000,1655588508069886,0,474013945,85613579,538334,538334,0.25,0.5,1.0,1.0,0.0,0.0,0,0,14.469999,2.8,14.21,-0.03,1.375843,0,nan,nan,0,3,0,1,10
325896000,1655588509265886,0,474014253,85615832,538405,538405,0.25,0.5,1.0,1.0,0.0,0.0,0,0,14.389999,2.8999999,14.11,-0.08,1.36764,0,nan,nan,0,3,0,1,10
326696000,1655588510069886,0,474014463,85617345,538392,538392,0.25,0.5,1.0,1.0,0.0,0.0,0,0,14.429999,2.87,14.13,0.01,1.3697343,0,nan,nan,0,3,0,1,10
327892000,1655588511265886,0,474014768,85619604,538380,538380,0.25,0.5,1.0,1.0,0.0,0.0,0,0,14.45,2.75,14.179999,0.0,1.3791591,0,nan,nan,0,3,0,1,10
328696000,1655588512069886,0,474014970,85621123,538364,538364,0.25,0.5,1.0,1.0,0.0,0.0,0,0,14.469999,2.78,14.179999,0.02,1.3770648,0,nan,nan,0,3,0,1,10
329892000,1655588513265886,0,474015270,85623387,538347,538347,0.25,0.5,1.0,1.0,0.0,0.0,0,0,14.49,2.8,14.19,0.08,1.375843,0,nan,nan,0,3,0,1,10
330696000,1655588514069886,0,474015474,85624911,538328,538328,0.25,0.5,1.0,1.0,0.0,0.0,0,0,14.48,2.8,14.219999,0.0,1.375843,0,nan,nan,0,3,0,1,10
331892000,1655588515265886,0,474015778,85627171,538337,538337,0.25,0.5,1.0,1.0,0.0,0.0,0,0,14.44,2.8,14.15,0.049999997,1.3754939,0,nan,nan,0,3,0,1,10
332692000,1655588516069886,0,474015982,85628688,538313,538313,0.25,0.5,1.0,1.0,0.0,0.0,0,0,14.429999,2.81,14.15,0.049999997,1.3740976,0,nan,nan,0,3,0,1,10
333892000,1655588517265886,0,474016286,85630947,538279,538279,0.25,0.5,1.0,1.0,0.0,0.0,0,0,14.48,2.83,14.19,0.0,1.3739232,0,nan,nan,0,3,0,1,10
334696000,1655588518069886,0,474016489,85632468,538270,538270,0.25,0.5,1.0,1.0,0.0,0.0,0,0,14.46,2.78,14.2,0.0,1.3770648,0,nan,nan,0,3,0,1,10
335896000,1655588519265886,0,474016789,85634730,538229,538229,0.25,0.5,1.0,1.0,0.0,0.0,0,0,14.469999,2.78,14.21,0.04,1.3768902,0,nan,nan,0,3,0,1,10
336696000,1655588520069886,0,474016989,85636252,538218,538218,0.25,0.5,1.0,1.0,0.0,0.0,0,0,14.46,2.77,14.2,0.0,1.3779374,0,nan,nan,0,3,0,1,10
337892000,1655588521265886,0,474017222,85638511,538302,538302,0.25,0.5,1.0,1.0,0.0,0.0,0,0,14.11,0.13,14.11,-0.17,1.5611969,0,nan,nan,0,3,0,1,10
338696000,1655588522069886,0,474017045,85639994,538305,538305,0.25,0.5,1.0,1.0,0.0,0.0,0,0,14.219999,-5.14,13.25,0.21,1.940806,0,nan,nan,0,3,0,1,10
339896000,1655588523265886,0,474016077,85641745,537871,537871,0.25,0.5,1.0,1.0,0.0,0.0,0,0,14.62,-12.15,8.13,0.41,2.5514967,0,nan,nan,0,3,0,1,10
340692000,1655588524069886,0,474015107,85642386,537606,537606,0.25,0.5,1.0,1.0,0.0,0.0,0,0,14.759999,-14.24,3.9299998,0.14,2.8721137,0,nan,nan,0,3,0,1,10
341896000,1655588525265886,0,474013534,85642662,537746,537746,0.25,0.5,1.0,1.0,0.0,0.0,0,0,14.639999,-14.62,0.11,-0.29,3.1333895,0,nan,nan,0,3,0,1,10
342692000,1655588526069886,0,474012477,85642620,537967,537967,0.25,0.5,1.0,1.0,0.0,0.0,0,0,14.509999,-14.49,-0.74,-0.25,3.1930797,0,nan,nan,0,3,0,1,10
343892000,1655588527265886,0,474010919,85642484,538163,538163,0.25,0.5,1.0,1.0,0.0,0.0,0,0,14.45,-14.41,-0.82,-0.04,3.1986647,0,nan,nan,0,3,0,1,10
344692000,1655588528069886,0,474009873,85642408,538162,538162,0.25,0.5,1.0,1.0,0.0,0.0,0,0,14.45,-14.44,-0.56,0.01,3.1808624,0,nan,nan,0,3,0,1,10
345896000,1655588529265886,0,474008312,85642348,538080,538080,0.25,0.5,1.0,1.0,0.0,0.0,0,0,14.49,-14.5199995,-0.19999999,0.049999997,3.1559043,0,nan,nan,0,3,0,1,10
346696000,1655588530069886,0,474007260,85642336,538041,538041,0.25,0.5,1.0,1.0,0.0,0.0,0,0,14.5,-14.5,-0.049999997,0.03,3.1450832,0,nan,nan,0,3,0,1,10
347892000,1655588531265886,0,474005697,85642338,537974,537974,0.25,0.5,1.0,1.0,0.0,0.0,0,0,14.5,-14.5,0.049999997,0.049999997,3.1374037,0,nan,nan,0,3,0,1,10
348696000,1655588532069886,0,474004645,85642346,537940,537940,0.25,0.5,1.0,1.0,0.0,0.0,0,0,14.509999,-14.5199995,0.099999994,0.01,3.1342623,0,nan,nan,0,3,0,1,10
349896000,1655588533265886,0,474003078,85642360,537884,537884,0.25,0.5,1.0,1.0,0.0,0.0,0,0,14.5199995,-14.5,0.089999996,0.01,3.1346111,0,nan,nan,0,3,0,1,10
350696000,1655588534069886,0,474002025,85642370,537869,537869,0.25,0.5,1.0,1.0,0.0,0.0,0,0,14.5,-14.53,0.089999996,-0.02,3.1349602,0,nan,nan,0,3,0,1,10
351896000,1655588535265886,0,474000461,85642384,537879,537879,0.25,0.5,1.0,1.0,0.0,0.0,0,0,14.49,-14.509999,0.07,0.0,3.1360075,0,nan,nan,0,3,0,1,10
352696000,1655588536069886,0,473999410,85642394,537872,537872,0.25,0.5,1.0,1.0,0.0,0.0,0,0,14.509999,-14.5,0.08,0.02,3.1353095,0,nan,nan,0,3,0,1,10
353896000,1655588537265886,0,473997844,85642411,537898,537898,0.25,0.5,1.0,1.0,0.0,0.0,0,0,14.5,-14.5,0.12,-0.089999996,3.1326914,0,nan,nan,0,3,0,1,10
354696000,1655588538069886,0,473996791,85642424,537893,537893,0.25,0.5,1.0,1.0,0.0,0.0,0,0,14.5199995,-14.5,0.13,-0.02,3.1323423,0,nan,nan,0,3,0,1,10
355896000,1655588539265886,0,473995225,85642445,537916,537916,0.25,0.5,1.0,1.0,0.0,0.0,0,0,14.509999,-14.509999,0.13,0.01,3.1323423,0,nan,nan,0,3,0,1,10
356692000,1655588540069886,0,473994172,85642461,537905,537905,0.25,0.5,1.0,1.0,0.0,0.0,0,0,14.53,-14.5199995,0.13,-0.01,3.1323423,0,nan,nan,0,3,0,1,10
357892000,1655588541265886,0,473992604,85642483,537896,537896,0.25,0.5,1.0,1.0,0.0,0.0,0,0,14.53,-14.53,0.13,-0.03,3.1321678,0,nan,nan,0,3,0,1,10
358696000,1655588542069886,0,473991550,85642499,537889,537889,0.25,0.5,1.0,1.0,0.0,0.0,0,0,14.54,-14.549999,0.099999994,-0.01,3.133913,0,nan,nan,0,3,0,1,10
359896000,1655588543265886,0,473989981,85642521,537898,537898,0.25,0.5,1.0,1.0,0.0,0.0,0,0,14.54,-14.5199995,0.14,0.03,3.1314697,0,nan,nan,0,3,0,1,10
360696000,1655588544069886,0,473988927,85642535,537889,537889,0.25,0.5,1.0,1.0,0.0,0.0,0,0,14.53,-14.53,0.13,0.02,3.1318188,0,nan,nan,0,3,0,1,10
361892000,1655588545265886,0,473987359,85642554,537906,537906,0.25,0.5,1.0,1.0,0.0,0.0,0,0,14.54,-14.53,0.099999994,-0.02,3.1344366,0,nan,nan,0,3,0,1,10
362692000,1655588546069886,0,473986305,85642565,537904,537904,0.25,0.5,1.0,1.0,0.0,0.0,0,0,14.54,-14.549999,0.12,-0.04,3.1330404,0,nan,nan,0,3,0,1,10
363896000,1655588547265886,0,473984735,85642582,537925,537925,0.25,0.5,1.0,1.0,0.0,0.0,0,0,14.54,-14.54,0.11,0.0,3.1337388,0,nan,nan,0,3,0,1,10
364692000,1655588548069886,0,473983681,85642594,537929,537929,0.25,0.5,1.0,1.0,0.0,0.0,0,0,14.54,-14.54,0.099999994,0.01,3.1340876,0,nan,nan,0,3,0,1,10
365896000,1655588549265886,0,473982130,85642697,538019,538019,0.25,0.5,1.0,1.0,0.0,0.0,0,0,14.07,-13.83,2.57,-0.16,2.9574604,0,nan,nan,0,3,0,1,10
366696000,1655588550069886,0,473981199,85643283,537972,537972,0.25,0.5,1.0,1.0,0.0,0.0,0,0,14.179999,-11.259999,8.61,0.32,2.4883158,0,nan,nan,0,3,0,1,10
367896000,1655588551265886,0,473980516,85645260,537389,537389,0.25,0.5,1.0,1.0,0.0,0.0,0,0,14.65,-0.14999999,14.65,0.53,1.5812683,0,nan,nan,0,3,0,1,10
368696000,1655588552069886,0,473980824,85646754,536965,536965,0.25,0.5,1.0,1.0,0.0,0.0,0,0,14.91,8.2,12.44,0.44,0.9876818,0,nan,nan,0,3,0,1,10
369896000,1655588553265886,0,473982092,85648176,536760,536760,0.25,0.5,1.0,1.0,0.0,0.0,0,0,14.96,13.84,5.72,-0.19999999,0.3918264,0,nan,nan,0,3,0,1,10
370696000,1655588554069886,0,473983115,85648656,537197,537197,0.25,0.5,1.0,1.0,0.0,0.0,0,0,14.63,14.15,3.6999998,-0.79999995,0.25569072,0,nan,nan,0,3,0,1,10
371896000,1655588555265886,0,473984614,85649260,538081,538081,0.25,0.5,1.0,1.0,0.0,0.0,0,0,14.25,13.58,4.33,-0.44,0.30874875,0,nan,nan,0,3,0,1,10
372696000,1655588556069886,0,473985583,85649789,538279,538279,0.25,0.5,1.0,1.0,0.0,0.0,0,0,14.28,13.15,5.5899997,-0.08,0.40194932,0,nan,nan,0,3,0,1,10
373892000,1655588557265886,0,473986960,85650834,538271,538271,0.25,0.5,1.0,1.0,0.0,0.0,0,0,14.42,12.38,7.39,0.0,0.53791046,0,nan,nan,0,3,0,1,10
374696000,1655588558069886,0,473987841,85651670,538272,538272,0.25,0.5,1.0,1.0,0.0,0.0,0,0,14.45,11.94,8.099999,-0.03,0.5960299,0,nan,nan,0,3,0,1,10
375892000,1655588559265886,0,473989109,85653010,538308,538308,0.25,0.5,1.0,1.0,0.0,0.0,0,0,14.45,11.61,8.59,0.01,0.6366961,0,nan,nan,0,3,0,1,10
376696000,1655588560069886,0,473989949,85653936,538311,538311,0.25,0.5,1.0,1.0,0.0,0.0,0,0,14.45,11.559999,8.679999,-0.04,0.64385194,0,nan,nan,0,3,0,1,10
377896000,1655588561265886,0,473991197,85655317,538304,538304,0.25,0.5,1.0,1.0,0.0,0.0,0,0,14.45,11.58,8.639999,0.06,0.6408849,0,nan,nan,0,3,0,1,10
378696000,1655588562069886,0,473992039,85656240,538290,538290,0.25,0.5,1.0,1.0,0.0,0.0,0,0,14.46,11.62,8.599999,0.0,0.63704515,0,nan,nan,0,3,0,1,10
379896000,1655588563265886,0,473993295,85657606,538284,538284,0.25,0.5,1.0,1.0,0.0,0.0,0,0,14.45,11.66,8.53,0.0,0.6318092,0,nan,nan,0,3,0,1,10
380696000,1655588564069886,0,473994141,85658521,538267,538267,0.25,0.5,1.0,1.0,0.0,0.0,0,0,14.46,11.65,8.55,0.0,0.63285637,0,nan,nan,0,3,0,1,10
381896000,1655588565265886,0,473995397,85659886,538252,538252,0.25,0.5,1.0,1.0,0.0,0.0,0,0,14.429999,11.509999,8.71,-0.01,0.64769167,0,nan,nan,0,3,0,1,10
382696000,1655588566069886,0,473996200,85660875,538264,538264,0.25,0.5,1.0,1.0,0.0,0.0,0,0,14.42,10.55,9.84,0.01,0.7506661,0,nan,nan,0,3,0,1,10
383896000,1655588567265886,0,473997204,85662626,538239,538239,0.25,0.5,1.0,1.0,0.0,0.0,0,0,14.44,7.91,12.099999,0.049999997,0.991347,0,nan,nan,0,3,0,1,10
384696000,1655588568069886,0,473997705,85663986,538183,538183,0.25,0.5,1.0,1.0,0.0,0.0,0,0,14.5,5.96,13.219999,0.12,1.1472049,0,nan,nan,0,3,0,1,10
385896000,1655588569265886,0,473998220,85666171,538122,538122,0.25,0.5,1.0,1.0,0.0,0.0,0,0,14.5199995,3.75,14.0199995,0.01,1.309346,0,nan,nan,0,3,0,1,10
386692000,1655588570069886,0,473998456,85667685,538130,538130,0.25,0.5,1.0,1.0,0.0,0.0,0,0,14.5,2.86,14.219999,-0.02,1.3720033,0,nan,nan,0,3,0,1,10
387892000,1655588571265886,0,473998732,85669960,538137,538137,0.25,0.5,1.0,1.0,0.0,0.0,0,0,14.49,2.36,14.309999,-0.03,1.4070843,0,nan,nan,0,3,0,1,10
388692000,1655588572069886,0,473998899,85671493,538139,538139,0.25,0.5,1.0,1.0,0.0,0.0,0,0,14.509999,2.3,14.32,0.06,1.4112732,0,nan,nan,0,3,0,1,10
389896000,1655588573265886,0,473999149,85673781,538090,538090,0.25,0.5,1.0,1.0,0.0,0.0,0,0,14.53,2.34,14.33,0.0,1.4083061,0,nan,nan,0,3,0,1,10
390692000,1655588574069886,0,473999322,85675314,538119,538119,0.25,0.5,1.0,1.0,0.0,0.0,0,0,14.49,2.4299998,14.299999,0.01,1.4018484,0,nan,nan,0,3,0,1,10
391892000,1655588575265886,0,473999563,85677583,538181,538181,0.25,0.5,1.0,1.0,0.0,0.0,0,0,14.139999,1.09,14.09,-0.25,1.4929546,0,nan,nan,0,3,0,1,10
392696000,1655588576069886,0,473999473,85679080,538273,538273,0.25,0.5,1.0,1.0,0.0,0.0,0,0,14.13,-3.76,13.599999,0.08,1.8407987,0,nan,nan,0,3,0,1,10
393892000,1655588577265886,0,473998636,85680954,537886,537886,0.25,0.5,1.0,1.0,0.0,0.0,0,0,14.53,-11.28,9.17,0.44,2.4588196,0,nan,nan,0,3,0,1,10
394692000,1655588578069886,0,473997708,85681700,537590,537590,0.25,0.5,1.0,1.0,0.0,0.0,0,0,14.73,-13.94,4.81,0.26,2.8092818,0,nan,nan,0,3,0,1,10
395896000,1655588579265886,0,473996144,85682051,537618,537618,0.25,0.5,1.0,1.0,0.0,0.0,0,0,14.66,-14.65,0.22,-0.24,3.126408,0,nan,nan,0,3,0,1,10
396696000,1655588580069886,0,473995086,85682001,537833,537833,0.25,0.5,1.0,1.0,0.0,0.0,0,0,14.54,-14.5199995,-0.97999996,-0.26999998,3.2089624,0,nan,nan,0,3,0,1,10
397892000,1655588581265886,0,473993530,85681809,538111,538111,0.25,0.5,1.0,1.0,0.0,0.0,0,0,14.46,-14.41,-1.27,-0.089999996,3.2297318,0,nan,nan,0,3,0,1,10
398692000,1655588582069886,0,473992483,85681684,538145,538145,0.25,0.5,1.0,1.0,0.0,0.0,0,0,14.49,-14.46,-1.02,0.0,3.212453,0,nan,nan,0,3,0,1,10
399892000,1655588583265886,0,473990925,85681553,538175,538175,0.25,0.5,1.0,1.0,0.0,0.0,0,0,14.45,-14.429999,-0.62,-0.01,3.1848767,0,nan,nan,0,3,0,1,10
400696000,1655588584069886,0,473989877,85681497,538167,538167,0.25,0.5,1.0,1.0,0.0,0.0,0,0,14.45,-14.46,-0.42999998,0.01,3.1712632,0,nan,nan,0,3,0,1,10
401892000,1655588585265886,0,473988322,85681503,538191,538191,0.25,0.5,1.0,1.0,0.0,0.0,0,0,14.36,-14.2699995,1.41,-0.14,3.0429814,0,nan,nan,0,3,0,1,10
402692000,1655588586069886,0,473987300,85681802,538167,538167,0.25,0.5,1.0,1.0,0.0,0.0,0,0,14.4,-13.73,4.39,0.11,2.8317966,0,nan,nan,0,3,0,1,10
403896000,1655588587265886,0,473985942,85682907,538006,538006,0.25,0.5,1.0,1.0,0.0,0.0,0,0,14.53,-11.21,9.25,0.17,2.451315,0,nan,nan,0,3,0,1,10
404692000,1655588588069886,0,473985209,85684026,537895,537895,0.25,0.5,1.0,1.0,0.0,0.0,0,0,14.589999,-9.0199995,11.469999,0.089999996,2.2371628,0,nan,nan,0,3,0,1,10
405892000,1655588589265886,0,473984384,85686000,537910,537910,0.25,0.5,1.0,1.0,0.0,0.0,0,0,14.559999,-6.5099998,13.04,-0.099999994,2.033832,0,nan,nan,0,3,0,1,10
406696000,1655588590069886,0,473983947,85687417,538011,538011,0.25,0.5,1.0,1.0,0.0,0.0,0,0,14.48,-5.6299996,13.34,-0.13,1.9701276,0,nan,nan,0,3,0,1,10
407892000,1655588591265886,0,473983367,85689552,538153,538153,0.25,0.5,1.0,1.0,0.0,0.0,0,0,14.4,-5.21,13.42,-0.099999994,1.9413296,0,nan,nan,0,3,0,1,10
408696000,1655588592069886,0,473982986,85690990,538163,538163,0.25,0.5,1.0,1.0,0.0,0.0,0,0,14.45,-5.31,13.429999,0.03,1.9472638,0,nan,nan,0,3,0,1,10
409896000,1655588593265886,0,473982476,85693166,538146,538146,0.25,0.5,1.0,1.0,0.0,0.0,0,0,14.44,-3.6299999,13.95,-0.04,1.8250908,0,nan,nan,0,3,0,1,10
410692000,1655588594069886,0,473982299,85694689,538165,538165,0.25,0.5,1.0,1.0,0.0,0.0,0,0,14.44,-1.11,14.38,0.03,1.6479398,0,nan,nan,0,3,0,1,10
411896000,1655588595265886,0,473982400,85696983,538089,538089,0.25,0.5,1.0,1.0,0.0,0.0,0,0,14.509999,2.8999999,14.21,0.08,1.3692107,0,nan,nan,0,3,0,1,10
412696000,1655588596069886,0,473982688,85698478,538034,538034,0.25,0.5,1.0,1.0,0.0,0.0,0,0,14.53,4.94,13.66,0.04,1.2231268,0,nan,nan,0,3,0,1,10
413896000,1655588597265886,0,473983325,85700591,538065,538065,0.25,0.5,1.0,1.0,0.0,0.0,0,0,14.5,6.6299996,12.88,-0.07,1.0950196,0,nan,nan,0,3,0,1,10
414692000,1655588598069886,0,473983826,85701956,538106,538106,0.25,0.5,1.0,1.0,0.0,0.0,0,0,14.48,7.12,12.59,-0.049999997,1.0555751,0,nan,nan,0,3,0,1,10
415892000,1655588599265886,0,473984606,85703952,538141,538141,0.25,0.5,1.0,1.0,0.0,0.0,0,0,14.48,7.29,12.5,0.03,1.0424851,0,nan,nan,0,3,0,1,10
416692000,1655588600069886,0,473985134,85705295,538126,538126,0.25,0.5,1.0,1.0,0.0,0.0,0,0,14.48,7.25,12.55,-0.02,1.0464994,0,nan,nan,0,3,0,1,10
417896000,1655588601265886,0,473985910,85707296,538147,538147,0.25,0.5,1.0,1.0,0.0,0.0,0,0,14.469999,7.1499996,12.59,-0.02,1.0540043,0,nan,nan,0,3,0,1,10
418692000,1655588602069886,0,473986426,85708646,538142,538142,0.25,0.5,1.0,1.0,0.0,0.0,0,0,14.46,7.08,12.58,0.02,1.057844,0,nan,nan,0,3,0,1,10
419896000,1655588603265886,0,473987192,85710660,538104,538104,0.25,0.5,1.0,1.0,0.0,0.0,0,0,14.5,7.1,12.639999,-0.03,1.0587167,0,nan,nan,0,3,0,1,10
420696000,1655588604069886,0,473987706,85712016,538121,538121,0.25,0.5,1.0,1.0,0.0,0.0,0,0,14.5,7.0699997,12.67,-0.02,1.0615093,0,nan,nan,0,3,0,1,10
421896000,1655588605265886,0,473988444,85714053,538132,538132,0.25,0.5,1.0,1.0,0.0,0.0,0,0,14.509999,6.6099997,12.9,0.02,1.0971138,0,nan,nan,0,3,0,1,10
422696000,1655588606069886,0,473988913,85715446,538134,538134,0.25,0.5,1.0,1.0,0.0,0.0,0,0,14.509999,6.3399997,13.0199995,-0.01,1.1177088,0,nan,nan,0,3,0,1,10
423892000,1655588607265886,0,473989588,85717531,538157,538157,0.25,0.5,1.0,1.0,0.0,0.0,0,0,14.5,6.22,13.09,-0.02,1.1273081,0,nan,nan,0,3,0,1,10
424696000,1655588608069886,0,473990040,85718934,538182,538182,0.25,0.5,1.0,1.0,0.0,0.0,0,0,14.509999,6.22,13.07,-0.03,1.1267846,0,nan,nan,0,3,0,1,10
425896000,1655588609265886,0,473990714,85721022,538170,538170,0.25,0.5,1.0,1.0,0.0,0.0,0,0,14.509999,6.27,13.099999,0.01,1.1241665,0,nan,nan,0,3,0,1,10
426692000,1655588610069886,0,473991170,85722426,538154,538154,0.25,0.5,1.0,1.0,0.0,0.0,0,0,14.559999,6.3199997,13.139999,0.06,1.1220722,0,nan,nan,0,3,0,1,10
427896000,1655588611265886,0,473991850,85724513,538193,538193,0.25,0.5,1.0,1.0,0.0,0.0,0,0,14.509999,6.31,13.059999,-0.07,1.1205013,0,nan,nan,0,3,0,1,10
428696000,1655588612069886,0,473992307,85725915,538229,538229,0.25,0.5,1.0,1.0,0.0,0.0,0,0,14.509999,6.29,13.059999,0.0,1.1218976,0,nan,nan,0,3,0,1,10
429896000,1655588613265886,0,473992985,85727998,538260,538260,0.25,0.5,1.0,1.0,0.0,0.0,0,0,14.5,6.2799997,13.07,0.0,1.1225958,0,nan,nan,0,3,0,1,10
430692000,1655588614069886,0,473993441,85729399,538274,538274,0.25,0.5,1.0,1.0,0.0,0.0,0,0,14.5,6.3199997,13.04,-0.03,1.1196288,0,nan,nan,0,3,0,1,10
431896000,1655588615265886,0,473994121,85731478,538300,538300,0.25,0.5,1.0,1.0,0.0,0.0,0,0,14.48,6.2999997,13.049999,-0.01,1.1211995,0,nan,nan,0,3,0,1,10
432692000,1655588616069886,0,473994577,85732875,538322,538322,0.25,0.5,1.0,1.0,0.0,0.0,0,0,14.469999,6.31,13.03,0.02,1.1194541,0,nan,nan,0,3,0,1,10
433896000,1655588617265886,0,473995258,85734951,538342,538342,0.25,0.5,1.0,1.0,0.0,0.0,0,0,14.46,6.31,12.99,-0.03,1.1182325,0,nan,nan,0,3,0,1,10
434696000,1655588618069886,0,473995714,85736346,538357,538357,0.25,0.5,1.0,1.0,0.0,0.0,0,0,14.45,6.27,13.0199995,-0.04,1.1215487,0,nan,nan,0,3,0,1,10
435896000,1655588619265886,0,473996389,85738420,538399,538399,0.25,0.5,1.0,1.0,0.0,0.0,0,0,14.42,6.24,12.98,-0.01,1.1222466,0,nan,nan,0,3,0,1,10
436696000,1655588620069886,0,473996843,85739812,538403,538403,0.25,0.5,1.0,1.0,0.0,0.0,0,0,14.429999,6.24,13.0199995,0.049999997,1.1234684,0,nan,nan,0,3,0,1,10
437892000,1655588621265886,0,473997520,85741887,538397,538397,0.25,0.5,1.0,1.0,0.0,0.0,0,0,14.46,6.27,13.0199995,0.0,1.121723,0,nan,nan,0,3,0,1,10
438696000,1655588622069886,0,473997975,85743281,538410,538410,0.25,0.5,1.0,1.0,0.0,0.0,0,0,14.429999,6.29,12.99,-0.06,1.1194541,0,nan,nan,0,3,0,1,10
439896000,1655588623265886,0,473998654,85745350,538427,538427,0.25,0.5,1.0,1.0,0.0,0.0,0,0,14.42,6.29,12.969999,0.07,1.1192796,0,nan,nan,0,3,0,1,10
440692000,1655588624069886,0,473999110,85746742,538419,538419,0.25,0.5,1.0,1.0,0.0,0.0,0,0,14.429999,6.31,13.0,0.01,1.1185814,0,nan,nan,0,3,0,1,10
441896000,1655588625265886,0,473999788,85748814,538378,538378,0.25,0.5,1.0,1.0,0.0,0.0,0,0,14.44,6.2999997,13.0,0.0,1.1192796,0,nan,nan,0,3,0,1,10
442696000,1655588626069886,0,474000244,85750206,538377,538377,0.25,0.5,1.0,1.0,0.0,0.0,0,0,14.42,6.2999997,12.98,0.02,1.1185814,0,nan,nan,0,3,0,1,10
443892000,1655588627265886,0,474000922,85752277,538314,538314,0.25,0.5,1.0,1.0,0.0,0.0,0,0,14.44,6.3199997,12.98,0.08,1.1173598,0,nan,nan,0,3,0,1,10
444696000,1655588628069886,0,474001380,85753669,538288,538288,0.25,0.5,1.0,1.0,0.0,0.0,0,0,14.44,6.33,12.98,0.04,1.116487,0,nan,nan,0,3,0,1,10
445896000,1655588629265886,0,474002064,85755739,538234,538234,0.25,0.5,1.0,1.0,0.0,0.0,0,0,14.44,6.3399997,12.94,0.0,1.1150908,0,nan,nan,0,3,0,1,10
446692000,1655588630069886,0,474002524,85757128,538224,538224,0.25,0.5,1.0,1.0,0.0,0.0,0,0,14.45,6.3399997,12.969999,0.06,1.116138,0,nan,nan,0,3,0,1,10
447892000,1655588631265886,0,474003211,85759200,538155,538155,0.25,0.5,1.0,1.0,0.0,0.0,0,0,14.49,6.39,12.99,0.049999997,1.1129965,0,nan,nan,0,3,0,1,10
448692000,1655588632069886,0,474003675,85760594,538158,538158,0.25,0.5,1.0,1.0,0.0,0.0,0,0,14.48,6.3999996,12.99,0.02,1.1126474,0,nan,nan,0,3,0,1,10
449892000,1655588633265886,0,474004364,85762665,538145,538145,0.25,0.5,1.0,1.0,0.0,0.0,0,0,14.48,6.35,13.0,0.01,1.1157889,0,nan,nan,0,3,0,1,10
450696000,1655588634069886,0,474004826,85764057,538139,538139,0.25,0.5,1.0,1.0,0.0,0.0,0,0,14.469999,6.3599997,12.99,0.0,1.1154399,0,nan,nan,0,3,0,1,10
451896000,1655588635265886,0,474005511,85766127,538121,538121,0.25,0.5,1.0,1.0,0.0,0.0,0,0,14.309999,6.31,12.87,0.24,1.1145672,0,nan,nan,0,3,0,1,10
452696000,1655588636069886,0,474005985,85767469,537317,537317,0.25,0.5,1.0,1.0,0.0,0.0,0,0,13.99,7.02,12.12,1.5,1.0454521,0,nan,nan,0,3,0,1,10
453892000,1655588637265886,0,474006922,85769197,535084,535084,0.25,0.5,1.0,1.0,0.0,0.0,0,0,13.99,10.73,8.94,2.1299999,0.694641,0,nan,nan,0,3,0,1,10
454696000,1655588638069886,0,474007800,85769945,533334,533334,0.25,0.5,1.0,1.0,0.0,0.0,0,0,14.12,13.259999,4.8599997,2.25,0.35116023,0,nan,nan,0,3,0,1,10
455892000,1655588639265886,0,474009314,85770301,530614,530614,0.25,0.5,1.0,1.0,0.0,0.0,0,0,14.389999,14.38,0.35,2.08,0.024783675,0,nan,nan,0,3,0,1,10
456696000,1655588640069886,0,474010355,85770307,529182,529182,0.25,0.5,1.0,1.0,0.0,0.0,0,0,14.299999,14.32,0.07,1.56,0.004886922,0,nan,nan,0,3,0,1,10
457896000,1655588641265886,0,474011902,85770518,528337,528337,0.25,0.5,1.0,1.0,0.0,0.0,0,0,14.45,14.139999,2.8799999,0.19,0.20088738,0,nan,nan,0,3,0,1,10
458696000,1655588642069886,0,474012904,85770959,528284,528284,0.25,0.5,1.0,1.0,0.0,0.0,0,0,14.44,13.4,5.35,0.02,0.38013268,0,nan,nan,0,3,0,1,10
459892000,1655588643265886,0,474014253,85772101,528230,528230,0.25,0.5,1.0,1.0,0.0,0.0,0,0,14.469999,11.45,8.86,0.06,0.65816367,0,nan,nan,0,3,0,1,10
460692000,1655588644069886,0,474015021,85773158,528186,528186,0.25,0.5,1.0,1.0,0.0,0.0,0,0,14.5,9.66,10.8,0.049999997,0.84089965,0,nan,nan,0,3,0,1,10
461892000,1655588645265886,0,474015907,85775058,528164,528164,0.25,0.5,1.0,1.0,0.0,0.0,0,0,14.5199995,6.69,12.87,-0.04,1.0913544,0,nan,nan,0,3,0,1,10
462692000,1655588646069886,0,474016316,85776489,528189,528189,0.25,0.5,1.0,1.0,0.0,0.0,0,0,14.5,4.54,13.7699995,0.0,1.2517501,0,nan,nan,0,3,0,1,10
463892000,1655588647265886,0,474016630,85778745,528203,528203,0.25,0.5,1.0,1.0,0.0,0.0,0,0,14.469999,1.26,14.429999,-0.03,1.4830062,0,nan,nan,0,3,0,1,10
464696000,1655588648069886,0,474016638,85780296,528196,528196,0.25,0.5,1.0,1.0,0.0,0.0,0,0,14.49,-1.0,14.45,0.02,1.6399113,0,nan,nan,0,3,0,1,10
465892000,1655588649265886,0,474016349,85782560,528203,528203,0.25,0.5,1.0,1.0,0.0,0.0,0,0,14.49,-4.33,13.83,0.01,1.8744835,0,nan,nan,0,3,0,1,10
466696000,1655588650069886,0,474015957,85784000,528180,528180,0.25,0.5,1.0,1.0,0.0,0.0,0,0,14.509999,-6.47,12.98,0.02,2.0333085,0,nan,nan,0,3,0,1,10
467896000,1655588651265886,0,474015104,85785932,528198,528198,0.25,0.5,1.0,1.0,0.0,0.0,0,0,14.5,-9.25,11.15,-0.01,2.2633429,0,nan,nan,0,3,0,1,10
468696000,1655588652069886,0,474014372,85787043,528216,528216,0.25,0.5,1.0,1.0,0.0,0.0,0,0,14.48,-10.87,9.57,0.01,2.4193754,0,nan,nan,0,3,0,1,10
469892000,1655588653265886,0,474013089,85788353,528201,528201,0.25,0.5,1.0,1.0,0.0,0.0,0,0,14.48,-12.7699995,6.79,-0.01,2.6529005,0,nan,nan,0,3,0,1,10
470692000,1655588654069886,0,474012128,85788973,528204,528204,0.25,0.5,1.0,1.0,0.0,0.0,0,0,14.49,-13.7,4.74,0.01,2.8084095,0,nan,nan,0,3,0,1,10
471892000,1655588655265886,0,474010603,85789472,528194,528194,0.25,0.5,1.0,1.0,0.0,0.0,0,0,14.5,-14.42,1.49,0.01,3.0384436,0,nan,nan,0,3,0,1,10
472692000,1655588656069886,0,474009553,85789509,528196,528196,0.25,0.5,1.0,1.0,0.0,0.0,0,0,14.509999,-14.509999,-0.76,0.049999997,3.1943014,0,nan,nan,0,3,0,1,10
473896000,1655588657265886,0,474008015,85789118,528178,528178,0.25,0.5,1.0,1.0,0.0,0.0,0,0,14.509999,-13.92,-4.0899997,0.02,3.4273028,0,nan,nan,0,3,0,1,10
474692000,1655588658069886,0,474007033,85788562,528178,528178,0.25,0.5,1.0,1.0,0.0,0.0,0,0,14.5,-13.099999,-6.22,0.04,3.584906,0,nan,nan,0,3,0,1,10
475892000,1655588659265886,0,474005712,85787334,528142,528142,0.25,0.5,1.0,1.0,0.0,0.0,0,0,14.49,-11.29,-9.09,0.11,3.8196528,0,nan,nan,0,3,0,1,10
476696000,1655588660069886,0,474004950,85786269,528126,528126,0.25,0.5,1.0,1.0,0.0,0.0,0,0,14.48,-9.71,-10.719999,0.07,3.976558,0,nan,nan,0,3,0,1,10
477896000,1655588661265886,0,474004043,85784393,528092,528092,0.25,0.5,1.0,1.0,0.0,0.0,0,0,14.44,-6.96,-12.66,-0.06,4.209385,0,nan,nan,0,3,0,1,10
478692000,1655588662069886,0,474003618,85783024,528622,528622,0.25,0.5,1.0,1.0,0.0,0.0,0,0,13.389999,-4.7599998,-12.55,-0.98999995,4.349535,0,nan,nan,0,3,0,1,10
479892000,1655588663265886,0,474003202,85781152,529442,529442,0.25,0.5,1.0,1.0,0.0,0.0,0,0,11.53,-3.35,-11.04,-0.26,4.4170794,0,nan,nan,0,3,0,1,10
480696000,1655588664069886,0,474002964,85780005,529493,529493,0.25,0.5,1.0,1.0,0.0,0.0,0,0,11.0,-3.31,-10.49,0.12,4.4064326,0,nan,nan,0,3,0,1,10
481896000,1655588665265886,0,474002591,85778347,529190,529190,0.25,0.5,1.0,1.0,0.0,0.0,0,0,10.98,-3.61,-10.37,0.19999999,4.376762,0,nan,nan,0,3,0,1,10
482696000,1655588666069886,0,474002324,85777241,529115,529115,0.25,0.5,1.0,1.0,0.0,0.0,0,0,10.92,-3.6899998,-10.2699995,-0.01,4.366988,0,nan,nan,0,3,0,1,10
483892000,1655588667265886,0,474001928,85775613,529127,529127,0.25,0.5,1.0,1.0,0.0,0.0,0,0,10.79,-3.61,-10.17,-0.04,4.3708277,0,nan,nan,0,3,0,1,10
484692000,1655588668069886,0,474001670,85774525,529152,529152,0.25,0.5,1.0,1.0,0.0,0.0,0,0,10.74,-3.5,-10.15,-0.01,4.379729,0,nan,nan,0,3,0,1,10
485896000,1655588669265886,0,474001299,85772905,529157,529157,0.25,0.5,1.0,1.0,0.0,0.0,0,0,10.719999,-3.3899999,-10.179999,0.0,4.390201,0,nan,nan,0,3,0,1,10
486692000,1655588670069886,0,474001055,85771813,529169,529169,0.25,0.5,1.0,1.0,0.0,0.0,0,0,10.7699995,-3.36,-10.219999,-0.02,4.3940406,0,nan,nan,0,3,0,1,10
487892000,1655588671265886,0,474000689,85770171,529533,529533,0.25,0.5,1.0,1.0,0.0,0.0,0,0,10.5199995,-3.3,-9.969999,0.13,4.392121,0,nan,nan,0,3,0,1,10
488696000,1655588672069886,0,474000450,85769108,529125,529125,0.25,0.5,1.0,1.0,0.0,0.0,0,0,10.48,-3.32,-9.94,0.81,4.3893285,0,nan,nan,0,3,0,1,10
489896000,1655588673265886,0,474000081,85767489,527941,527941,0.25,0.5,1.0,1.0,0.0,0.0,0,0,10.969999,-3.53,-10.41,1.0,4.3847904,0,nan,nan,0,3,0,1,10
490696000,1655588674069886,0,473999823,85766364,527203,527203,0.25,0.5,1.0,1.0,0.0,0.0,0,0,11.16,-3.56,-10.559999,0.84999996,4.3867106,0,nan,nan,0,3,0,1,10
491896000,1655588675265886,0,473999435,85764669,526027,526027,0.25,0.5,1.0,1.0,0.0,0.0,0,0,11.309999,-3.62,-10.719999,1.1,4.386536,0,nan,nan,0,3,0,1,10
492696000,1655588676069886,0,473999172,85763513,525096,525096,0.25,0.5,1.0,1.0,0.0,0.0,0,0,11.469999,-3.6399999,-10.87,1.23,4.3886304,0,nan,nan,0,3,0,1,10
493892000,1655588677265886,0,473998774,85761757,523525,523525,0.25,0.5,1.0,1.0,0.0,0.0,0,0,11.75,-3.6999998,-11.15,1.36,4.391772,0,nan,nan,0,3,0,1,10
494696000,1655588678069886,0,473998504,85760553,522436,522436,0.25,0.5,1.0,1.0,0.0,0.0,0,0,11.9,-3.74,-11.3,1.3199999,4.392819,0,nan,nan,0,3,0,1,10
495896000,1655588679265886,0,473998098,85758743,520815,520815,0.25,0.5,1.0,1.0,0.0,0.0,0,0,12.009999,-3.79,-11.389999,1.3399999,4.3907247,0,nan,nan,0,3,0,1,10
496692000,1655588680069886,0,473997823,85757518,519710,519710,0.25,0.5,1.0,1.0,0.0,0.0,0,0,12.07,-3.78,-11.44,1.4,4.3926444,0,nan,nan,0,3,0,1,10
497892000,1655588681265886,0,473997414,85755685,518032,518032,0.25,0.5,1.0,1.0,0.0,0.0,0,0,12.139999,-3.81,-11.5199995,1.43,4.39247,0,nan,nan,0,3,0,1,10
498696000,1655588682069886,0,473997139,85754449,516905,516905,0.25,0.5,1.0,1.0,0.0,0.0,0,0,12.16,-3.79,-11.55,1.42,4.3949137,0,nan,nan,0,3,0,1,10
499892000,1655588683265886,0,473996727,85752605,515183,515183,0.25,0.5,1.0,1.0,0.0,0.0,0,0,12.2,-3.81,-11.58,1.4399999,4.3940406,0,nan,nan,0,3,0,1,10
500696000,1655588684069886,0,473996449,85751361,514013,514013,0.25,0.5,1.0,1.0,0.0,0.0,0,0,12.23,-3.83,-11.59,1.52,4.3926444,0,nan,nan,0,3,0,1,10
501892000,1655588685265886,0,473996033,85749509,512274,512274,0.25,0.5,1.0,1.0,0.0,0.0,0,0,12.2699995,-3.87,-11.63,1.49,4.390899,0,nan,nan,0,3,0,1,10
502692000,1655588686069886,0,473995749,85748262,511083,511083,0.25,0.5,1.0,1.0,0.0,0.0,0,0,12.28,-3.9199998,-11.65,1.4399999,4.387932,0,nan,nan,0,3,0,1,10
503892000,1655588687265886,0,473995325,85746406,509317,509317,0.25,0.5,1.0,1.0,0.0,0.0,0,0,12.3,-3.9499998,-11.679999,1.5,4.3858376,0,nan,nan,0,3,0,1,10
504692000,1655588688069886,0,473995038,85745156,508122,508122,0.25,0.5,1.0,1.0,0.0,0.0,0,0,12.309999,-3.98,-11.66,1.43,4.3832197,0,nan,nan,0,3,0,1,10
505892000,1655588689265886,0,473994613,85743297,506342,506342,0.25,0.5,1.0,1.0,0.0,0.0,0,0,12.32,-3.9399998,-11.67,1.4699999,4.3867106,0,nan,nan,0,3,0,1,10
506696000,1655588690069886,0,473994328,85742045,505141,505141,0.25,0.5,1.0,1.0,0.0,0.0,0,0,12.33,-3.9199998,-11.679999,1.52,4.3882813,0,nan,nan,0,3,0,1,10
507896000,1655588691265886,0,473993906,85740181,503348,503348,0.25,0.5,1.0,1.0,0.0,0.0,0,0,12.34,-3.9099998,-11.69,1.52,4.389154,0,nan,nan,0,3,0,1,10
508692000,1655588692069886,0,473993623,85738927,502136,502136,0.25,0.5,1.0,1.0,0.0,0.0,0,0,12.34,-3.9199998,-11.71,1.54,4.3893285,0,nan,nan,0,3,0,1,10
509896000,1655588693265886,0,473993200,85737060,500335,500335,0.25,0.5,1.0,1.0,0.0,0.0,0,0,12.349999,-3.9399998,-11.719999,1.49,4.388107,0,nan,nan,0,3,0,1,10
510696000,1655588694069886,0,473992915,85735804,499102,499102,0.25,0.5,1.0,1.0,0.0,0.0,0,0,12.349999,-3.9599998,-11.69,1.55,4.385314,0,nan,nan,0,3,0,1,10
511892000,1655588695265886,0,473992477,85733943,497267,497267,0.25,0.5,1.0,1.0,0.0,0.0,0,0,12.37,-4.16,-11.639999,1.51,4.369083,0,nan,nan,0,3,0,1,10
512696000,1655588696069886,0,473992173,85732695,496045,496045,0.25,0.5,1.0,1.0,0.0,0.0,0,0,12.38,-4.2,-11.63,1.49,4.3654175,0,nan,nan,0,3,0,1,10
513892000,1655588697265886,0,473991718,85730841,494235,494235,0.25,0.5,1.0,1.0,0.0,0.0,0,0,12.38,-4.25,-11.61,1.53,4.360705,0,nan,nan,0,3,0,1,10
514696000,1655588698069886,0,473991410,85729594,493007,493007,0.25,0.5,1.0,1.0,0.0,0.0,0,0,12.4,-4.2599998,-11.65,1.4399999,4.361927,0,nan,nan,0,3,0,1,10
515892000,1655588699265886,0,473990953,85727741,491635,491635,0.25,0.5,1.0,1.0,0.0,0.0,0,0,12.24,-4.2,-11.49,0.77,4.361752,0,nan,nan,0,3,0,1,10
516696000,1655588700069886,0,473990652,85726526,491101,491101,0.25,0.5,1.0,1.0,0.0,0.0,0,0,11.94,-4.0899997,-11.219999,0.29999998,4.3626246,0,nan,nan,0,3,0,1,10
517892000,1655588701265886,0,473990230,85724819,491419,491419,0.25,0.5,1.0,1.0,0.0,0.0,0,0,10.79,-3.6999998,-10.139999,-0.39,4.3622756,0,nan,nan,0,3,0,1,10
518696000,1655588702069886,0,473989971,85723767,491715,491715,0.25,0.5,1.0,1.0,0.0,0.0,0,0,10.139999,-3.47,-9.53,-0.31,4.362974,0,nan,nan,0,3,0,1,10
519896000,1655588703265886,0,473989609,85722296,492027,492027,0.25,0.5,1.0,1.0,0.0,0.0,0,0,9.559999,-3.28,-8.99,-0.22999999,4.3622756,0,nan,nan,0,3,0,1,10
520692000,1655588704069886,0,473989375,85721346,492184,492184,0.25,0.5,1.0,1.0,0.0,0.0,0,0,9.309999,-3.1899998,-8.76,-0.17999999,4.363148,0,nan,nan,0,3,0,1,10
521896000,1655588705265886,0,473989036,85719983,492446,492446,0.25,0.5,1.0,1.0,0.0,0.0,0,0,8.88,-3.09,-8.33,-0.19,4.356342,0,nan,nan,0,3,0,1,10
522696000,1655588706069886,0,473988816,85719108,492575,492575,0.25,0.5,1.0,1.0,0.0,0.0,0,0,8.559999,-2.97,-8.0199995,-0.049999997,4.357738,0,nan,nan,0,3,0,1,10
523892000,1655588707265886,0,473988494,85717829,492200,492200,0.25,0.5,1.0,1.0,0.0,0.0,0,0,8.72,-3.06,-8.17,0.66999996,4.353898,0,nan,nan,0,3,0,1,10
524692000,1655588708069886,0,473988265,85716928,491603,491603,0.25,0.5,1.0,1.0,0.0,0.0,0,0,9.25,-3.25,-8.66,0.7,4.352502,0,nan,nan,0,3,0,1,10
525896000,1655588709265886,0,473987911,85715527,491380,491380,0.25,0.5,1.0,1.0,0.0,0.0,0,0,9.29,-3.27,-8.7,-0.28,4.3523273,0,nan,nan,0,3,0,1,10
526692000,1655588710069886,0,473987679,85714612,491624,491624,0.25,0.5,1.0,1.0,0.0,0.0,0,0,8.929999,-3.1499999,-8.37,-0.28,4.3523273,0,nan,nan,0,3,0,1,10
527896000,1655588711265886,0,473987349,85713322,491809,491809,0.25,0.5,1.0,1.0,0.0,0.0,0,0,8.46,-2.98,-7.8799996,0.14,4.349884,0,nan,nan,0,3,0,1,10
528692000,1655588712069886,0,473987130,85712469,491483,491483,0.25,0.5,1.0,1.0,0.0,0.0,0,0,8.65,-3.07,-8.09,0.65,4.3490114,0,nan,nan,0,3,0,1,10
529896000,1655588713265886,0,473986783,85711116,490578,490578,0.25,0.5,1.0,1.0,0.0,0.0,0,0,9.469999,-3.35,-8.86,0.5,4.3511057,0,nan,nan,0,3,0,1,10
530696000,1655588714069886,0,473986540,85710166,490536,490536,0.25,0.5,1.0,1.0,0.0,0.0,0,0,9.38,-3.32,-8.74,-0.26999998,4.349186,0,nan,nan,0,3,0,1,10
531892000,1655588715265886,0,473986193,85708814,490983,490983,0.25,0.5,1.0,1.0,0.0,0.0,0,0,8.73,-3.11,-8.17,-0.35,4.348837,0,nan,nan,0,3,0,1,10
532696000,1655588716069886,0,473985974,85707959,491127,491127,0.25,0.5,1.0,1.0,0.0,0.0,0,0,8.4,-2.99,-7.8399997,0.07,4.347266,0,nan,nan,0,3,0,1,10
533892000,1655588717265886,0,473985647,85706686,490456,490456,0.25,0.5,1.0,1.0,0.0,0.0,0,0,8.9,-3.1399999,-8.33,0.96,4.3511057,0,nan,nan,0,3,0,1,10
534692000,1655588718069886,0,473985411,85705757,489763,489763,0.25,0.5,1.0,1.0,0.0,0.0,0,0,9.55,-3.36,-8.97,0.62,4.353898,0,nan,nan,0,3,0,1,10
535892000,1655588719265886,0,473985051,85704340,489937,489937,0.25,0.5,1.0,1.0,0.0,0.0,0,0,9.21,-3.22,-8.62,-0.53,4.3544216,0,nan,nan,0,3,0,1,10
536692000,1655588720069886,0,473984824,85703444,490332,490332,0.25,0.5,1.0,1.0,0.0,0.0,0,0,8.639999,-3.03,-8.09,-0.44,4.353549,0,nan,nan,0,3,0,1,10
537896000,1655588721265886,0,473984506,85702196,490386,490386,0.25,0.5,1.0,1.0,0.0,0.0,0,0,8.309999,-2.9399998,-7.75,0.48999998,4.349884,0,nan,nan,0,3,0,1,10
538696000,1655588722069886,0,473984286,85701336,489650,489650,0.25,0.5,1.0,1.0,0.0,0.0,0,0,8.95,-3.1599998,-8.37,1.17,4.35128,0,nan,nan,0,3,0,1,10
539896000,1655588723265886,0,473983925,85699915,488727,488727,0.25,0.5,1.0,1.0,0.0,0.0,0,0,9.78,-3.4499998,-9.179999,-0.07,4.3526764,0,nan,nan,0,3,0,1,10
540692000,1655588724069886,0,473983680,85698956,489127,489127,0.25,0.5,1.0,1.0,0.0,0.0,0,0,9.2699995,-3.26,-8.67,-0.66999996,4.3526764,0,nan,nan,0,3,0,1,10
541896000,1655588725265886,0,473983346,85697646,489804,489804,0.25,0.5,1.0,1.0,0.0,0.0,0,0,8.309999,-2.9299998,-7.7799997,-0.34,4.3519783,0,nan,nan,0,3,0,1,10
542692000,1655588726069886,0,473983135,85696826,489732,489732,0.25,0.5,1.0,1.0,0.0,0.0,0,0,8.2,-2.9099998,-7.64,0.56,4.34779,0,nan,nan,0,3,0,1,10
543896000,1655588727265886,0,473982801,85695523,488361,488361,0.25,0.5,1.0,1.0,0.0,0.0,0,0,9.469999,-3.35,-8.86,1.28,4.3504076,0,nan,nan,0,3,0,1,10
544696000,1655588728069886,0,473982714,85694815,488130,488130,0.25,0.5,1.0,1.0,0.0,0.0,0,0,4.92,0.11,-4.91,0.02,4.7363,0,nan,nan,0,3,0,1,10
545896000,1655588729265886,0,473982716,85694544,488121,488121,0.25,0.5,1.0,1.0,0.0,0.0,0,0,0.0,0.01,-0.01,-0.02,5.4199452,0,nan,nan,0,3,0,1,10
546696000,1655588730069886,0,473982715,85694544,488133,488133,0.25,0.5,1.0,1.0,0.0,0.0,0,0,0.0,-0.01,0.01,0.04,2.1799161,0,nan,nan,0,3,0,1,10
547896000,1655588731265886,0,473982716,85694544,488129,488129,0.25,0.5,1.0,1.0,0.0,0.0,0,0,0.0,-0.01,-0.01,0.0,3.8168604,0,nan,nan,0,3,0,1,10
548696000,1655588732069886,0,473982715,85694545,488132,488132,0.25,0.5,1.0,1.0,0.0,0.0,0,0,0.0,0.0,0.01,-0.04,1.2308061,0,nan,nan,0,3,0,1,10
549896000,1655588733265886,0,473982715,85694544,488125,488125,0.25,0.5,1.0,1.0,0.0,0.0,0,0,0.0,0.01,0.0,0.0,0.17732544,0,nan,nan,0,3,0,1,10
